# Blender 4.0.1
# www.blender.org
mtllib Starfish_Quad.mtl
o Starfish_Quad
v -0.011265 0.108702 -0.020345
v -0.014378 0.069160 -0.017283
v -0.037641 0.077544 -0.013770
v -0.065205 0.007078 -0.004980
v -0.101037 0.111548 -0.004314
v -0.001824 0.190503 -0.001802
v -0.100028 0.114983 -0.000668
v -0.063312 0.000080 -0.000462
v -0.069909 0.003719 0.000086
v -0.096846 0.101576 0.000233
v -0.001010 0.189686 0.002663
v -0.100088 0.113176 0.003480
v -0.063596 0.006575 0.004902
v -0.038164 0.077032 0.014229
v -0.010509 0.068874 0.016935
v -0.011574 0.109776 0.020228
v -0.009587 0.114605 -0.019382
v -0.006564 0.113805 -0.020201
v -0.007027 0.108514 -0.020810
v -0.015225 0.112819 -0.018790
v -0.013409 0.117090 -0.018535
v -0.015775 0.105930 -0.020844
v -0.018323 0.110080 -0.019796
v -0.010501 0.103140 -0.020870
v -0.014871 0.101524 -0.021718
v -0.006989 0.103892 -0.020982
v -0.018700 0.064969 -0.016938
v -0.022407 0.066748 -0.017098
v -0.019453 0.070581 -0.017191
v -0.017605 0.074567 -0.017341
v -0.013203 0.074017 -0.017650
v -0.008898 0.070380 -0.016421
v -0.008171 0.066628 -0.015558
v -0.012250 0.065159 -0.016154
v -0.016144 0.062365 -0.016391
v -0.008649 0.074082 -0.017298
v -0.033356 0.078171 -0.015923
v -0.033790 0.075421 -0.015406
v -0.036779 0.074900 -0.013362
v -0.040397 0.075560 -0.010713
v -0.043273 0.076897 -0.010695
v -0.042101 0.079283 -0.013390
v -0.039051 0.074204 -0.010796
v -0.064561 0.008966 -0.005561
v -0.063247 0.008187 -0.005555
v -0.064541 0.006212 -0.004792
v -0.065660 0.005426 -0.004380
v -0.066136 0.006802 -0.004698
v -0.065885 0.009436 -0.005367
v -0.101663 0.111203 -0.004088
v -0.101847 0.111870 -0.003468
v -0.101013 0.112116 -0.003906
v -0.099630 0.111673 -0.004945
v -0.100091 0.110936 -0.005119
v -0.100596 0.110148 -0.005154
v -0.002446 0.189184 -0.002668
v -0.003074 0.189408 -0.002406
v -0.001965 0.190941 -0.001331
v -0.001241 0.191316 -0.001180
v -0.001229 0.190706 -0.001676
v -0.001703 0.188959 -0.002842
v -0.100415 0.114714 -0.001029
v -0.101010 0.114601 -0.000494
v -0.100349 0.114939 -0.000165
v -0.099170 0.115317 0.000037
v -0.099158 0.115260 -0.000710
v -0.099318 0.115007 -0.001364
v -0.061890 0.000444 -0.000543
v -0.061855 0.000422 0.000373
v -0.063734 0.000023 0.000106
v -0.063800 0.000089 -0.001003
v -0.062011 0.000534 -0.001420
v -0.064483 0.000055 -0.000451
v -0.069702 0.003330 -0.000480
v -0.069301 0.002624 0.000023
v -0.069648 0.003280 0.000594
v -0.070329 0.005127 0.000992
v -0.070403 0.005183 0.000203
v -0.070388 0.005206 -0.000618
v -0.097521 0.102149 0.001504
v -0.099145 0.103447 0.000108
v -0.097472 0.102019 -0.001151
v -0.094383 0.099959 -0.001897
v -0.094323 0.099870 0.000197
v -0.094428 0.100137 0.002205
v -0.001129 0.190037 0.002500
v -0.001719 0.189281 0.002891
v -0.001251 0.189043 0.002970
v -0.000680 0.188905 0.002970
v -0.000608 0.189761 0.002550
v -0.000642 0.190174 0.002354
v -0.099080 0.112617 0.004353
v -0.098601 0.113498 0.003877
v -0.100133 0.113760 0.002932
v -0.101067 0.113348 0.002745
v -0.100761 0.112676 0.003560
v -0.099677 0.111717 0.004702
v -0.064823 0.006540 0.004719
v -0.064592 0.004989 0.004206
v -0.063035 0.005560 0.004576
v -0.063128 0.008252 0.005586
v -0.064613 0.008800 0.005542
v -0.061759 0.007446 0.005334
v -0.037215 0.074277 0.014146
v -0.034706 0.074432 0.015912
v -0.034066 0.077020 0.015942
v -0.042276 0.079087 0.013684
v -0.043362 0.076894 0.011031
v -0.040439 0.075507 0.011156
v -0.039005 0.073956 0.011447
v -0.037534 0.080920 0.016550
v -0.041706 0.082127 0.016487
v -0.033590 0.080484 0.017277
v -0.015102 0.070381 0.017923
v -0.017820 0.066552 0.017522
v -0.014447 0.064527 0.016948
v -0.009167 0.074136 0.018070
v -0.013326 0.074674 0.018257
v -0.012119 0.061948 0.015508
v -0.008492 0.064762 0.015488
v -0.004945 0.070119 0.016579
v -0.004702 0.074560 0.017311
v -0.004534 0.066260 0.015778
v -0.007166 0.109565 0.020631
v -0.006651 0.114533 0.020229
v -0.009965 0.115307 0.019301
v -0.013909 0.117643 0.018331
v -0.015640 0.113582 0.018406
v -0.018934 0.110775 0.019474
v -0.016275 0.106851 0.020852
v -0.015161 0.102323 0.021772
v -0.010814 0.104083 0.020973
v -0.007191 0.104815 0.021087
v -0.003779 0.105071 0.021128
v -0.003739 0.109512 0.020837
v -0.010614 0.099282 0.021698
v -0.007022 0.100185 0.021391
v -0.003609 0.100566 0.021379
v -0.000179 0.105110 0.020839
v -0.006854 0.095770 0.021349
v -0.003411 0.096150 0.021360
v -0.003320 0.092027 0.020360
v -0.000179 0.092051 0.020633
v -0.000179 0.109503 0.020710
v -0.000179 0.114211 0.020278
v -0.003505 0.114253 0.020251
v -0.003155 0.119181 0.019414
v -0.006104 0.119588 0.019723
v -0.000179 0.119146 0.019695
v -0.000179 0.124100 0.019021
v -0.002768 0.124136 0.018613
v -0.000179 0.133506 0.017253
v -0.002882 0.133491 0.016913
v -0.002687 0.128913 0.017708
v -0.005829 0.133771 0.016934
v -0.005516 0.129261 0.017961
v -0.005637 0.124520 0.018922
v -0.008578 0.129663 0.017086
v -0.008671 0.125059 0.018020
v -0.009125 0.120263 0.018634
v -0.011746 0.125974 0.016945
v -0.012569 0.121688 0.017775
v -0.014568 0.127013 0.015743
v -0.015558 0.123259 0.016303
v -0.017064 0.119639 0.016678
v -0.017857 0.124358 0.014212
v -0.019465 0.121203 0.014563
v -0.021399 0.118331 0.014770
v -0.019038 0.116415 0.017099
v -0.023554 0.115762 0.014713
v -0.021554 0.113667 0.017426
v -0.026073 0.113708 0.014681
v -0.024445 0.111442 0.017711
v -0.022273 0.108449 0.020108
v -0.027479 0.109859 0.017932
v -0.025867 0.106779 0.020490
v -0.024586 0.103245 0.021891
v -0.020436 0.104739 0.021511
v -0.023796 0.099339 0.022617
v -0.019550 0.100621 0.022050
v -0.023556 0.095342 0.022399
v -0.019205 0.096372 0.022161
v -0.014833 0.097838 0.021900
v -0.019219 0.092913 0.022522
v -0.014780 0.094055 0.022102
v -0.010606 0.095102 0.021570
v -0.014869 0.090787 0.021578
v -0.010779 0.091451 0.020904
v -0.006897 0.091819 0.020541
v -0.011130 0.087732 0.019888
v -0.007148 0.087735 0.020037
v -0.003481 0.087796 0.019524
v -0.007648 0.083394 0.019464
v -0.003836 0.083423 0.019339
v -0.000179 0.083521 0.019003
v -0.004292 0.079053 0.018251
v -0.000179 0.074748 0.017634
v -0.000179 0.070507 0.016796
v -0.000179 0.066773 0.015583
v -0.003884 0.062544 0.014476
v -0.000179 0.063080 0.014101
v -0.000179 0.059666 0.012749
v -0.003380 0.141703 0.014976
v -0.003171 0.137705 0.015820
v -0.006513 0.141846 0.014806
v -0.006222 0.137930 0.015798
v -0.009207 0.141905 0.013983
v -0.009065 0.138068 0.014904
v -0.008791 0.134016 0.015971
v -0.011520 0.138232 0.014096
v -0.011452 0.134333 0.015037
v -0.011451 0.130255 0.016001
v -0.013813 0.134653 0.014083
v -0.014058 0.130856 0.014936
v -0.015718 0.134790 0.012352
v -0.016100 0.131192 0.013058
v -0.016763 0.127692 0.013702
v -0.017552 0.131367 0.010606
v -0.018260 0.128081 0.011013
v -0.019369 0.125002 0.011298
v -0.019295 0.128397 0.007777
v -0.020380 0.125482 0.007786
v -0.022025 0.122909 0.007841
v -0.020978 0.122200 0.011482
v -0.023948 0.120587 0.007833
v -0.022874 0.119626 0.011529
v -0.025909 0.118396 0.007717
v -0.024950 0.117312 0.011396
v -0.028234 0.116738 0.007655
v -0.027326 0.115460 0.011332
v -0.030843 0.115670 0.007669
v -0.029974 0.114157 0.011366
v -0.028847 0.112232 0.014771
v -0.032786 0.113324 0.011444
v -0.031817 0.111326 0.014926
v -0.030705 0.108862 0.018146
v -0.034895 0.110823 0.015067
v -0.034005 0.108338 0.018222
v -0.033180 0.105355 0.020725
v -0.029559 0.105834 0.020699
v -0.032468 0.101828 0.022229
v -0.028596 0.102292 0.022143
v -0.031991 0.097996 0.022806
v -0.027957 0.098423 0.022686
v -0.031934 0.094573 0.022877
v -0.027827 0.094769 0.022679
v -0.032126 0.091771 0.022947
v -0.028028 0.091810 0.022946
v -0.023715 0.092195 0.022810
v -0.028394 0.089162 0.022222
v -0.024020 0.089483 0.022191
v -0.019417 0.090051 0.022017
v -0.024397 0.087034 0.020598
v -0.019783 0.087378 0.020546
v -0.015281 0.087636 0.020173
v -0.020157 0.083996 0.019452
v -0.015709 0.083787 0.019547
v -0.011566 0.083588 0.019227
v -0.016345 0.079766 0.018317
v -0.012208 0.079173 0.018525
v -0.008322 0.078823 0.018822
v -0.017542 0.075616 0.017817
v -0.020764 0.080179 0.018613
v -0.021944 0.076452 0.017909
v -0.023603 0.072882 0.017939
v -0.019379 0.071770 0.017883
v -0.025691 0.069680 0.017263
v -0.021712 0.068292 0.017476
v -0.024436 0.065114 0.017086
v -0.020770 0.063173 0.016998
v -0.028226 0.066769 0.017113
v -0.030626 0.064003 0.016729
v -0.027077 0.062285 0.016761
v -0.029552 0.070818 0.017102
v -0.031463 0.067981 0.017010
v -0.033542 0.065276 0.016627
v -0.035641 0.062669 0.015828
v -0.033024 0.061337 0.016308
v -0.033918 0.068856 0.016749
v -0.035642 0.066188 0.016419
v -0.037545 0.063621 0.015779
v -0.039564 0.060918 0.015418
v -0.037763 0.059935 0.015534
v -0.037451 0.067101 0.015977
v -0.039242 0.064627 0.015394
v -0.041123 0.061930 0.014767
v -0.042979 0.058992 0.013985
v -0.041551 0.057976 0.014923
v -0.040306 0.065488 0.013983
v -0.042009 0.062783 0.013265
v -0.043771 0.059890 0.012403
v -0.045570 0.056868 0.011468
v -0.044863 0.055986 0.013100
v -0.042294 0.063380 0.011168
v -0.043912 0.060545 0.010384
v -0.045825 0.057595 0.009518
v -0.047814 0.054528 0.008688
v -0.047498 0.053788 0.010600
v -0.043973 0.061128 0.007935
v -0.045941 0.058297 0.007279
v -0.047887 0.055185 0.006539
v -0.049804 0.051994 0.005844
v -0.049787 0.051436 0.007930
v -0.045786 0.058841 0.003855
v -0.047773 0.055772 0.003267
v -0.049726 0.052524 0.002796
v -0.051713 0.049287 0.002458
v -0.051763 0.048824 0.005263
v -0.047633 0.055969 -0.000710
v -0.049634 0.052705 -0.000889
v -0.051774 0.049474 -0.000869
v -0.053949 0.046183 -0.000783
v -0.053753 0.046012 0.002212
v -0.050040 0.052791 -0.003988
v -0.052193 0.049489 -0.003750
v -0.054380 0.046163 -0.003316
v -0.056397 0.042672 -0.002841
v -0.056083 0.042758 -0.000597
v -0.052556 0.049330 -0.005946
v -0.054605 0.045893 -0.005395
v -0.056535 0.042392 -0.004894
v -0.058362 0.038870 -0.004535
v -0.058371 0.039192 -0.002532
v -0.054406 0.045395 -0.007336
v -0.056294 0.041906 -0.006789
v -0.058104 0.038428 -0.006376
v -0.059879 0.034983 -0.005945
v -0.060105 0.035363 -0.004208
v -0.055648 0.041287 -0.008420
v -0.057503 0.037861 -0.007965
v -0.059357 0.034463 -0.007440
v -0.061235 0.031073 -0.006768
v -0.061709 0.031562 -0.005393
v -0.056582 0.037159 -0.009314
v -0.058555 0.033801 -0.008689
v -0.060443 0.030418 -0.007869
v -0.062317 0.027114 -0.007108
v -0.063136 0.027762 -0.006149
v -0.057422 0.032936 -0.009701
v -0.059378 0.029629 -0.008717
v -0.061229 0.026379 -0.007749
v -0.063030 0.023266 -0.007113
v -0.064101 0.023981 -0.006590
v -0.057999 0.028658 -0.009428
v -0.059894 0.025511 -0.008292
v -0.061805 0.022480 -0.007554
v -0.063600 0.019404 -0.007026
v -0.064770 0.020110 -0.006666
v -0.058381 0.024520 -0.008810
v -0.060431 0.021591 -0.008007
v -0.062347 0.018631 -0.007360
v -0.063921 0.015435 -0.006639
v -0.065156 0.016122 -0.006348
v -0.058753 0.020488 -0.008420
v -0.060757 0.017575 -0.007722
v -0.062448 0.014559 -0.006932
v -0.063652 0.011604 -0.006140
v -0.065044 0.012285 -0.005901
v -0.058654 0.016137 -0.007945
v -0.060580 0.013374 -0.007073
v -0.062056 0.010715 -0.006263
v -0.058745 0.012201 -0.006693
v -0.060494 0.009715 -0.006021
v -0.061997 0.007385 -0.005347
v -0.063561 0.005556 -0.004683
v -0.059194 0.008728 -0.005683
v -0.060912 0.006535 -0.005066
v -0.062667 0.004764 -0.004477
v -0.064252 0.003628 -0.004003
v -0.064897 0.004553 -0.004209
v -0.059966 0.005684 -0.004766
v -0.061873 0.003932 -0.004252
v -0.063625 0.002749 -0.003762
v -0.064989 0.002095 -0.003303
v -0.065493 0.003016 -0.003602
v -0.061170 0.003129 -0.003961
v -0.063084 0.001898 -0.003456
v -0.064601 0.001273 -0.002945
v -0.065673 0.000989 -0.002361
v -0.066038 0.001713 -0.002840
v -0.062627 0.001239 -0.002959
v -0.064260 0.000619 -0.002402
v -0.065289 0.000463 -0.001757
v -0.065938 0.000466 -0.001136
v -0.066383 0.000898 -0.001770
v -0.063991 0.000227 -0.001684
v -0.064895 0.000155 -0.001079
v -0.065428 0.000176 -0.000487
v -0.064833 0.000047 0.000118
v -0.065118 0.000139 0.000762
v -0.065849 0.000246 0.000111
v -0.066431 0.000486 -0.000547
v -0.066863 0.000615 0.000076
v -0.067397 0.000938 -0.000581
v -0.066928 0.000887 -0.001183
v -0.066237 0.000422 0.000747
v -0.065425 0.000353 0.001421
v -0.065762 0.000753 0.002047
v -0.066609 0.000760 0.001379
v -0.067278 0.000875 0.000711
v -0.066995 0.001298 0.001997
v -0.067669 0.001353 0.001347
v -0.068187 0.001528 0.000679
v -0.067792 0.001165 0.000045
v -0.068618 0.001844 0.000021
v -0.068273 0.001603 -0.000597
v -0.067884 0.001471 -0.001204
v -0.068792 0.002250 -0.001219
v -0.068412 0.002211 -0.001812
v -0.067889 0.002287 -0.002345
v -0.067395 0.001455 -0.001792
v -0.067266 0.002419 -0.002831
v -0.066803 0.001526 -0.002347
v -0.066477 0.002665 -0.003240
v -0.067780 0.003607 -0.003230
v -0.066964 0.003775 -0.003552
v -0.066032 0.004051 -0.003856
v -0.067467 0.005123 -0.003867
v -0.066558 0.005234 -0.004127
v -0.067918 0.007208 -0.004383
v -0.066997 0.007030 -0.004560
v -0.067896 0.010045 -0.004939
v -0.066938 0.009764 -0.005158
v -0.067338 0.013299 -0.005444
v -0.066268 0.012840 -0.005659
v -0.066284 0.016723 -0.006053
v -0.068337 0.013733 -0.005169
v -0.067304 0.017273 -0.005710
v -0.065832 0.020731 -0.006232
v -0.068184 0.017758 -0.005182
v -0.066705 0.021287 -0.005571
v -0.064956 0.024592 -0.005802
v -0.067092 0.021659 -0.004475
v -0.065328 0.024980 -0.004622
v -0.063516 0.028177 -0.004853
v -0.065298 0.025167 -0.003247
v -0.063563 0.028428 -0.003408
v -0.061834 0.031878 -0.003799
v -0.063496 0.028618 -0.001856
v -0.061854 0.032136 -0.002033
v -0.060184 0.035670 -0.002282
v -0.061810 0.032293 -0.000242
v -0.060009 0.035790 -0.000300
v -0.058101 0.039278 -0.000409
v -0.059665 0.035678 0.001688
v -0.057797 0.039176 0.001811
v -0.055830 0.042640 0.001990
v -0.057674 0.038950 0.003753
v -0.055761 0.042339 0.004157
v -0.053753 0.045624 0.004705
v -0.055644 0.041917 0.005962
v -0.053677 0.045129 0.006559
v -0.051712 0.048288 0.007234
v -0.053334 0.044506 0.008298
v -0.051377 0.047619 0.009021
v -0.049441 0.050727 0.009793
v -0.050627 0.046777 0.010552
v -0.048683 0.049838 0.011371
v -0.046774 0.052920 0.012222
v -0.047472 0.048824 0.012516
v -0.045531 0.051898 0.013385
v -0.043548 0.054962 0.014145
v -0.043876 0.050795 0.014044
v -0.041832 0.053912 0.014543
v -0.039821 0.057024 0.015118
v -0.039845 0.052769 0.015050
v -0.037618 0.055796 0.015488
v -0.035373 0.058642 0.015936
v -0.034790 0.054044 0.015969
v -0.032266 0.056836 0.016414
v -0.029706 0.059546 0.016667
v -0.029191 0.054738 0.016483
v -0.026442 0.057456 0.016830
v -0.023646 0.060205 0.016922
v -0.023592 0.055146 0.016404
v -0.020657 0.057919 0.016568
v -0.017689 0.060988 0.016720
v -0.018186 0.055604 0.015244
v -0.015231 0.058563 0.015360
v -0.016225 0.053371 0.013972
v -0.013216 0.056048 0.014231
v -0.010207 0.058991 0.014787
v -0.011583 0.053902 0.013686
v -0.008767 0.056461 0.013670
v -0.006043 0.058139 0.013402
v -0.007012 0.061311 0.014955
v -0.003268 0.059143 0.012977
v -0.005378 0.055330 0.011439
v -0.002841 0.056138 0.011083
v -0.000179 0.056481 0.010937
v -0.002465 0.053158 0.009098
v -0.000179 0.053516 0.008828
v -0.000179 0.149284 0.013363
v -0.003611 0.149322 0.013366
v -0.003533 0.145527 0.014033
v -0.006713 0.149381 0.013059
v -0.006665 0.145625 0.013880
v -0.009068 0.149419 0.012499
v -0.009180 0.145671 0.013213
v -0.011163 0.149466 0.011837
v -0.011369 0.145739 0.012514
v -0.011516 0.141997 0.013247
v -0.013289 0.145800 0.011584
v -0.013533 0.142091 0.012299
v -0.013716 0.138379 0.013174
v -0.015166 0.142099 0.010854
v -0.015437 0.138408 0.011579
v -0.016360 0.141984 0.008855
v -0.016640 0.138358 0.009464
v -0.017054 0.134816 0.010085
v -0.017469 0.138238 0.006864
v -0.017937 0.134796 0.007289
v -0.018590 0.131527 0.007644
v -0.018435 0.134778 0.003887
v -0.019123 0.131618 0.003945
v -0.019835 0.128587 0.003933
v -0.019289 0.131638 -0.000097
v -0.019971 0.128629 -0.000154
v -0.021312 0.125970 -0.000201
v -0.021095 0.125854 0.003912
v -0.023009 0.123614 -0.000241
v -0.022783 0.123443 0.003896
v -0.024928 0.121477 -0.000271
v -0.024682 0.121250 0.003860
v -0.026871 0.119479 -0.000288
v -0.026528 0.119105 0.003747
v -0.029010 0.117938 -0.000315
v -0.028739 0.117457 0.003673
v -0.031568 0.117139 -0.000335
v -0.031340 0.116558 0.003682
v -0.034248 0.116450 -0.000348
v -0.034045 0.115847 0.003693
v -0.033544 0.114864 0.007678
v -0.036856 0.115529 0.003751
v -0.036397 0.114518 0.007778
v -0.035722 0.112880 0.011553
v -0.039365 0.114382 0.007880
v -0.038765 0.112702 0.011665
v -0.038055 0.110580 0.015138
v -0.041885 0.112617 0.011718
v -0.041288 0.110557 0.015175
v -0.040720 0.108184 0.018161
v -0.037349 0.108129 0.018214
v -0.040271 0.105470 0.020613
v -0.036748 0.105270 0.020682
v -0.039943 0.102223 0.022308
v -0.036235 0.101842 0.022264
v -0.039840 0.098606 0.022948
v -0.035890 0.098094 0.022903
v -0.039964 0.095509 0.023056
v -0.035899 0.094867 0.022990
v -0.040212 0.092827 0.023021
v -0.036155 0.092146 0.022950
v -0.040472 0.090330 0.022331
v -0.036433 0.089580 0.022295
v -0.032394 0.089141 0.022262
v -0.036696 0.087414 0.020513
v -0.032824 0.086774 0.020561
v -0.028868 0.086779 0.020405
v -0.033195 0.083810 0.018777
v -0.029126 0.083803 0.018724
v -0.024682 0.084053 0.019091
v -0.029520 0.080369 0.018008
v -0.025182 0.080424 0.018457
v -0.030375 0.077159 0.017301
v -0.026273 0.076979 0.017838
v -0.031652 0.074228 0.016980
v -0.027815 0.073736 0.017495
v -0.032792 0.071584 0.016882
v -0.035201 0.072076 0.016160
v -0.036000 0.069605 0.016239
v -0.037115 0.072337 0.014475
v -0.037596 0.070147 0.014699
v -0.038690 0.067898 0.014553
v -0.038569 0.070244 0.012168
v -0.039432 0.068219 0.012236
v -0.040690 0.065971 0.012078
v -0.040001 0.068154 0.008910
v -0.041022 0.066106 0.008799
v -0.042367 0.063771 0.008489
v -0.041790 0.066111 0.004638
v -0.042777 0.064118 0.004680
v -0.044092 0.061646 0.004319
v -0.042808 0.064204 0.000035
v -0.043910 0.061838 -0.000224
v -0.045582 0.059130 -0.000487
v -0.043968 0.062169 -0.004360
v -0.045871 0.059288 -0.004237
v -0.048000 0.056148 -0.004095
v -0.046217 0.059296 -0.007136
v -0.048408 0.056148 -0.006761
v -0.050494 0.052746 -0.006419
v -0.048047 0.055628 -0.009125
v -0.050220 0.052260 -0.008559
v -0.052374 0.048826 -0.007972
v -0.049487 0.051430 -0.010419
v -0.051689 0.048097 -0.009705
v -0.053745 0.044698 -0.009007
v -0.050643 0.047113 -0.011189
v -0.052714 0.043826 -0.010447
v -0.054653 0.040511 -0.009841
v -0.051323 0.042752 -0.011666
v -0.053312 0.039525 -0.010982
v -0.055336 0.036236 -0.010401
v -0.051708 0.038378 -0.011883
v -0.053796 0.035138 -0.011242
v -0.055964 0.031855 -0.010498
v -0.052023 0.033925 -0.011786
v -0.054222 0.030676 -0.011005
v -0.056304 0.027540 -0.009940
v -0.052236 0.029475 -0.011144
v -0.054437 0.026399 -0.010151
v -0.056647 0.023398 -0.009198
v -0.052241 0.025110 -0.010070
v -0.054378 0.022023 -0.009302
v -0.056519 0.019034 -0.008609
v -0.051943 0.020552 -0.009030
v -0.054250 0.017611 -0.008354
v -0.056586 0.014842 -0.007597
v -0.052713 0.016583 -0.007780
v -0.055116 0.013909 -0.006996
v -0.057315 0.011219 -0.006244
v -0.053865 0.012987 -0.006536
v -0.056096 0.010312 -0.005959
v -0.058061 0.007828 -0.005383
v -0.055002 0.009521 -0.005568
v -0.057077 0.007036 -0.005004
v -0.059144 0.004917 -0.004418
v -0.056249 0.006428 -0.004338
v -0.058389 0.004261 -0.003828
v -0.060545 0.002451 -0.003426
v -0.057794 0.003808 -0.002980
v -0.060069 0.002028 -0.002610
v -0.062257 0.000777 -0.002236
v -0.059774 0.001848 -0.001660
v -0.057428 0.003633 -0.001953
v -0.057215 0.003576 -0.000868
v -0.059609 0.001772 -0.000689
v -0.057172 0.003568 0.000196
v -0.059561 0.001746 0.000279
v -0.057220 0.003551 0.001257
v -0.059615 0.001752 0.001213
v -0.061917 0.000507 0.001157
v -0.063826 0.000036 0.000760
v -0.059795 0.001841 0.002154
v -0.062103 0.000660 0.001957
v -0.063993 0.000182 0.001421
v -0.062404 0.001004 0.002658
v -0.064258 0.000464 0.002095
v -0.062770 0.001569 0.003172
v -0.064562 0.000969 0.002674
v -0.063193 0.002260 0.003509
v -0.064886 0.001693 0.003062
v -0.066105 0.001393 0.002561
v -0.065231 0.002585 0.003355
v -0.066431 0.002285 0.002968
v -0.067363 0.002109 0.002533
v -0.066783 0.003440 0.003299
v -0.067730 0.003295 0.002953
v -0.068514 0.003202 0.002503
v -0.068066 0.002075 0.001948
v -0.069078 0.003191 0.001912
v -0.068596 0.002139 0.001301
v -0.069455 0.003195 0.001243
v -0.068993 0.002295 0.000636
v -0.069064 0.002378 -0.000601
v -0.069618 0.003313 -0.001118
v -0.069376 0.003318 -0.001764
v -0.070294 0.005188 -0.001374
v -0.070058 0.005113 -0.002105
v -0.069652 0.005091 -0.002747
v -0.069006 0.003355 -0.002342
v -0.069027 0.005106 -0.003240
v -0.068454 0.003449 -0.002846
v -0.068279 0.005102 -0.003616
v -0.069484 0.007437 -0.003697
v -0.068731 0.007312 -0.004113
v -0.069578 0.010566 -0.004228
v -0.068838 0.010311 -0.004645
v -0.069213 0.014115 -0.004713
v -0.070210 0.010837 -0.003525
v -0.069727 0.014461 -0.003882
v -0.068628 0.018129 -0.004216
v -0.069893 0.014718 -0.002853
v -0.068632 0.018339 -0.003065
v -0.067048 0.021867 -0.003201
v -0.068556 0.018490 -0.001836
v -0.066932 0.022039 -0.001853
v -0.065189 0.025297 -0.001791
v -0.066821 0.022089 -0.000424
v -0.065074 0.025351 -0.000308
v -0.063393 0.028747 -0.000238
v -0.065013 0.025324 0.001263
v -0.063277 0.028748 0.001466
v -0.061571 0.032252 0.001605
v -0.063241 0.028659 0.003194
v -0.061431 0.032136 0.003406
v -0.059517 0.035543 0.003536
v -0.061372 0.032012 0.005071
v -0.059471 0.035371 0.005278
v -0.057537 0.038622 0.005538
v -0.059049 0.034939 0.006909
v -0.057138 0.038165 0.007188
v -0.055277 0.041369 0.007664
v -0.056346 0.037483 0.008601
v -0.054471 0.040609 0.009106
v -0.052562 0.043689 0.009776
v -0.053322 0.039682 0.010218
v -0.051403 0.042734 0.010903
v -0.049467 0.045790 0.011710
v -0.049966 0.041690 0.011704
v -0.047987 0.044719 0.012511
v -0.045883 0.047745 0.013199
v -0.046238 0.043569 0.012962
v -0.044097 0.046606 0.013666
v -0.041960 0.049673 0.014436
v -0.041948 0.045169 0.014098
v -0.039593 0.048171 0.014796
v -0.037249 0.051165 0.015617
v -0.037063 0.046333 0.015102
v -0.034516 0.049289 0.015650
v -0.031895 0.052036 0.016075
v -0.032027 0.047097 0.015807
v -0.029322 0.049805 0.016107
v -0.026483 0.052445 0.016429
v -0.027067 0.047688 0.014977
v -0.024166 0.050236 0.015277
v -0.021170 0.052853 0.015283
v -0.022173 0.048219 0.013775
v -0.019237 0.050808 0.013857
v -0.020349 0.046314 0.012444
v -0.017541 0.048873 0.012741
v -0.014647 0.051322 0.013084
v -0.016033 0.047182 0.011305
v -0.013384 0.049811 0.011599
v -0.010567 0.052094 0.011839
v -0.012410 0.048404 0.009285
v -0.009864 0.050367 0.009433
v -0.007204 0.051661 0.009531
v -0.007898 0.054122 0.011731
v -0.004748 0.052534 0.009350
v -0.006567 0.049534 0.006686
v -0.004321 0.050197 0.006652
v -0.002215 0.050511 0.006660
v -0.004073 0.048643 0.003480
v -0.002080 0.048674 0.003590
v -0.000179 0.048806 0.003592
v -0.000179 0.050734 0.006542
v -0.000179 0.052791 -0.007722
v -0.002317 0.052357 -0.008220
v -0.002571 0.054910 -0.010310
v -0.002122 0.049934 -0.006115
v -0.004155 0.049757 -0.006100
v -0.004540 0.051944 -0.008442
v -0.002037 0.048479 -0.003172
v -0.003968 0.048374 -0.003171
v -0.006019 0.048102 -0.003181
v -0.006307 0.049218 -0.006185
v -0.002027 0.048121 0.000170
v -0.003938 0.048026 0.000126
v -0.005939 0.047682 0.000058
v -0.008097 0.046765 -0.000045
v -0.008214 0.047266 -0.003269
v -0.006169 0.048290 0.003378
v -0.008412 0.047272 0.003302
v -0.010786 0.045861 0.003145
v -0.010418 0.045452 -0.000182
v -0.008990 0.048467 0.006637
v -0.011461 0.046864 0.006473
v -0.013905 0.044826 0.006213
v -0.013203 0.044000 0.002925
v -0.014860 0.045921 0.009108
v -0.017304 0.043384 0.008707
v -0.016283 0.042482 0.005872
v -0.018688 0.044665 0.010861
v -0.021277 0.042109 0.010255
v -0.019788 0.040894 0.008059
v -0.023030 0.043760 0.011957
v -0.025553 0.041185 0.011474
v -0.023697 0.039520 0.009688
v -0.024994 0.045697 0.013456
v -0.027637 0.043131 0.013051
v -0.030121 0.040515 0.012551
v -0.027969 0.038590 0.010942
v -0.029768 0.045074 0.014614
v -0.032315 0.042412 0.014108
v -0.034740 0.039613 0.013553
v -0.032472 0.037839 0.011989
v -0.034597 0.044308 0.015218
v -0.037051 0.041387 0.014638
v -0.039456 0.038479 0.013896
v -0.037045 0.036796 0.012879
v -0.039497 0.043365 0.014540
v -0.041906 0.040395 0.013876
v -0.044213 0.037443 0.013017
v -0.041739 0.035542 0.013023
v -0.044245 0.042186 0.013402
v -0.046485 0.039201 0.012637
v -0.048675 0.036201 0.011937
v -0.046463 0.034479 0.012252
v -0.048332 0.040540 0.012224
v -0.050390 0.037512 0.011537
v -0.052458 0.034457 0.010915
v -0.050777 0.033166 0.011241
v -0.051941 0.038655 0.010991
v -0.053967 0.035610 0.010446
v -0.056051 0.032539 0.009947
v -0.054526 0.031395 0.010315
v -0.055247 0.036612 0.009643
v -0.057278 0.033493 0.009192
v -0.059306 0.030296 0.008696
v -0.058056 0.029395 0.009278
v -0.058293 0.034299 0.008200
v -0.060267 0.031036 0.007765
v -0.062273 0.027703 0.007326
v -0.061279 0.027000 0.008134
v -0.060972 0.031637 0.006554
v -0.062941 0.028232 0.006188
v -0.064867 0.024793 0.005784
v -0.064264 0.024314 0.006876
v -0.063233 0.028534 0.004789
v -0.065125 0.025099 0.004442
v -0.066869 0.021625 0.003966
v -0.066740 0.021321 0.005276
v -0.065063 0.025229 0.002888
v -0.066823 0.021844 0.002520
v -0.068409 0.018376 0.002091
v -0.068481 0.018143 0.003412
v -0.066774 0.022012 0.001012
v -0.068402 0.018510 0.000741
v -0.069852 0.014913 0.000613
v -0.069808 0.014773 0.001787
v -0.068468 0.018546 -0.000530
v -0.069885 0.014960 -0.000573
v -0.070555 0.011355 -0.000586
v -0.070551 0.011331 0.000472
v -0.069904 0.014890 -0.001743
v -0.070549 0.011285 -0.001583
v -0.070713 0.007918 -0.001459
v -0.070759 0.007963 -0.000580
v -0.070484 0.011082 -0.002620
v -0.070562 0.007783 -0.002345
v -0.070135 0.007592 -0.003127
v -0.070763 0.007951 0.000363
v -0.070701 0.007883 0.001261
v -0.070543 0.011210 0.001491
v -0.070516 0.007703 0.002166
v -0.070416 0.010924 0.002601
v -0.069704 0.014506 0.002969
v -0.070019 0.010577 0.003547
v -0.069397 0.014128 0.004048
v -0.068287 0.017763 0.004646
v -0.068782 0.013691 0.004909
v -0.067638 0.017264 0.005595
v -0.066138 0.020833 0.006345
v -0.066614 0.016720 0.006132
v -0.065141 0.020231 0.007017
v -0.063278 0.023671 0.007620
v -0.063880 0.019561 0.007396
v -0.062000 0.022915 0.007994
v -0.060023 0.026183 0.008578
v -0.060538 0.022046 0.008207
v -0.058562 0.025241 0.008840
v -0.056574 0.028323 0.009613
v -0.056914 0.024118 0.009079
v -0.054897 0.027108 0.009809
v -0.052847 0.030128 0.010522
v -0.052774 0.025541 0.010009
v -0.050710 0.028506 0.010715
v -0.048615 0.031501 0.011469
v -0.048182 0.026652 0.010728
v -0.046072 0.029603 0.011473
v -0.043928 0.032565 0.012270
v -0.043604 0.028054 0.010702
v -0.041426 0.031000 0.011389
v -0.039270 0.033933 0.012103
v -0.039176 0.029542 0.010153
v -0.036948 0.032362 0.010749
v -0.034728 0.035122 0.011379
v -0.035033 0.030823 0.009281
v -0.032673 0.033425 0.009773
v -0.030317 0.036008 0.010341
v -0.030947 0.031860 0.008011
v -0.028519 0.034410 0.008487
v -0.026105 0.036973 0.009075
v -0.027043 0.033169 0.006306
v -0.024580 0.035743 0.006854
v -0.022191 0.038322 0.007410
v -0.023522 0.034982 0.004182
v -0.021104 0.037547 0.004730
v -0.018694 0.040096 0.005333
v -0.020441 0.037172 0.001710
v -0.018037 0.039590 0.002212
v -0.015663 0.041909 0.002600
v -0.017776 0.039458 -0.001022
v -0.015431 0.041769 -0.000669
v -0.012882 0.043718 -0.000385
v -0.015606 0.042144 -0.003701
v -0.013099 0.044232 -0.003516
v -0.010595 0.045949 -0.003383
v -0.013632 0.045090 -0.006420
v -0.011092 0.046902 -0.006400
v -0.008591 0.048257 -0.006322
v -0.012063 0.048506 -0.008964
v -0.009448 0.050104 -0.008859
v -0.006921 0.051224 -0.008667
v -0.010272 0.051863 -0.011287
v -0.007622 0.053421 -0.010914
v -0.005048 0.054369 -0.010528
v -0.008381 0.055703 -0.012923
v -0.005685 0.057050 -0.012347
v -0.002949 0.057801 -0.012003
v -0.006365 0.059825 -0.014047
v -0.003383 0.060894 -0.013334
v -0.000179 0.061364 -0.012905
v -0.003765 0.063992 -0.014796
v -0.000179 0.074344 -0.017177
v -0.000179 0.077936 -0.017584
v -0.000179 0.156654 0.011684
v -0.000179 0.152992 0.012516
v -0.003635 0.156669 0.011584
v -0.003640 0.153007 0.012449
v -0.006515 0.156777 0.011368
v -0.006673 0.153099 0.012242
v -0.008630 0.156855 0.010863
v -0.008907 0.153142 0.011710
v -0.010515 0.156933 0.010269
v -0.010894 0.153197 0.011061
v -0.012094 0.156955 0.009430
v -0.012584 0.153218 0.010161
v -0.012954 0.149494 0.010867
v -0.013969 0.153157 0.008876
v -0.014420 0.149449 0.009480
v -0.014780 0.145750 0.010097
v -0.015421 0.149305 0.007667
v -0.015846 0.145593 0.008180
v -0.016119 0.149109 0.005561
v -0.016561 0.145398 0.005919
v -0.017049 0.141781 0.006366
v -0.017009 0.145245 0.003341
v -0.017467 0.141610 0.003546
v -0.017922 0.138115 0.003758
v -0.017717 0.141543 0.000189
v -0.018193 0.138081 0.000077
v -0.018639 0.134791 -0.000012
v -0.017800 0.138107 -0.003655
v -0.018052 0.134717 -0.003970
v -0.018825 0.131577 -0.004167
v -0.017772 0.134844 -0.007380
v -0.018447 0.131563 -0.007843
v -0.019262 0.128409 -0.008094
v -0.019642 0.128525 -0.004267
v -0.020329 0.125426 -0.008197
v -0.020869 0.125721 -0.004313
v -0.021812 0.122707 -0.008259
v -0.022580 0.123272 -0.004358
v -0.023567 0.120212 -0.008260
v -0.024460 0.121019 -0.004363
v -0.025574 0.118020 -0.008233
v -0.026305 0.118839 -0.004272
v -0.027994 0.116415 -0.008249
v -0.028583 0.117226 -0.004258
v -0.030612 0.115277 -0.008289
v -0.031226 0.116380 -0.004344
v -0.033342 0.114593 -0.008353
v -0.033938 0.115782 -0.004410
v -0.036252 0.114481 -0.008540
v -0.036783 0.115444 -0.004477
v -0.037019 0.115989 -0.000364
v -0.039726 0.115304 -0.004519
v -0.039908 0.115858 -0.000349
v -0.039768 0.115407 0.003819
v -0.042929 0.115716 -0.000324
v -0.042794 0.115288 0.003872
v -0.042414 0.114213 0.007920
v -0.045899 0.115159 0.003926
v -0.045569 0.114221 0.008010
v -0.045103 0.112656 0.011787
v -0.048819 0.114143 0.008065
v -0.048432 0.112634 0.011802
v -0.047989 0.110851 0.015174
v -0.044586 0.110650 0.015174
v -0.047607 0.108847 0.017998
v -0.044108 0.108436 0.018088
v -0.047381 0.106555 0.020231
v -0.043803 0.105929 0.020474
v -0.047360 0.103811 0.021924
v -0.043682 0.102923 0.022160
v -0.047536 0.100651 0.022600
v -0.043726 0.099498 0.022850
v -0.047872 0.097552 0.022809
v -0.043952 0.096407 0.022938
v -0.048248 0.094918 0.022680
v -0.044265 0.093797 0.022765
v -0.048602 0.092386 0.022077
v -0.044587 0.091338 0.022220
v -0.048869 0.090229 0.020673
v -0.044795 0.089296 0.020689
v -0.040717 0.088201 0.020769
v -0.045197 0.086805 0.018511
v -0.041160 0.085431 0.018770
v -0.036919 0.084760 0.018134
v -0.045907 0.083530 0.016468
v -0.049289 0.088009 0.018583
v -0.050092 0.084969 0.016537
v -0.050748 0.082286 0.013913
v -0.046483 0.080776 0.013804
v -0.051364 0.079885 0.011048
v -0.047162 0.078452 0.011030
v -0.051750 0.078101 0.007654
v -0.047751 0.076735 0.007813
v -0.044362 0.075556 0.007773
v -0.042042 0.074546 0.007842
v -0.047992 0.075767 0.004090
v -0.045036 0.074881 0.004108
v -0.042984 0.074113 0.004164
v -0.041342 0.072935 0.004262
v -0.040467 0.073340 0.008010
v -0.045318 0.074596 0.000223
v -0.043320 0.073846 0.000296
v -0.041685 0.072731 0.000368
v -0.040726 0.071212 0.000419
v -0.040467 0.071293 0.004435
v -0.042898 0.074115 -0.003564
v -0.041220 0.073010 -0.003518
v -0.040252 0.071461 -0.003594
v -0.040193 0.069718 -0.003784
v -0.040659 0.069446 0.000375
v -0.040391 0.073518 -0.007258
v -0.039462 0.072029 -0.007407
v -0.039518 0.070332 -0.007734
v -0.040245 0.068634 -0.007966
v -0.040775 0.068063 -0.004023
v -0.038506 0.072695 -0.010974
v -0.038583 0.070903 -0.011154
v -0.039321 0.068897 -0.011310
v -0.040467 0.066648 -0.011261
v -0.041187 0.066940 -0.008090
v -0.037191 0.071049 -0.013838
v -0.038089 0.068694 -0.013867
v -0.039445 0.066111 -0.013658
v -0.041046 0.063340 -0.013209
v -0.041963 0.064155 -0.010903
v -0.036470 0.068142 -0.015693
v -0.038075 0.065357 -0.015447
v -0.039898 0.062468 -0.015039
v -0.041846 0.059451 -0.014467
v -0.042914 0.060435 -0.012630
v -0.036154 0.064387 -0.016338
v -0.038181 0.061445 -0.016083
v -0.040372 0.058420 -0.015803
v -0.042584 0.055284 -0.015203
v -0.043930 0.056391 -0.013765
v -0.036147 0.060376 -0.016276
v -0.038418 0.057322 -0.016063
v -0.040778 0.054127 -0.015783
v -0.043098 0.050914 -0.015244
v -0.044791 0.052111 -0.014299
v -0.036277 0.056110 -0.015966
v -0.038813 0.052964 -0.015693
v -0.041132 0.049703 -0.015424
v -0.043403 0.046428 -0.014688
v -0.045298 0.047695 -0.014305
v -0.036558 0.051511 -0.015590
v -0.039050 0.048340 -0.015137
v -0.041346 0.045095 -0.014545
v -0.043517 0.041914 -0.013857
v -0.045593 0.043288 -0.013889
v -0.036731 0.046530 -0.015120
v -0.038998 0.043407 -0.014355
v -0.041164 0.040276 -0.013593
v -0.043322 0.037219 -0.012940
v -0.045649 0.038812 -0.013145
v -0.036344 0.041187 -0.014268
v -0.038531 0.038200 -0.013585
v -0.040747 0.035289 -0.012776
v -0.042999 0.032394 -0.012050
v -0.045525 0.034212 -0.012172
v -0.035908 0.036209 -0.012357
v -0.038298 0.033449 -0.011635
v -0.040670 0.030644 -0.011077
v -0.043078 0.027863 -0.010506
v -0.045282 0.029485 -0.011383
v -0.036334 0.031839 -0.010265
v -0.038877 0.029176 -0.009806
v -0.041507 0.026624 -0.009247
v -0.044048 0.023890 -0.008924
v -0.045482 0.025030 -0.009929
v -0.037527 0.027930 -0.008723
v -0.040237 0.025446 -0.008361
v -0.042844 0.022841 -0.008050
v -0.045363 0.020115 -0.007644
v -0.046540 0.021160 -0.008328
v -0.039082 0.024251 -0.007554
v -0.041740 0.021785 -0.007232
v -0.044337 0.019133 -0.006895
v -0.046857 0.016499 -0.006451
v -0.047889 0.017424 -0.007097
v -0.040901 0.020889 -0.006121
v -0.043573 0.018440 -0.005769
v -0.046094 0.015879 -0.005314
v -0.048692 0.013484 -0.004783
v -0.049404 0.014000 -0.005870
v -0.043134 0.018076 -0.004279
v -0.045649 0.015602 -0.003868
v -0.048255 0.013259 -0.003412
v -0.050734 0.010877 -0.003005
v -0.051180 0.011077 -0.004272
v -0.045505 0.015628 -0.002237
v -0.048014 0.013209 -0.001911
v -0.050552 0.010883 -0.001594
v -0.052828 0.008416 -0.001321
v -0.052995 0.008386 -0.002665
v -0.047913 0.013208 -0.000299
v -0.050471 0.010889 -0.000121
v -0.052788 0.008435 0.000016
v -0.054910 0.005861 0.000107
v -0.054970 0.005881 -0.001098
v -0.050462 0.010840 0.001372
v -0.052793 0.008381 0.001360
v -0.054938 0.005819 0.001288
v -0.052944 0.008344 0.002662
v -0.055138 0.005821 0.002476
v -0.057420 0.003610 0.002307
v -0.055573 0.006010 0.003545
v -0.057821 0.003856 0.003244
v -0.060132 0.002129 0.002986
v -0.058406 0.004330 0.003968
v -0.060628 0.002657 0.003601
v -0.059121 0.004985 0.004423
v -0.061202 0.003331 0.003960
v -0.059898 0.005725 0.004717
v -0.061810 0.004070 0.004167
v -0.063674 0.003094 0.003751
v -0.062445 0.004841 0.004375
v -0.064161 0.003995 0.003957
v -0.065609 0.003621 0.003611
v -0.065998 0.004968 0.003959
v -0.067161 0.004969 0.003692
v -0.066224 0.006820 0.004552
v -0.067389 0.006994 0.004333
v -0.068443 0.007119 0.004017
v -0.068137 0.004928 0.003382
v -0.069379 0.007244 0.003573
v -0.069000 0.004889 0.002994
v -0.070072 0.007451 0.002954
v -0.069646 0.004935 0.002405
v -0.070083 0.005012 0.001720
v -0.069323 0.010218 0.004339
v -0.068375 0.009903 0.004803
v -0.067771 0.013225 0.005454
v -0.067268 0.009584 0.005103
v -0.066596 0.012730 0.005642
v -0.065434 0.016163 0.006428
v -0.065314 0.012169 0.005876
v -0.064091 0.015460 0.006777
v -0.062456 0.018777 0.007655
v -0.062612 0.014638 0.007092
v -0.060931 0.017850 0.007890
v -0.058977 0.021045 0.008446
v -0.059096 0.016637 0.008070
v -0.057026 0.019685 0.008679
v -0.054867 0.022637 0.009303
v -0.054832 0.018067 0.008717
v -0.052491 0.020879 0.009328
v -0.050292 0.023730 0.010015
v -0.050528 0.019486 0.008582
v -0.048094 0.022305 0.009264
v -0.045800 0.025159 0.010033
v -0.046390 0.021113 0.008430
v -0.043860 0.023875 0.009018
v -0.041458 0.026695 0.009587
v -0.042391 0.022684 0.008075
v -0.039857 0.025458 0.008459
v -0.037446 0.028176 0.008835
v -0.038631 0.024326 0.007055
v -0.036063 0.026900 0.007273
v -0.033451 0.029351 0.007640
v -0.034994 0.025793 0.005373
v -0.032267 0.028184 0.005559
v -0.029580 0.030629 0.005865
v -0.031531 0.027483 0.003173
v -0.028690 0.029888 0.003372
v -0.026000 0.032398 0.003720
v -0.028288 0.029624 0.000706
v -0.025535 0.032151 0.000875
v -0.022968 0.034710 0.001207
v -0.025461 0.032180 -0.001788
v -0.022884 0.034797 -0.001631
v -0.020230 0.037171 -0.001360
v -0.023061 0.034986 -0.004055
v -0.020482 0.037507 -0.004024
v -0.018021 0.039891 -0.003900
v -0.021009 0.037957 -0.006371
v -0.018535 0.040508 -0.006482
v -0.016043 0.042807 -0.006505
v -0.019525 0.041432 -0.008619
v -0.016877 0.043774 -0.009055
v -0.014546 0.046263 -0.009068
v -0.018225 0.045052 -0.011081
v -0.015713 0.047618 -0.011252
v -0.012975 0.049959 -0.011351
v -0.017211 0.049329 -0.012643
v -0.014325 0.051765 -0.013009
v -0.011253 0.053854 -0.013367
v -0.015856 0.053965 -0.014020
v -0.012558 0.056400 -0.014274
v -0.009375 0.058343 -0.014475
v -0.014167 0.059280 -0.015229
v -0.010663 0.061602 -0.015109
v -0.007220 0.063000 -0.015231
v -0.004124 0.067272 -0.015811
v -0.004363 0.070801 -0.016371
v -0.004339 0.074307 -0.016964
v -0.008195 0.077917 -0.017888
v -0.004097 0.078008 -0.017398
v -0.007629 0.081694 -0.018672
v -0.003744 0.081624 -0.018516
v -0.000179 0.081645 -0.018158
v -0.003297 0.085307 -0.019321
v -0.000179 0.085300 -0.019185
v -0.000179 0.088862 -0.020144
v -0.000179 0.092475 -0.020780
v -0.000179 0.160272 0.010773
v -0.003483 0.163919 0.009712
v -0.003582 0.160313 0.010684
v -0.005983 0.164089 0.009545
v -0.006286 0.160446 0.010464
v -0.007758 0.164211 0.009151
v -0.008240 0.160547 0.010015
v -0.009389 0.164335 0.008662
v -0.010009 0.160653 0.009494
v -0.010805 0.164423 0.007971
v -0.011552 0.160725 0.008783
v -0.011942 0.164431 0.006938
v -0.012717 0.160689 0.007631
v -0.013345 0.156908 0.008239
v -0.013594 0.160594 0.006241
v -0.014253 0.156791 0.006737
v -0.014878 0.153021 0.007198
v -0.014873 0.156633 0.004977
v -0.015485 0.152825 0.005238
v -0.015196 0.156487 0.002990
v -0.015863 0.152690 0.003082
v -0.016545 0.148936 0.003199
v -0.015959 0.152629 0.000659
v -0.016654 0.148860 0.000487
v -0.017219 0.145175 0.000323
v -0.016479 0.148978 -0.002285
v -0.016955 0.145251 -0.002766
v -0.017388 0.141587 -0.003240
v -0.016747 0.145546 -0.005375
v -0.017170 0.141860 -0.006122
v -0.017466 0.138284 -0.006811
v -0.016416 0.142164 -0.008475
v -0.016661 0.138480 -0.009311
v -0.017004 0.134927 -0.010081
v -0.015483 0.138625 -0.011374
v -0.015731 0.134927 -0.012321
v -0.016104 0.131249 -0.013185
v -0.017552 0.131458 -0.010786
v -0.016687 0.127641 -0.013878
v -0.018294 0.128105 -0.011282
v -0.017709 0.124207 -0.014405
v -0.019363 0.124952 -0.011613
v -0.019236 0.120960 -0.014831
v -0.020854 0.122036 -0.011850
v -0.021108 0.118046 -0.015136
v -0.022672 0.119393 -0.011993
v -0.023299 0.115496 -0.015242
v -0.024740 0.117068 -0.011994
v -0.025774 0.113388 -0.015263
v -0.027106 0.115198 -0.011988
v -0.028486 0.111785 -0.015345
v -0.029688 0.113735 -0.011990
v -0.031475 0.110862 -0.015527
v -0.032506 0.112879 -0.012070
v -0.034662 0.110480 -0.015736
v -0.035515 0.112710 -0.012302
v -0.037942 0.110502 -0.015894
v -0.038652 0.112740 -0.012486
v -0.039283 0.114384 -0.008648
v -0.041844 0.112413 -0.012332
v -0.042361 0.114113 -0.008593
v -0.042752 0.115152 -0.004517
v -0.045554 0.114193 -0.008598
v -0.045869 0.115060 -0.004504
v -0.046023 0.115572 -0.000292
v -0.049086 0.115099 -0.004511
v -0.049205 0.115473 -0.000266
v -0.049104 0.115084 0.003989
v -0.052457 0.115269 -0.000235
v -0.052377 0.114890 0.004035
v -0.052175 0.114121 0.008152
v -0.055692 0.114612 0.004059
v -0.055591 0.113881 0.008160
v -0.055421 0.112644 0.011923
v -0.051880 0.112736 0.011897
v -0.055205 0.111086 0.015103
v -0.051542 0.111033 0.015156
v -0.054993 0.109577 0.017698
v -0.051223 0.109316 0.017870
v -0.054836 0.107747 0.019727
v -0.051043 0.107201 0.019980
v -0.054852 0.105549 0.021149
v -0.051052 0.104747 0.021509
v -0.054976 0.102987 0.021998
v -0.051239 0.101880 0.022308
v -0.055294 0.100246 0.022237
v -0.051583 0.098901 0.022546
v -0.055744 0.097601 0.022107
v -0.052014 0.096194 0.022356
v -0.056230 0.095120 0.021473
v -0.052475 0.093679 0.021727
v -0.056698 0.092951 0.020163
v -0.052875 0.091572 0.020392
v -0.057127 0.090954 0.017991
v -0.053360 0.089368 0.018488
v -0.057879 0.088245 0.015806
v -0.054077 0.086574 0.016287
v -0.058626 0.085429 0.013467
v -0.054716 0.083961 0.013680
v -0.059101 0.083070 0.010522
v -0.055249 0.081604 0.010745
v -0.059512 0.081338 0.007178
v -0.055657 0.079754 0.007379
v -0.059817 0.080296 0.003657
v -0.055842 0.078696 0.003753
v -0.051783 0.077129 0.003921
v -0.055857 0.078291 0.000065
v -0.051710 0.076757 0.000105
v -0.048065 0.075426 0.000154
v -0.051701 0.076951 -0.003713
v -0.047860 0.075725 -0.003716
v -0.044934 0.074929 -0.003631
v -0.047568 0.076582 -0.007476
v -0.044245 0.075609 -0.007308
v -0.042019 0.074613 -0.007274
v -0.047042 0.078337 -0.010714
v -0.051683 0.077755 -0.007452
v -0.051260 0.079643 -0.010725
v -0.050665 0.082197 -0.013565
v -0.046377 0.080899 -0.013404
v -0.049984 0.084960 -0.016181
v -0.045859 0.083646 -0.016130
v -0.041635 0.082351 -0.016277
v -0.037292 0.081280 -0.016565
v -0.045177 0.086709 -0.018079
v -0.041095 0.085615 -0.017996
v -0.037007 0.084687 -0.018180
v -0.032906 0.084287 -0.018370
v -0.033060 0.081412 -0.017344
v -0.040766 0.088062 -0.020091
v -0.036764 0.087175 -0.020040
v -0.032758 0.086801 -0.019863
v -0.028708 0.086723 -0.020059
v -0.028750 0.084533 -0.018558
v -0.036551 0.089269 -0.021686
v -0.032611 0.088853 -0.021717
v -0.028496 0.088895 -0.021846
v -0.023976 0.089402 -0.021987
v -0.024250 0.087254 -0.020337
v -0.032424 0.091414 -0.022478
v -0.028277 0.091491 -0.022591
v -0.023793 0.091998 -0.022535
v -0.019127 0.092863 -0.022336
v -0.019252 0.090271 -0.021990
v -0.028089 0.094311 -0.022455
v -0.023644 0.094866 -0.022384
v -0.019070 0.095876 -0.022150
v -0.014577 0.097350 -0.021729
v -0.014574 0.094015 -0.021808
v -0.023668 0.098632 -0.022561
v -0.019256 0.099882 -0.021852
v -0.024176 0.102492 -0.021890
v -0.019887 0.103931 -0.021494
v -0.025314 0.106112 -0.020718
v -0.021625 0.107720 -0.020198
v -0.026973 0.109299 -0.018412
v -0.023898 0.110871 -0.018064
v -0.021084 0.113200 -0.017822
v -0.018583 0.115923 -0.017358
v -0.016677 0.119302 -0.016912
v -0.015256 0.123040 -0.016455
v -0.012083 0.121386 -0.017826
v -0.011515 0.125877 -0.017041
v -0.008650 0.124947 -0.017995
v -0.008826 0.119899 -0.018551
v -0.014370 0.126916 -0.015793
v -0.013967 0.130850 -0.014919
v -0.011397 0.130279 -0.016034
v -0.011527 0.134490 -0.014909
v -0.009011 0.134158 -0.015727
v -0.008737 0.129692 -0.016971
v -0.013875 0.134779 -0.013977
v -0.013838 0.138650 -0.012964
v -0.011695 0.138479 -0.013876
v -0.011672 0.142307 -0.012905
v -0.009412 0.142163 -0.013639
v -0.009312 0.138281 -0.014584
v -0.013688 0.142409 -0.011937
v -0.013377 0.146117 -0.010961
v -0.011445 0.146040 -0.011995
v -0.015280 0.142361 -0.010412
v -0.014927 0.146061 -0.009502
v -0.014471 0.149757 -0.008641
v -0.012938 0.149781 -0.010069
v -0.016056 0.145851 -0.007606
v -0.015503 0.149559 -0.006774
v -0.014895 0.153255 -0.006086
v -0.013911 0.153419 -0.007911
v -0.016171 0.149265 -0.004666
v -0.015503 0.153003 -0.004040
v -0.014721 0.156719 -0.003549
v -0.014149 0.156926 -0.005499
v -0.015831 0.152749 -0.001835
v -0.015096 0.156502 -0.001454
v -0.014327 0.160274 -0.001214
v -0.014009 0.160430 -0.003201
v -0.015248 0.156405 0.000762
v -0.014496 0.160201 0.000808
v -0.013630 0.164002 0.000724
v -0.013525 0.164029 -0.001143
v -0.014477 0.160277 0.002812
v -0.013575 0.164094 0.002523
v -0.012697 0.167912 0.002164
v -0.012721 0.167807 0.000525
v -0.014147 0.160441 0.004624
v -0.013307 0.164240 0.004168
v -0.012443 0.168048 0.003704
v -0.011475 0.171808 0.003267
v -0.011698 0.171708 0.001862
v -0.012772 0.164365 0.005652
v -0.011991 0.168154 0.005104
v -0.011013 0.171876 0.004523
v -0.010063 0.175609 0.004085
v -0.010409 0.175537 0.002893
v -0.011171 0.168171 0.006276
v -0.010305 0.171885 0.005605
v -0.009405 0.175595 0.005111
v -0.008420 0.179169 0.004747
v -0.009064 0.179227 0.003817
v -0.009290 0.171808 0.006441
v -0.008438 0.175487 0.005874
v -0.007466 0.179009 0.005374
v -0.006492 0.182226 0.005037
v -0.007352 0.182377 0.004451
v -0.007260 0.175303 0.006393
v -0.006399 0.178807 0.005820
v -0.005496 0.181981 0.005336
v -0.004513 0.184697 0.004677
v -0.005401 0.184992 0.004404
v -0.005191 0.178563 0.006106
v -0.004379 0.181672 0.005536
v -0.003558 0.184330 0.004882
v -0.002758 0.186589 0.004057
v -0.003532 0.186926 0.003929
v -0.003137 0.181355 0.005688
v -0.002526 0.184008 0.004987
v -0.001939 0.186273 0.004154
v -0.001505 0.187989 0.003458
v -0.002165 0.188236 0.003409
v -0.001404 0.183770 0.004993
v -0.001104 0.186016 0.004211
v -0.000867 0.187777 0.003483
v -0.000179 0.185870 0.004153
v -0.000179 0.189711 0.002478
v -0.000179 0.190780 0.001955
v -0.000687 0.190480 0.002216
v -0.000766 0.190753 0.002100
v -0.001442 0.190513 0.002255
v -0.001286 0.190281 0.002374
v -0.002269 0.189889 0.002586
v -0.002003 0.189567 0.002748
v -0.003133 0.188916 0.003083
v -0.002649 0.188548 0.003266
v -0.004257 0.187257 0.003726
v -0.003578 0.189192 0.002836
v -0.004927 0.187506 0.003412
v -0.006195 0.185181 0.003991
v -0.005457 0.187646 0.002932
v -0.006791 0.185248 0.003302
v -0.008018 0.182440 0.003624
v -0.007130 0.185208 0.002442
v -0.008293 0.182390 0.002569
v -0.009412 0.179180 0.002687
v -0.008440 0.182319 0.001474
v -0.009521 0.179084 0.001489
v -0.010590 0.175458 0.001632
v -0.009540 0.179018 0.000257
v -0.010624 0.175392 0.000291
v -0.011712 0.171625 0.000380
v -0.010526 0.175375 -0.001047
v -0.011566 0.171608 -0.001101
v -0.012586 0.167801 -0.001123
v -0.011285 0.171636 -0.002508
v -0.012278 0.167866 -0.002695
v -0.013176 0.164139 -0.002928
v -0.011800 0.167963 -0.004182
v -0.012617 0.164259 -0.004565
v -0.013445 0.160606 -0.005020
v -0.011773 0.164342 -0.006017
v -0.012506 0.160703 -0.006581
v -0.013172 0.157041 -0.007161
v -0.011259 0.160733 -0.007874
v -0.011851 0.157076 -0.008538
v -0.012406 0.153415 -0.009264
v -0.010172 0.157025 -0.009544
v -0.010632 0.153349 -0.010263
v -0.011074 0.149696 -0.011106
v -0.008616 0.153255 -0.011035
v -0.008966 0.149597 -0.011918
v -0.009251 0.145908 -0.012763
v -0.006582 0.149497 -0.012557
v -0.006696 0.145783 -0.013443
v -0.006703 0.142018 -0.014409
v -0.003556 0.145612 -0.013657
v -0.003523 0.141818 -0.014706
v -0.003472 0.137788 -0.015560
v -0.006573 0.138079 -0.015410
v -0.003391 0.133521 -0.016832
v -0.006382 0.133884 -0.016716
v -0.003332 0.128849 -0.017700
v -0.006174 0.129277 -0.017828
v -0.003323 0.123902 -0.018726
v -0.006057 0.124354 -0.018878
v -0.003418 0.118669 -0.019527
v -0.006209 0.119161 -0.019624
v -0.003589 0.113445 -0.020254
v -0.000179 0.118531 -0.019796
v -0.000179 0.113350 -0.020294
v -0.000179 0.108503 -0.020764
v -0.003696 0.108508 -0.020820
v -0.000179 0.104224 -0.020807
v -0.003624 0.104176 -0.021053
v -0.000179 0.100136 -0.021136
v -0.003430 0.100046 -0.021361
v -0.006716 0.099639 -0.021245
v -0.003238 0.096088 -0.021320
v -0.006476 0.095743 -0.021164
v -0.010259 0.095038 -0.021320
v -0.010283 0.098752 -0.021533
v -0.006401 0.092335 -0.020497
v -0.010364 0.091886 -0.020864
v -0.014656 0.091169 -0.021546
v -0.010679 0.088863 -0.020017
v -0.015018 0.088590 -0.020259
v -0.019581 0.087964 -0.020598
v -0.015407 0.085524 -0.019437
v -0.019839 0.085438 -0.019321
v -0.024338 0.085246 -0.018650
v -0.020149 0.082449 -0.018639
v -0.024413 0.082518 -0.018221
v -0.028709 0.081984 -0.017939
v -0.024906 0.079278 -0.017617
v -0.029203 0.078920 -0.017226
v -0.026186 0.075640 -0.017255
v -0.030076 0.075704 -0.016862
v -0.027824 0.072334 -0.016950
v -0.031367 0.072844 -0.016624
v -0.034383 0.073177 -0.015608
v -0.035261 0.070777 -0.015795
v -0.036747 0.073120 -0.013671
v -0.032653 0.070078 -0.016555
v -0.034282 0.067250 -0.016541
v -0.029717 0.069215 -0.016647
v -0.031853 0.066240 -0.016643
v -0.033974 0.063341 -0.016369
v -0.026229 0.068150 -0.016770
v -0.028900 0.064985 -0.016585
v -0.031316 0.062010 -0.016229
v -0.033745 0.059071 -0.016199
v -0.025541 0.063299 -0.016823
v -0.028331 0.060289 -0.016502
v -0.031087 0.057381 -0.016290
v -0.033878 0.054544 -0.016002
v -0.025453 0.058289 -0.016610
v -0.028426 0.055371 -0.016430
v -0.031396 0.052524 -0.016147
v -0.034188 0.049604 -0.015722
v -0.025933 0.052968 -0.016278
v -0.028942 0.050082 -0.016075
v -0.031630 0.047156 -0.015662
v -0.034075 0.044147 -0.015044
v -0.026592 0.047733 -0.014679
v -0.029085 0.044895 -0.014199
v -0.031429 0.041998 -0.013575
v -0.033634 0.039052 -0.012986
v -0.026799 0.042879 -0.012498
v -0.029124 0.040103 -0.011842
v -0.031404 0.037270 -0.011297
v -0.033811 0.034523 -0.010775
v -0.027198 0.038365 -0.010676
v -0.029596 0.035634 -0.010147
v -0.032152 0.032989 -0.009661
v -0.034825 0.030444 -0.009157
v -0.028146 0.034274 -0.009141
v -0.030819 0.031650 -0.008716
v -0.033583 0.029204 -0.008163
v -0.036400 0.026757 -0.007710
v -0.029679 0.030572 -0.007438
v -0.032542 0.028160 -0.006969
v -0.035406 0.025719 -0.006587
v -0.038147 0.023236 -0.006362
v -0.031811 0.027479 -0.005409
v -0.034707 0.025043 -0.005120
v -0.037546 0.022596 -0.004860
v -0.040396 0.020333 -0.004620
v -0.034269 0.024673 -0.003384
v -0.037220 0.022316 -0.003136
v -0.040151 0.020138 -0.002888
v -0.042897 0.017962 -0.002586
v -0.037078 0.022272 -0.001202
v -0.040015 0.020104 -0.000962
v -0.042770 0.017951 -0.000705
v -0.045430 0.015664 -0.000475
v -0.039972 0.020160 0.001163
v -0.042738 0.017986 0.001324
v -0.045391 0.015628 0.001369
v -0.047919 0.013180 0.001366
v -0.042845 0.018068 0.003331
v -0.045507 0.015639 0.003165
v -0.048100 0.013216 0.002990
v -0.050614 0.010823 0.002823
v -0.045876 0.015857 0.004807
v -0.048499 0.013402 0.004481
v -0.051020 0.011006 0.004184
v -0.053378 0.008504 0.003875
v -0.049209 0.013892 0.005758
v -0.051702 0.011421 0.005356
v -0.054066 0.008902 0.004872
v -0.056265 0.006424 0.004416
v -0.052672 0.012082 0.006208
v -0.054977 0.009544 0.005590
v -0.057125 0.007072 0.004968
v -0.056124 0.010426 0.006010
v -0.058092 0.007872 0.005267
v -0.057478 0.011424 0.006434
v -0.059234 0.008781 0.005596
v -0.060753 0.006573 0.004984
v -0.060638 0.009752 0.006116
v -0.059091 0.012473 0.006956
v -0.060889 0.013591 0.007206
v -0.062254 0.010724 0.006420
v -0.063880 0.011509 0.006270
v -0.066043 0.009232 0.005349
v -0.057113 0.015280 0.007953
v -0.055394 0.014109 0.007329
v -0.052994 0.016747 0.008089
v -0.053921 0.013019 0.006744
v -0.051517 0.015679 0.007287
v -0.049013 0.018372 0.007812
v -0.050235 0.014672 0.006685
v -0.047663 0.017253 0.007209
v -0.045004 0.019908 0.007686
v -0.046594 0.016379 0.006210
v -0.043932 0.018973 0.006599
v -0.041256 0.021677 0.006844
v -0.043203 0.018350 0.005089
v -0.040420 0.020891 0.005304
v -0.037731 0.023373 0.005305
v -0.040058 0.020367 0.003344
v -0.037234 0.022716 0.003181
v -0.034401 0.025116 0.003105
v -0.037062 0.022383 0.000944
v -0.034120 0.024727 0.000777
v -0.031160 0.027134 0.000692
v -0.034102 0.024601 -0.001415
v -0.031168 0.027085 -0.001601
v -0.028225 0.029582 -0.001753
v -0.031389 0.027169 -0.003619
v -0.028453 0.029697 -0.003878
v -0.025687 0.032346 -0.004037
v -0.028904 0.029970 -0.005748
v -0.026146 0.032652 -0.006045
v -0.023480 0.035300 -0.006255
v -0.026988 0.033270 -0.007795
v -0.024347 0.035985 -0.008152
v -0.021930 0.038693 -0.008389
v -0.025581 0.036961 -0.009687
v -0.023154 0.039683 -0.010185
v -0.020785 0.042467 -0.010477
v -0.024817 0.041129 -0.011266
v -0.022420 0.043830 -0.011896
v -0.019946 0.046634 -0.012338
v -0.024416 0.045672 -0.013059
v -0.021787 0.048448 -0.013629
v -0.018861 0.051273 -0.013868
v -0.023773 0.050591 -0.015067
v -0.020684 0.053478 -0.015340
v -0.017529 0.056418 -0.015354
v -0.022854 0.055930 -0.016398
v -0.019646 0.059088 -0.016412
v -0.022281 0.061429 -0.016581
v -0.023800 0.071560 -0.017226
v -0.021949 0.075225 -0.017423
v -0.020713 0.079059 -0.017656
v -0.016484 0.078571 -0.017445
v -0.012338 0.078099 -0.017784
v -0.015844 0.082150 -0.018498
v -0.011674 0.081916 -0.018280
v -0.011153 0.085516 -0.019189
v -0.007046 0.085375 -0.019374
v -0.006558 0.088933 -0.019931
v -0.003026 0.089013 -0.019509
v -0.003086 0.092489 -0.020541
v -0.000179 0.096188 -0.021259
v -0.000179 0.170971 0.007917
v -0.003121 0.171073 0.007822
v -0.003336 0.167505 0.008732
v -0.005065 0.171288 0.007724
v -0.005588 0.167698 0.008597
v -0.006605 0.171485 0.007468
v -0.007230 0.167863 0.008304
v -0.008035 0.171667 0.007052
v -0.008721 0.168006 0.007824
v -0.010057 0.168119 0.007183
v -0.005934 0.175082 0.006733
v -0.004451 0.174846 0.006950
v -0.003796 0.178280 0.006303
v -0.002770 0.174625 0.007061
v -0.002237 0.178005 0.006416
v -0.001739 0.181086 0.005769
v -0.000179 0.177854 0.006447
v -0.000179 0.191295 0.001595
v -0.000179 0.191043 0.001777
v -0.000928 0.191267 0.001774
v -0.000853 0.191013 0.001953
v -0.001753 0.191032 0.001937
v -0.001600 0.190765 0.002125
v -0.002760 0.190421 0.002139
v -0.002494 0.190172 0.002404
v -0.004010 0.189427 0.002499
v -0.002990 0.190635 0.001824
v -0.004323 0.189535 0.002008
v -0.005827 0.187669 0.002258
v -0.004512 0.189580 0.001489
v -0.006019 0.187649 0.001493
v -0.007303 0.185126 0.001472
v -0.006060 0.187628 0.000708
v -0.007354 0.185081 0.000518
v -0.008489 0.182274 0.000349
v -0.007325 0.185085 -0.000442
v -0.008461 0.182278 -0.000752
v -0.009473 0.178989 -0.000943
v -0.008375 0.182339 -0.001860
v -0.009349 0.179004 -0.002119
v -0.010310 0.175391 -0.002331
v -0.009074 0.179013 -0.003235
v -0.009932 0.175401 -0.003494
v -0.010912 0.171694 -0.003831
v -0.009285 0.175366 -0.004537
v -0.010219 0.171717 -0.005039
v -0.011014 0.168017 -0.005504
v -0.009119 0.171641 -0.005890
v -0.009885 0.167986 -0.006521
v -0.010609 0.164355 -0.007203
v -0.008496 0.167897 -0.007282
v -0.009064 0.164280 -0.008039
v -0.009616 0.160658 -0.008783
v -0.007307 0.164168 -0.008635
v -0.007758 0.160526 -0.009437
v -0.008221 0.156910 -0.010243
v -0.005765 0.160405 -0.009898
v -0.006091 0.156780 -0.010765
v -0.006373 0.153155 -0.011635
v -0.003408 0.156611 -0.010912
v -0.003500 0.152999 -0.011897
v -0.003553 0.149367 -0.012914
v -0.000179 0.152925 -0.012122
v -0.000179 0.149319 -0.013155
v -0.000179 0.141794 -0.015087
v -0.000179 0.133407 -0.017155
v -0.001037 0.191766 0.001338
v -0.000994 0.191541 0.001578
v -0.002019 0.191512 0.001376
v -0.001908 0.191290 0.001702
v -0.003120 0.190753 0.001394
v -0.002080 0.191644 0.000988
v -0.003255 0.190831 0.000933
v -0.004611 0.189578 0.000885
v -0.003262 0.190889 0.000441
v -0.004608 0.189608 0.000207
v -0.006035 0.187636 -0.000076
v -0.004545 0.189644 -0.000397
v -0.006005 0.187642 -0.000849
v -0.007226 0.185145 -0.001404
v -0.005835 0.187742 -0.001650
v -0.006991 0.185254 -0.002388
v -0.008188 0.182403 -0.002944
v -0.006532 0.185284 -0.003260
v -0.007646 0.182346 -0.003893
v -0.008495 0.178958 -0.004224
v -0.006749 0.182175 -0.004533
v -0.007558 0.178820 -0.004901
v -0.008333 0.175260 -0.005309
v -0.006439 0.178618 -0.005366
v -0.007118 0.175098 -0.005849
v -0.007818 0.171514 -0.006512
v -0.005748 0.174908 -0.006228
v -0.006352 0.171361 -0.006965
v -0.006866 0.167784 -0.007799
v -0.004706 0.171203 -0.007245
v -0.005098 0.167653 -0.008131
v -0.005431 0.164045 -0.009016
v -0.002978 0.167518 -0.008349
v -0.003170 0.163927 -0.009310
v -0.003299 0.160285 -0.010153
v -0.000179 0.163877 -0.009538
v -0.000179 0.160221 -0.010394
v -0.000179 0.191966 0.001002
v -0.001112 0.192165 0.000726
v -0.001085 0.191985 0.001064
v -0.002076 0.191752 0.000631
v -0.001116 0.192288 0.000359
v -0.002021 0.191841 0.000238
v -0.003182 0.190954 0.000002
v -0.001840 0.191844 -0.000159
v -0.003010 0.190997 -0.000468
v -0.004387 0.189643 -0.001003
v -0.002710 0.191030 -0.000819
v -0.004062 0.189626 -0.001553
v -0.005409 0.187798 -0.002450
v -0.003622 0.189578 -0.002032
v -0.004766 0.187691 -0.003030
v -0.005792 0.185147 -0.003896
v -0.003962 0.187394 -0.003420
v -0.004854 0.184888 -0.004315
v -0.005690 0.181922 -0.004919
v -0.003814 0.184519 -0.004548
v -0.004504 0.181617 -0.005164
v -0.005143 0.178370 -0.005674
v -0.003166 0.181276 -0.005364
v -0.003713 0.178111 -0.005867
v -0.004240 0.174705 -0.006472
v -0.002076 0.177868 -0.006018
v -0.002424 0.174512 -0.006613
v -0.002732 0.171036 -0.007371
v -0.000179 0.174403 -0.006765
v -0.000179 0.192482 -0.000031
v -0.000179 0.192403 0.000401
v -0.001074 0.192326 -0.000093
v -0.000937 0.192068 -0.000490
v -0.001664 0.191795 -0.000525
v -0.000803 0.191734 -0.000855
v -0.001411 0.191580 -0.000856
v -0.002327 0.190997 -0.001108
v -0.000708 0.191358 -0.001200
v -0.000713 0.190545 -0.001828
v -0.000179 0.188595 -0.002942
v -0.001210 0.186528 -0.003922
v -0.000962 0.188719 -0.002947
v -0.002200 0.186748 -0.003827
v -0.001461 0.183930 -0.004830
v -0.002652 0.184175 -0.004730
v -0.003127 0.187032 -0.003675
v -0.001760 0.180987 -0.005511
v -0.000179 0.183781 -0.004812
v -0.000179 0.180843 -0.005587
v -0.000179 0.128792 -0.018203
v -0.029162 0.105219 -0.020991
v -0.030287 0.108351 -0.018685
v -0.032967 0.104947 -0.021108
v -0.033747 0.107984 -0.018822
v -0.036785 0.105031 -0.021125
v -0.037295 0.107958 -0.018868
v -0.040459 0.105261 -0.021079
v -0.040841 0.108170 -0.018838
v -0.041313 0.110443 -0.015815
v -0.044388 0.108353 -0.018669
v -0.044732 0.110593 -0.015748
v -0.045157 0.112664 -0.012404
v -0.048201 0.110710 -0.015586
v -0.048527 0.112532 -0.012222
v -0.048826 0.114131 -0.008555
v -0.051976 0.112785 -0.012268
v -0.052203 0.114269 -0.008593
v -0.052381 0.114989 -0.004496
v -0.055621 0.113909 -0.008507
v -0.055694 0.114641 -0.004456
v -0.055719 0.114833 -0.000206
v -0.058982 0.114206 -0.004415
v -0.058966 0.114393 -0.000195
v -0.058991 0.114197 0.004026
v -0.062180 0.113936 -0.000233
v -0.062251 0.113797 0.003920
v -0.062372 0.113140 0.007906
v -0.059014 0.113539 0.008089
v -0.062469 0.111851 0.011468
v -0.058977 0.112252 0.011767
v -0.062576 0.110479 0.014379
v -0.058884 0.110699 0.014778
v -0.062707 0.109323 0.016733
v -0.058833 0.109457 0.017276
v -0.062837 0.108027 0.018739
v -0.058812 0.108031 0.019352
v -0.062984 0.106300 0.020133
v -0.058833 0.106050 0.020810
v -0.063101 0.104275 0.020965
v -0.058934 0.103753 0.021611
v -0.063255 0.102091 0.021267
v -0.059154 0.101328 0.021854
v -0.063453 0.099876 0.021168
v -0.059518 0.098881 0.021757
v -0.063740 0.097627 0.020660
v -0.059964 0.096464 0.021169
v -0.063989 0.095490 0.019509
v -0.060325 0.094298 0.019883
v -0.064235 0.093424 0.017576
v -0.060761 0.092222 0.017780
v -0.064736 0.091157 0.015013
v -0.061464 0.089785 0.015290
v -0.065914 0.088140 0.012704
v -0.062371 0.086787 0.012985
v -0.066943 0.085874 0.009890
v -0.062958 0.084346 0.010229
v -0.067543 0.084365 0.006908
v -0.063466 0.082741 0.007045
v -0.067855 0.083654 0.003556
v -0.063808 0.081937 0.003594
v -0.067940 0.083426 0.000082
v -0.063936 0.081632 0.000070
v -0.059937 0.079900 0.000057
v -0.063812 0.081885 -0.003448
v -0.059834 0.080158 -0.003535
v -0.055821 0.078583 -0.003611
v -0.059574 0.081060 -0.007050
v -0.055621 0.079510 -0.007207
v -0.059080 0.082799 -0.010345
v -0.055164 0.081355 -0.010457
v -0.058418 0.085307 -0.013102
v -0.054560 0.083805 -0.013336
v -0.057828 0.087875 -0.015794
v -0.053919 0.086432 -0.015971
v -0.056932 0.090729 -0.017639
v -0.053199 0.089259 -0.017963
v -0.049249 0.087855 -0.018182
v -0.052756 0.091294 -0.019827
v -0.048864 0.089918 -0.020131
v -0.044790 0.088980 -0.020149
v -0.048595 0.091708 -0.021576
v -0.044615 0.090828 -0.021698
v -0.040560 0.090006 -0.021726
v -0.044314 0.093172 -0.022261
v -0.040315 0.092344 -0.022438
v -0.036367 0.091729 -0.022440
v -0.040102 0.094934 -0.022516
v -0.036180 0.094403 -0.022512
v -0.032235 0.094162 -0.022445
v -0.036126 0.097678 -0.022595
v -0.032209 0.097569 -0.022560
v -0.028074 0.097921 -0.022506
v -0.032468 0.101468 -0.022403
v -0.028403 0.101723 -0.022219
v -0.036353 0.101511 -0.022358
v -0.040021 0.098088 -0.022685
v -0.040152 0.101798 -0.022305
v -0.043844 0.098673 -0.022711
v -0.043945 0.102262 -0.022207
v -0.044158 0.105581 -0.020902
v -0.047696 0.102764 -0.021976
v -0.047817 0.105963 -0.020627
v -0.047966 0.108581 -0.018398
v -0.051467 0.106327 -0.020296
v -0.051566 0.108859 -0.018154
v -0.051747 0.110922 -0.015493
v -0.055233 0.108982 -0.017931
v -0.055366 0.110846 -0.015303
v -0.055497 0.112529 -0.012138
v -0.058982 0.110491 -0.015015
v -0.059014 0.112133 -0.011966
v -0.059018 0.113545 -0.008433
v -0.062496 0.111774 -0.011783
v -0.062371 0.113074 -0.008313
v -0.062227 0.113723 -0.004363
v -0.065675 0.112539 -0.008082
v -0.065474 0.113272 -0.004302
v -0.065400 0.113514 -0.000306
v -0.068737 0.112930 -0.004225
v -0.068630 0.113166 -0.000393
v -0.068700 0.112958 0.003454
v -0.065482 0.113341 0.003708
v -0.068992 0.112272 0.007043
v -0.065647 0.112499 0.007495
v -0.069352 0.111192 0.010167
v -0.065883 0.111249 0.010840
v -0.069770 0.110184 0.012671
v -0.066202 0.110177 0.013619
v -0.070209 0.109142 0.014718
v -0.066545 0.109204 0.015873
v -0.070648 0.107895 0.016395
v -0.066867 0.107986 0.017721
v -0.071061 0.106428 0.017722
v -0.067116 0.106350 0.019030
v -0.071344 0.104758 0.018617
v -0.067293 0.104543 0.019881
v -0.071552 0.102971 0.019097
v -0.067456 0.102583 0.020314
v -0.071741 0.101139 0.019161
v -0.067594 0.100584 0.020266
v -0.071773 0.099250 0.018732
v -0.067722 0.098594 0.019839
v -0.071625 0.097302 0.017855
v -0.067765 0.096537 0.018873
v -0.071425 0.095453 0.016583
v -0.067699 0.094590 0.017198
v -0.071643 0.093584 0.014831
v -0.067931 0.092692 0.014614
v -0.072484 0.091638 0.012611
v -0.069091 0.089904 0.012501
v -0.073802 0.090133 0.009893
v -0.070511 0.087860 0.009730
v -0.074768 0.088973 0.006844
v -0.071338 0.086617 0.006772
v -0.075162 0.088174 0.003500
v -0.071747 0.085784 0.003521
v -0.075260 0.087903 0.000078
v -0.071827 0.085498 0.000084
v -0.075137 0.088139 -0.003334
v -0.071685 0.085714 -0.003329
v -0.067795 0.083652 -0.003373
v -0.071315 0.086296 -0.006592
v -0.067477 0.084243 -0.006718
v -0.063473 0.082537 -0.006901
v -0.066874 0.085589 -0.009779
v -0.062907 0.084162 -0.010070
v -0.065803 0.088050 -0.012453
v -0.062191 0.086736 -0.012694
v -0.064703 0.090878 -0.014935
v -0.061343 0.089506 -0.015216
v -0.064112 0.093192 -0.017309
v -0.060557 0.092075 -0.017371
v -0.063825 0.094829 -0.019180
v -0.060126 0.093698 -0.019371
v -0.056473 0.092599 -0.019550
v -0.059826 0.095329 -0.020778
v -0.056119 0.094286 -0.021025
v -0.052403 0.093025 -0.021237
v -0.055741 0.096288 -0.021736
v -0.051959 0.095129 -0.021910
v -0.048188 0.094055 -0.022164
v -0.051607 0.097465 -0.022265
v -0.047851 0.096511 -0.022373
v -0.044000 0.095655 -0.022454
v -0.047623 0.099349 -0.022484
v -0.051400 0.100179 -0.022199
v -0.051392 0.103314 -0.021621
v -0.055162 0.101005 -0.021872
v -0.055130 0.103853 -0.021284
v -0.055142 0.106685 -0.020053
v -0.058919 0.104270 -0.020815
v -0.058926 0.106801 -0.019639
v -0.058956 0.108880 -0.017632
v -0.062794 0.106801 -0.019106
v -0.062703 0.108678 -0.017174
v -0.062604 0.110207 -0.014705
v -0.066437 0.108483 -0.016497
v -0.066186 0.109898 -0.014201
v -0.065911 0.111174 -0.011352
v -0.069736 0.109764 -0.013531
v -0.069365 0.110999 -0.010955
v -0.069022 0.112200 -0.007813
v -0.072809 0.110898 -0.010352
v -0.072367 0.111989 -0.007490
v -0.072020 0.112686 -0.004115
v -0.075746 0.111861 -0.007047
v -0.075332 0.112587 -0.003982
v -0.075141 0.112811 -0.000552
v -0.071879 0.112927 -0.000477
v -0.075292 0.112685 0.002875
v -0.071989 0.112749 0.003170
v -0.075668 0.111986 0.005956
v -0.072319 0.112049 0.006505
v -0.076162 0.111142 0.008518
v -0.072762 0.111064 0.009323
v -0.076675 0.110325 0.010596
v -0.073246 0.110120 0.011599
v -0.077205 0.109423 0.012371
v -0.073744 0.109159 0.013475
v -0.077764 0.108300 0.013883
v -0.074258 0.108001 0.015093
v -0.078304 0.107015 0.015060
v -0.074736 0.106641 0.016400
v -0.078771 0.105619 0.015854
v -0.075124 0.105071 0.017273
v -0.079157 0.104107 0.016313
v -0.075426 0.103428 0.017713
v -0.079446 0.102510 0.016348
v -0.075643 0.101660 0.017784
v -0.079664 0.100875 0.015997
v -0.075671 0.099872 0.017389
v -0.079817 0.099321 0.015377
v -0.075666 0.098117 0.016680
v -0.079976 0.097786 0.014593
v -0.075740 0.096417 0.015782
v -0.080179 0.096373 0.013454
v -0.075959 0.094794 0.014545
v -0.080391 0.095233 0.011791
v -0.076417 0.093362 0.012648
v -0.080713 0.094085 0.009553
v -0.077185 0.092199 0.009994
v -0.081215 0.092893 0.006756
v -0.077993 0.090974 0.006911
v -0.081683 0.091938 0.003537
v -0.078461 0.090136 0.003551
v -0.081804 0.091641 0.000067
v -0.078545 0.089915 0.000068
v -0.081660 0.091873 -0.003358
v -0.078424 0.090128 -0.003388
v -0.081235 0.092629 -0.006612
v -0.078063 0.090743 -0.006776
v -0.074761 0.088724 -0.006654
v -0.077224 0.091814 -0.009865
v -0.073832 0.089724 -0.009642
v -0.070442 0.087520 -0.009521
v -0.072484 0.091312 -0.012312
v -0.069055 0.089721 -0.012134
v -0.071540 0.093402 -0.014613
v -0.067947 0.092501 -0.014421
v -0.071383 0.095274 -0.016521
v -0.067679 0.094328 -0.017062
v -0.071536 0.096755 -0.017864
v -0.067658 0.095838 -0.018783
v -0.071667 0.098338 -0.018828
v -0.067646 0.097449 -0.019821
v -0.063616 0.096394 -0.020367
v -0.067482 0.099166 -0.020344
v -0.063378 0.098215 -0.020939
v -0.059547 0.097296 -0.021502
v -0.063121 0.100216 -0.021035
v -0.059238 0.099426 -0.021594
v -0.055409 0.098499 -0.021972
v -0.059007 0.101716 -0.021410
v -0.062919 0.102300 -0.020827
v -0.062826 0.104529 -0.020228
v -0.066962 0.102859 -0.020102
v -0.066765 0.104791 -0.019443
v -0.066623 0.106758 -0.018298
v -0.070718 0.105170 -0.018444
v -0.070449 0.106851 -0.017249
v -0.070101 0.108406 -0.015564
v -0.074161 0.107143 -0.016019
v -0.073712 0.108537 -0.014488
v -0.073262 0.109781 -0.012630
v -0.077282 0.108815 -0.013354
v -0.076755 0.109947 -0.011639
v -0.076260 0.110931 -0.009613
v -0.080220 0.110260 -0.010622
v -0.079657 0.111099 -0.008761
v -0.079099 0.111812 -0.006461
v -0.083001 0.111540 -0.007869
v -0.082405 0.112095 -0.005802
v -0.081914 0.112690 -0.003416
v -0.078626 0.112593 -0.003749
v -0.081693 0.112924 -0.000610
v -0.078431 0.112822 -0.000601
v -0.081826 0.112773 0.002249
v -0.078569 0.112673 0.002573
v -0.082219 0.112334 0.004728
v -0.078968 0.112057 0.005372
v -0.082731 0.111850 0.006818
v -0.079497 0.111384 0.007710
v -0.083356 0.111258 0.008601
v -0.080046 0.110647 0.009616
v -0.084046 0.110571 0.010101
v -0.080630 0.109831 0.011263
v -0.084784 0.109763 0.011384
v -0.081287 0.108861 0.012670
v -0.085539 0.108686 0.012348
v -0.081927 0.107747 0.013774
v -0.086195 0.107470 0.012928
v -0.082496 0.106456 0.014528
v -0.086732 0.106205 0.013184
v -0.082966 0.105081 0.014953
v -0.087125 0.104865 0.013153
v -0.083334 0.103640 0.014971
v -0.087382 0.103509 0.012842
v -0.083590 0.102186 0.014593
v -0.087554 0.102172 0.012323
v -0.083809 0.100764 0.013982
v -0.087659 0.100882 0.011592
v -0.083972 0.099379 0.013142
v -0.087655 0.099686 0.010489
v -0.084017 0.098188 0.011944
v -0.087594 0.098635 0.009074
v -0.084058 0.097056 0.010434
v -0.087629 0.097688 0.007503
v -0.084185 0.095964 0.008608
v -0.087701 0.096870 0.005504
v -0.084448 0.094887 0.006266
v -0.087864 0.096168 0.003045
v -0.084790 0.093969 0.003370
v -0.087938 0.095893 0.000095
v -0.084914 0.093651 0.000067
v -0.087844 0.096071 -0.002842
v -0.084778 0.093848 -0.003180
v -0.087649 0.096599 -0.005288
v -0.084420 0.094603 -0.006091
v -0.087515 0.097350 -0.007342
v -0.084072 0.095629 -0.008521
v -0.080664 0.093762 -0.009470
v -0.083901 0.096682 -0.010415
v -0.080230 0.094911 -0.011765
v -0.076305 0.093076 -0.012459
v -0.079978 0.096014 -0.013535
v -0.075766 0.094510 -0.014520
v -0.079796 0.097401 -0.014685
v -0.075567 0.096124 -0.015874
v -0.079637 0.098886 -0.015369
v -0.075542 0.097668 -0.016758
v -0.079566 0.100323 -0.016112
v -0.075548 0.099263 -0.017490
v -0.079449 0.101826 -0.016688
v -0.075504 0.100859 -0.018035
v -0.071629 0.100071 -0.019424
v -0.075309 0.102538 -0.018158
v -0.071334 0.101764 -0.019460
v -0.067203 0.100954 -0.020406
v -0.071017 0.103478 -0.019120
v -0.074976 0.104117 -0.017814
v -0.074584 0.105661 -0.017098
v -0.078784 0.104844 -0.016440
v -0.078326 0.106240 -0.015742
v -0.077817 0.107562 -0.014725
v -0.082125 0.107034 -0.014374
v -0.081509 0.108222 -0.013443
v -0.080846 0.109305 -0.012180
v -0.085210 0.109098 -0.012106
v -0.084408 0.110048 -0.010951
v -0.083655 0.110853 -0.009558
v -0.087896 0.110928 -0.009590
v -0.087078 0.111705 -0.008382
v -0.086303 0.112310 -0.006924
v -0.090421 0.112602 -0.007074
v -0.089572 0.113191 -0.005847
v -0.088853 0.113575 -0.004352
v -0.085623 0.112771 -0.005120
v -0.088296 0.113831 -0.002585
v -0.085109 0.113110 -0.003027
v -0.087999 0.113929 -0.000645
v -0.084863 0.113250 -0.000629
v -0.088097 0.113888 0.001421
v -0.085001 0.113149 0.001854
v -0.088490 0.113778 0.003206
v -0.085398 0.112893 0.004009
v -0.089059 0.113586 0.004787
v -0.085922 0.112568 0.005898
v -0.089796 0.113323 0.006164
v -0.086592 0.112198 0.007500
v -0.090668 0.112730 0.007275
v -0.087392 0.111599 0.008823
v -0.091498 0.111754 0.008042
v -0.088163 0.110777 0.009820
v -0.092205 0.110652 0.008641
v -0.088969 0.109748 0.010556
v -0.092818 0.109391 0.009000
v -0.089716 0.108593 0.011010
v -0.093325 0.108088 0.009160
v -0.090280 0.107297 0.011228
v -0.093750 0.106844 0.009150
v -0.090669 0.105935 0.011186
v -0.094101 0.105657 0.008969
v -0.090933 0.104644 0.010905
v -0.094353 0.104499 0.008613
v -0.091103 0.103398 0.010441
v -0.094525 0.103383 0.008084
v -0.091201 0.102163 0.009853
v -0.094583 0.102451 0.007342
v -0.091179 0.101034 0.008978
v -0.094544 0.101693 0.006358
v -0.091095 0.100091 0.007772
v -0.094515 0.101048 0.005181
v -0.091035 0.099311 0.006397
v -0.094445 0.100531 0.003835
v -0.091031 0.098680 0.004711
v -0.091065 0.098189 0.002623
v -0.091097 0.097919 0.000151
v -0.091080 0.097999 -0.002400
v -0.094434 0.100302 -0.003628
v -0.090964 0.098459 -0.004487
v -0.094511 0.100744 -0.004989
v -0.090954 0.098993 -0.006189
v -0.094555 0.101292 -0.006185
v -0.091003 0.099694 -0.007626
v -0.087449 0.098249 -0.008988
v -0.091063 0.100543 -0.008830
v -0.087454 0.099236 -0.010373
v -0.083818 0.097785 -0.011916
v -0.087483 0.100313 -0.011523
v -0.083723 0.098983 -0.013002
v -0.087462 0.101541 -0.012398
v -0.083653 0.100276 -0.013955
v -0.087388 0.102815 -0.012961
v -0.083552 0.101603 -0.014729
v -0.087247 0.104114 -0.013305
v -0.083363 0.102982 -0.015165
v -0.086920 0.105417 -0.013372
v -0.083051 0.104354 -0.015196
v -0.079177 0.103356 -0.016806
v -0.082645 0.105729 -0.014960
v -0.086449 0.106683 -0.013191
v -0.085875 0.107931 -0.012766
v -0.090032 0.107577 -0.011203
v -0.089445 0.108806 -0.010895
v -0.088711 0.109978 -0.010366
v -0.092649 0.109528 -0.009060
v -0.092023 0.110711 -0.008645
v -0.091269 0.111773 -0.007999
v -0.094899 0.111259 -0.007108
v -0.094240 0.112386 -0.006550
v -0.093537 0.113290 -0.005819
v -0.096807 0.112754 -0.005451
v -0.096275 0.113724 -0.004827
v -0.095703 0.114445 -0.003994
v -0.092756 0.113968 -0.004819
v -0.095154 0.114955 -0.003005
v -0.092053 0.114418 -0.003605
v -0.094726 0.115284 -0.001849
v -0.091527 0.114686 -0.002173
v -0.094515 0.115461 -0.000661
v -0.091251 0.114806 -0.000630
v -0.094524 0.115505 0.000486
v -0.091314 0.114816 0.000901
v -0.094739 0.115383 0.001615
v -0.091685 0.114728 0.002336
v -0.095138 0.115102 0.002663
v -0.092207 0.114470 0.003623
v -0.095618 0.114559 0.003538
v -0.092823 0.114077 0.004701
v -0.096131 0.113860 0.004351
v -0.093578 0.113421 0.005635
v -0.096692 0.112967 0.005071
v -0.094343 0.112461 0.006422
v -0.097239 0.111894 0.005580
v -0.094987 0.111283 0.006947
v -0.097822 0.110803 0.005929
v -0.095570 0.110068 0.007295
v -0.098372 0.109788 0.006092
v -0.096092 0.108894 0.007457
v -0.098906 0.108817 0.006155
v -0.096553 0.107788 0.007469
v -0.099407 0.107855 0.006072
v -0.096988 0.106718 0.007370
v -0.099822 0.106977 0.005747
v -0.097354 0.105659 0.007081
v -0.100074 0.106186 0.005163
v -0.097589 0.104749 0.006542
v -0.100111 0.105560 0.004373
v -0.097693 0.103993 0.005790
v -0.100087 0.105018 0.003465
v -0.097694 0.103356 0.004882
v -0.099980 0.104528 0.002441
v -0.097652 0.102830 0.003879
v -0.099720 0.104057 0.001308
v -0.097623 0.102458 0.002735
v -0.101354 0.105674 0.001116
v -0.100744 0.104960 -0.000012
v -0.099689 0.103941 -0.001232
v -0.101321 0.105586 -0.001120
v -0.099974 0.104361 -0.002400
v -0.097644 0.102612 -0.003748
v -0.097581 0.102276 -0.002563
v -0.100116 0.104809 -0.003370
v -0.097703 0.103041 -0.004794
v -0.100211 0.105289 -0.004263
v -0.097741 0.103613 -0.005702
v -0.094567 0.101988 -0.007211
v -0.097680 0.104301 -0.006457
v -0.094543 0.102820 -0.008051
v -0.091096 0.101527 -0.009795
v -0.094439 0.103778 -0.008668
v -0.091061 0.102669 -0.010488
v -0.094273 0.104826 -0.009099
v -0.090968 0.103825 -0.010961
v -0.094029 0.105939 -0.009336
v -0.090772 0.105072 -0.011228
v -0.093682 0.107119 -0.009385
v -0.090462 0.106311 -0.011286
v -0.093203 0.108323 -0.009301
v -0.096443 0.108007 -0.007729
v -0.095978 0.109064 -0.007670
v -0.095463 0.110142 -0.007466
v -0.098263 0.109945 -0.006304
v -0.097764 0.110840 -0.006137
v -0.097279 0.111761 -0.005887
v -0.099267 0.112337 -0.004694
v -0.098898 0.113061 -0.004316
v -0.100760 0.112623 -0.003660
v -0.100474 0.113177 -0.003357
v -0.100180 0.113727 -0.002969
v -0.098521 0.113802 -0.003832
v -0.099882 0.114249 -0.002503
v -0.098136 0.114461 -0.003233
v -0.099565 0.114661 -0.001945
v -0.097721 0.114948 -0.002465
v -0.097403 0.115305 -0.001581
v -0.097256 0.115515 -0.000689
v -0.097275 0.115556 0.000226
v -0.099318 0.115238 0.000745
v -0.097434 0.115442 0.001096
v -0.099551 0.115086 0.001450
v -0.097667 0.115211 0.001934
v -0.099759 0.114693 0.002055
v -0.097944 0.114821 0.002722
v -0.099944 0.114216 0.002538
v -0.098261 0.114207 0.003390
v -0.100960 0.114259 0.001625
v -0.101072 0.113832 0.002178
v -0.101866 0.113737 0.001373
v -0.101954 0.113296 0.002053
v -0.101880 0.112736 0.002810
v -0.101438 0.111915 0.003796
v -0.102736 0.112723 0.001944
v -0.102602 0.112075 0.002820
v -0.102060 0.111143 0.003857
v -0.100793 0.109963 0.004909
v -0.100253 0.110838 0.004879
v -0.103259 0.111320 0.002667
v -0.102602 0.110354 0.003723
v -0.101274 0.109137 0.004816
v -0.103003 0.109535 0.003355
v -0.101670 0.108347 0.004470
v -0.103080 0.108746 0.002696
v -0.101860 0.107633 0.003851
v -0.102926 0.108000 0.001892
v -0.101858 0.106975 0.003040
v -0.102687 0.107236 0.000991
v -0.101723 0.106308 0.002138
v -0.102137 0.106502 -0.000002
v -0.103160 0.107969 0.000072
v -0.102557 0.107154 -0.000883
v -0.101663 0.106140 -0.002048
v -0.102798 0.107808 -0.001703
v -0.101861 0.106698 -0.002901
v -0.102949 0.108468 -0.002475
v -0.101948 0.107281 -0.003697
v -0.100189 0.105830 -0.005046
v -0.101866 0.107936 -0.004397
v -0.100024 0.106492 -0.005689
v -0.097506 0.105076 -0.007030
v -0.099689 0.107254 -0.006120
v -0.097231 0.106000 -0.007457
v -0.099254 0.108116 -0.006326
v -0.096884 0.106958 -0.007682
v -0.098758 0.109031 -0.006375
v -0.101110 0.109396 -0.005083
v -0.101571 0.108654 -0.004864
v -0.102666 0.109860 -0.003674
v -0.102214 0.110583 -0.004004
v -0.103057 0.110763 -0.002782
v -0.102525 0.111397 -0.003169
v -0.103154 0.111488 -0.002101
v -0.102524 0.112016 -0.002581
v -0.101758 0.112434 -0.003054
v -0.102434 0.112619 -0.002109
v -0.101588 0.112975 -0.002684
v -0.102215 0.113179 -0.001664
v -0.101366 0.113505 -0.002287
v -0.101893 0.113686 -0.001241
v -0.101082 0.113988 -0.001877
v -0.101496 0.114167 -0.000856
v -0.100748 0.114397 -0.001445
v -0.102001 0.113873 -0.000213
v -0.101438 0.114425 0.000130
v -0.102509 0.113368 -0.000601
v -0.103006 0.113053 0.000082
v -0.102387 0.113580 0.000452
v -0.102875 0.112802 -0.001038
v -0.103401 0.112389 -0.000374
v -0.103746 0.111862 0.000407
v -0.103312 0.112618 0.000844
v -0.103095 0.112174 -0.001526
v -0.103609 0.111662 -0.000896
v -0.103879 0.111053 -0.000147
v -0.103896 0.110374 0.000705
v -0.103786 0.111221 0.001274
v -0.103659 0.110902 -0.001547
v -0.103808 0.110226 -0.000795
v -0.103732 0.109534 0.000016
v -0.103464 0.108804 0.000906
v -0.103646 0.109627 0.001644
v -0.103468 0.109392 -0.001546
v -0.103387 0.108696 -0.000771
v -0.103401 0.110082 -0.002241
v -0.102932 0.109140 -0.003165
v -0.103611 0.110470 0.002251
v -0.103388 0.112029 0.001696
v -0.102641 0.113215 0.001149
v -0.101663 0.114094 0.000754
v -0.100793 0.114607 0.001054
v -0.100589 0.114852 0.000441
v -0.055160 0.005903 -0.002303
v -0.055583 0.006033 -0.003421
v -0.053403 0.008518 -0.003892
v -0.054085 0.008907 -0.004883
v -0.051853 0.011493 -0.005313
v -0.052767 0.012143 -0.006073
v -0.050361 0.014761 -0.006587
v -0.051477 0.015658 -0.007146
v -0.049036 0.018428 -0.007637
v -0.050278 0.019409 -0.008355
v -0.047881 0.022210 -0.009148
v -0.049759 0.023538 -0.009847
v -0.047551 0.026544 -0.010588
v -0.050012 0.028156 -0.010897
v -0.047769 0.031185 -0.011617
v -0.050029 0.032619 -0.011885
v -0.047815 0.035719 -0.012521
v -0.049844 0.037075 -0.012473
v -0.047726 0.040185 -0.013136
v -0.049631 0.041513 -0.012581
v -0.047508 0.044609 -0.013401
v -0.049222 0.045902 -0.012452
v -0.047005 0.049004 -0.013333
v -0.048402 0.050263 -0.012032
v -0.046137 0.053319 -0.012913
v -0.047253 0.054534 -0.011210
v -0.045012 0.057510 -0.011964
v -0.045839 0.058599 -0.009722
v -0.043756 0.061414 -0.010346
v -0.044192 0.062104 -0.007604
v -0.042505 0.064712 -0.008008
v -0.042560 0.064604 -0.004371
v -0.041581 0.066395 -0.004209
v -0.041956 0.066112 0.000205
v -0.041222 0.067788 0.000325
v -0.040930 0.067882 0.004784
v -0.040442 0.069538 0.004637
v -0.039443 0.069918 0.008649
v -0.039597 0.071710 0.008283
v -0.038451 0.072211 0.011810
v -0.000179 0.100733 0.021177
v -0.000179 0.096296 0.021230
v -0.000179 0.128924 0.018198
v -0.000179 0.087802 0.020017
v -0.000179 0.079134 0.018249
v -0.000179 0.141695 0.015104
v -0.000179 0.137715 0.016123
v -0.000179 0.145542 0.014179
v -0.000179 0.055322 -0.009907
v -0.000179 0.050191 -0.005918
v -0.000179 0.048686 -0.003115
v -0.000179 0.058178 -0.011731
v -0.000179 0.064374 -0.014529
v -0.000179 0.070898 -0.016596
v -0.000179 0.067522 -0.015826
v -0.000179 0.163864 0.009807
v -0.000179 0.187652 0.003440
v -0.000179 0.188848 0.002917
v -0.000179 0.190485 0.002100
v -0.000179 0.190166 0.002254
v -0.000179 0.167439 0.008825
v -0.000179 0.180917 0.005722
v -0.000179 0.183651 0.004925
v -0.000179 0.145585 -0.014010
v -0.000179 0.137723 -0.015969
v -0.000179 0.174477 0.007130
v -0.000179 0.191763 0.001252
v -0.000179 0.191517 0.001434
v -0.000179 0.156560 -0.011126
v -0.000179 0.192187 0.000726
v -0.000179 0.170942 -0.007526
v -0.000179 0.167441 -0.008537
v -0.000179 0.192089 -0.000466
v -0.000179 0.191349 -0.001232
v -0.000179 0.190408 -0.001910
v -0.000179 0.191744 -0.000832
v -0.000179 0.186406 -0.003910
v -0.000179 0.177710 -0.006149
v -0.000179 0.123778 -0.019099
v -0.000179 0.048248 0.000186
v 0.010930 0.108762 -0.020697
v 0.013989 0.069113 -0.017682
v 0.037490 0.077299 -0.014196
v 0.064664 0.007341 -0.004001
v 0.100823 0.111688 -0.004555
v 0.001441 0.190354 -0.001623
v 0.099533 0.114601 -0.000586
v 0.063281 0.002022 -0.000319
v 0.069088 0.003910 0.000075
v 0.095796 0.102540 0.000197
v 0.000676 0.189539 0.002365
v 0.099573 0.112914 0.003161
v 0.063219 0.006643 0.004716
v 0.037815 0.077023 0.014246
v 0.010120 0.068827 0.017154
v 0.011236 0.109823 0.020463
v 0.009324 0.114693 -0.019893
v 0.006205 0.113803 -0.020185
v 0.006670 0.108515 -0.020823
v 0.014965 0.113005 -0.019474
v 0.013123 0.117162 -0.018878
v 0.015415 0.105954 -0.020952
v 0.017964 0.110077 -0.019787
v 0.010131 0.103197 -0.021417
v 0.014510 0.101529 -0.021765
v 0.006643 0.103916 -0.021332
v 0.018336 0.064955 -0.017081
v 0.022054 0.066738 -0.017301
v 0.019100 0.070569 -0.017457
v 0.017252 0.074560 -0.017518
v 0.012844 0.074009 -0.017747
v 0.008496 0.070302 -0.016841
v 0.007768 0.066547 -0.016015
v 0.011814 0.065074 -0.016631
v 0.015703 0.062266 -0.016953
v 0.008263 0.074028 -0.017648
v 0.033096 0.078083 -0.016221
v 0.033673 0.075418 -0.015908
v 0.036823 0.074821 -0.013855
v 0.040137 0.075425 -0.010833
v 0.042971 0.076759 -0.010799
v 0.041749 0.079268 -0.013406
v 0.038746 0.074175 -0.010837
v 0.064043 0.009138 -0.004716
v 0.062807 0.008424 -0.004662
v 0.064057 0.006522 -0.003798
v 0.065109 0.005764 -0.003315
v 0.065554 0.007068 -0.003704
v 0.065331 0.009577 -0.004556
v 0.101492 0.111344 -0.004345
v 0.101854 0.112198 -0.003875
v 0.100889 0.112382 -0.004263
v 0.099366 0.111789 -0.005145
v 0.099790 0.110988 -0.005233
v 0.100275 0.110170 -0.005222
v 0.002047 0.188951 -0.002298
v 0.002588 0.189046 -0.001935
v 0.001556 0.190759 -0.001167
v 0.000849 0.191171 -0.001052
v 0.000861 0.190627 -0.001582
v 0.001338 0.188804 -0.002567
v 0.099977 0.114532 -0.000967
v 0.100552 0.114424 -0.000457
v 0.099830 0.114522 -0.000131
v 0.098672 0.114660 0.000039
v 0.098676 0.114709 -0.000609
v 0.098865 0.114665 -0.001243
v 0.062259 0.002287 -0.000366
v 0.062169 0.002153 0.000307
v 0.063537 0.001839 0.000092
v 0.063593 0.002079 -0.000663
v 0.062382 0.002486 -0.000905
v 0.064030 0.001878 -0.000310
v 0.068865 0.003571 -0.000446
v 0.068455 0.002967 0.000013
v 0.068828 0.003520 0.000526
v 0.069501 0.005254 0.000913
v 0.069611 0.005289 0.000191
v 0.069462 0.005345 -0.000579
v 0.096406 0.103127 0.001384
v 0.097986 0.104350 0.000078
v 0.096331 0.103038 -0.001095
v 0.093577 0.100656 -0.001822
v 0.093552 0.100521 0.000171
v 0.093668 0.100764 0.002101
v 0.000792 0.189859 0.002162
v 0.001377 0.189040 0.002396
v 0.000917 0.188882 0.002619
v 0.000339 0.188827 0.002799
v 0.000269 0.189681 0.002392
v 0.000304 0.190085 0.002185
v 0.098546 0.112324 0.003936
v 0.098058 0.113109 0.003427
v 0.099609 0.113470 0.002640
v 0.100573 0.113144 0.002550
v 0.100242 0.112438 0.003255
v 0.099143 0.111483 0.004294
v 0.064442 0.006586 0.004587
v 0.064199 0.005070 0.003962
v 0.062657 0.005656 0.004307
v 0.062743 0.008341 0.005313
v 0.064208 0.008863 0.005309
v 0.061402 0.007521 0.005125
v 0.036761 0.074288 0.014044
v 0.034317 0.074428 0.015849
v 0.033800 0.076977 0.016192
v 0.041904 0.079118 0.013650
v 0.043009 0.076883 0.011039
v 0.040049 0.075545 0.011123
v 0.038485 0.074025 0.011343
v 0.037157 0.080961 0.016471
v 0.041351 0.082117 0.016502
v 0.033211 0.080515 0.017188
v 0.014738 0.070363 0.018090
v 0.017459 0.066534 0.017667
v 0.014041 0.064467 0.017227
v 0.008795 0.074109 0.018223
v 0.012970 0.074662 0.018376
v 0.011723 0.061900 0.015713
v 0.008087 0.064685 0.015825
v 0.004605 0.070190 0.016270
v 0.004316 0.074469 0.017780
v 0.004206 0.066362 0.015409
v 0.006793 0.109542 0.020427
v 0.006242 0.114462 0.019701
v 0.009695 0.115378 0.019728
v 0.013544 0.117637 0.018303
v 0.015357 0.113706 0.018833
v 0.018532 0.110620 0.019099
v 0.015920 0.106717 0.020340
v 0.014817 0.102294 0.021533
v 0.010455 0.104091 0.021035
v 0.006835 0.104822 0.021156
v 0.003421 0.105070 0.021113
v 0.003381 0.109511 0.020836
v 0.010272 0.099270 0.021446
v 0.006666 0.100180 0.021263
v 0.003250 0.100566 0.021394
v 0.006497 0.095774 0.021317
v 0.003056 0.096160 0.021254
v 0.002955 0.091933 0.020847
v 0.003146 0.114273 0.020415
v 0.002788 0.119244 0.019852
v 0.005689 0.119493 0.019100
v 0.002410 0.124236 0.019215
v 0.002535 0.133558 0.017205
v 0.002345 0.129023 0.018287
v 0.005434 0.133699 0.016626
v 0.005137 0.129206 0.017696
v 0.005252 0.124451 0.018539
v 0.008169 0.129624 0.016912
v 0.008290 0.125042 0.017935
v 0.008815 0.120297 0.018835
v 0.011338 0.125936 0.016780
v 0.012181 0.121665 0.017665
v 0.013923 0.126855 0.015212
v 0.014984 0.123124 0.015876
v 0.016566 0.119537 0.016371
v 0.017155 0.124176 0.013877
v 0.018763 0.120967 0.014190
v 0.020718 0.118063 0.014396
v 0.018569 0.116298 0.016813
v 0.023083 0.115641 0.014575
v 0.021119 0.113549 0.017221
v 0.025738 0.113745 0.014715
v 0.024087 0.111443 0.017712
v 0.021855 0.108239 0.019657
v 0.027162 0.109988 0.018080
v 0.025474 0.106613 0.020173
v 0.024226 0.103129 0.021455
v 0.020080 0.104603 0.020986
v 0.023459 0.099308 0.022189
v 0.019197 0.100613 0.021963
v 0.023206 0.095334 0.022242
v 0.018860 0.096360 0.021932
v 0.014475 0.097838 0.021894
v 0.018886 0.092928 0.022197
v 0.014475 0.094084 0.021633
v 0.010274 0.095124 0.021328
v 0.014546 0.090854 0.021352
v 0.010442 0.091493 0.020722
v 0.006532 0.091800 0.020639
v 0.010769 0.087716 0.019961
v 0.006791 0.087738 0.020017
v 0.003102 0.087699 0.020208
v 0.007289 0.083387 0.019517
v 0.003474 0.083414 0.019392
v 0.003911 0.078987 0.018583
v 0.003486 0.062462 0.014714
v 0.003019 0.141691 0.014927
v 0.002822 0.137760 0.016041
v 0.006087 0.141747 0.014378
v 0.005812 0.137844 0.015443
v 0.008722 0.141812 0.013566
v 0.008606 0.137991 0.014578
v 0.008364 0.133963 0.015746
v 0.010972 0.138107 0.013572
v 0.010964 0.134243 0.014663
v 0.011012 0.130196 0.015756
v 0.013062 0.134483 0.013429
v 0.013364 0.130695 0.014350
v 0.014814 0.134647 0.011902
v 0.015312 0.131061 0.012694
v 0.016037 0.127546 0.013376
v 0.016986 0.131315 0.010509
v 0.017818 0.128053 0.010973
v 0.018935 0.124964 0.011259
v 0.019144 0.128463 0.007831
v 0.020261 0.125606 0.007858
v 0.021629 0.122881 0.007828
v 0.020386 0.122040 0.011349
v 0.023269 0.120318 0.007703
v 0.022207 0.119377 0.011335
v 0.025182 0.118000 0.007544
v 0.024386 0.117099 0.011245
v 0.027597 0.116247 0.007467
v 0.026808 0.115202 0.011169
v 0.030339 0.115249 0.007515
v 0.029526 0.113914 0.011225
v 0.028548 0.112391 0.014899
v 0.032426 0.113315 0.011439
v 0.031528 0.111676 0.015182
v 0.030377 0.109026 0.018317
v 0.034565 0.111129 0.015283
v 0.033668 0.108570 0.018454
v 0.032821 0.105337 0.020695
v 0.029186 0.105726 0.020509
v 0.032110 0.101753 0.021961
v 0.028233 0.102193 0.021775
v 0.031640 0.097972 0.022512
v 0.027607 0.098400 0.022341
v 0.031583 0.094567 0.022625
v 0.027478 0.094760 0.022447
v 0.031770 0.091818 0.022554
v 0.027682 0.091851 0.022502
v 0.023375 0.092216 0.022460
v 0.028040 0.089236 0.022069
v 0.023668 0.089523 0.022098
v 0.019076 0.090108 0.021859
v 0.024038 0.087025 0.020615
v 0.019431 0.087422 0.020445
v 0.014930 0.087661 0.020095
v 0.019798 0.084009 0.019406
v 0.015351 0.083790 0.019533
v 0.011212 0.083541 0.019512
v 0.015995 0.079691 0.018745
v 0.011857 0.079155 0.018656
v 0.007958 0.078803 0.018947
v 0.017189 0.075606 0.017989
v 0.020410 0.080131 0.018861
v 0.021588 0.076439 0.018066
v 0.023237 0.072892 0.017790
v 0.019023 0.071767 0.017930
v 0.025338 0.069675 0.017336
v 0.021367 0.068266 0.017748
v 0.024095 0.065086 0.017508
v 0.020412 0.063155 0.017186
v 0.027875 0.066761 0.017266
v 0.030272 0.063999 0.016783
v 0.026730 0.062276 0.016998
v 0.029196 0.070818 0.017128
v 0.031089 0.067989 0.016802
v 0.033131 0.065317 0.016197
v 0.035230 0.062700 0.015440
v 0.032672 0.061336 0.016356
v 0.033468 0.068847 0.016211
v 0.035090 0.066250 0.015396
v 0.036929 0.063702 0.014434
v 0.038774 0.060926 0.013602
v 0.037278 0.059967 0.014599
v 0.036360 0.066881 0.014541
v 0.037900 0.064324 0.013699
v 0.039489 0.061504 0.012956
v 0.041161 0.058518 0.012304
v 0.040499 0.057954 0.012926
v 0.038482 0.064759 0.013055
v 0.039998 0.061998 0.012367
v 0.041769 0.059122 0.011599
v 0.043809 0.056194 0.010778
v 0.043034 0.055483 0.011608
v 0.040955 0.062846 0.010969
v 0.042731 0.060089 0.010203
v 0.044805 0.057219 0.009341
v 0.046763 0.054141 0.008490
v 0.045875 0.053169 0.009941
v 0.043699 0.061178 0.007947
v 0.045551 0.058278 0.007274
v 0.047444 0.055134 0.006527
v 0.049427 0.051983 0.005841
v 0.048683 0.051021 0.007722
v 0.045684 0.059002 0.003864
v 0.047640 0.055910 0.003274
v 0.049660 0.052702 0.002809
v 0.051633 0.049461 0.002477
v 0.051331 0.048780 0.005253
v 0.047659 0.056211 -0.000685
v 0.049623 0.052923 -0.000861
v 0.051615 0.049603 -0.000849
v 0.053599 0.046188 -0.000782
v 0.053579 0.046126 0.002230
v 0.049516 0.052686 -0.004014
v 0.051531 0.049290 -0.003790
v 0.053554 0.045872 -0.003360
v 0.055546 0.042389 -0.002868
v 0.055592 0.042679 -0.000614
v 0.051358 0.048824 -0.005888
v 0.053389 0.045408 -0.005310
v 0.055330 0.041946 -0.004782
v 0.057175 0.038455 -0.004400
v 0.057374 0.038849 -0.002538
v 0.053057 0.044898 -0.006934
v 0.054935 0.041425 -0.006388
v 0.056793 0.037979 -0.006004
v 0.058596 0.034549 -0.005605
v 0.058999 0.035000 -0.004086
v 0.054396 0.040896 -0.007764
v 0.056253 0.037468 -0.007333
v 0.058129 0.034095 -0.006842
v 0.059929 0.030679 -0.006105
v 0.060358 0.031089 -0.005065
v 0.055522 0.036889 -0.008514
v 0.057462 0.033555 -0.007873
v 0.059389 0.030223 -0.007049
v 0.061357 0.026939 -0.006256
v 0.061775 0.027314 -0.005393
v 0.056519 0.032831 -0.008802
v 0.058610 0.029594 -0.008023
v 0.060607 0.026359 -0.007211
v 0.062463 0.023239 -0.006579
v 0.063202 0.023808 -0.005647
v 0.057381 0.028694 -0.008842
v 0.059429 0.025522 -0.008027
v 0.061380 0.022480 -0.007357
v 0.063124 0.019415 -0.006642
v 0.064175 0.020100 -0.005992
v 0.057952 0.024540 -0.008591
v 0.060035 0.021596 -0.007883
v 0.061913 0.018646 -0.007097
v 0.063472 0.015471 -0.006313
v 0.064678 0.016158 -0.005936
v 0.058337 0.020512 -0.008157
v 0.060321 0.017610 -0.007384
v 0.061992 0.014620 -0.006518
v 0.063177 0.011698 -0.005580
v 0.064558 0.012351 -0.005397
v 0.058236 0.016262 -0.007344
v 0.060157 0.013521 -0.006455
v 0.061635 0.010876 -0.005581
v 0.058408 0.012381 -0.006138
v 0.060151 0.009928 -0.005295
v 0.061623 0.007664 -0.004437
v 0.063126 0.005891 -0.003646
v 0.058874 0.008980 -0.004833
v 0.060564 0.006858 -0.004032
v 0.062259 0.005140 -0.003306
v 0.063740 0.004095 -0.002638
v 0.064381 0.004927 -0.003063
v 0.059667 0.006109 -0.003480
v 0.061509 0.004434 -0.002779
v 0.063125 0.003390 -0.002118
v 0.064338 0.002866 -0.001759
v 0.064876 0.003559 -0.002230
v 0.061003 0.003919 -0.002316
v 0.062720 0.002929 -0.001643
v 0.063956 0.002472 -0.001342
v 0.064818 0.002260 -0.001227
v 0.065228 0.002638 -0.001526
v 0.062570 0.002762 -0.001431
v 0.063765 0.002328 -0.001103
v 0.064477 0.002093 -0.000946
v 0.065072 0.001939 -0.000672
v 0.065433 0.002201 -0.001013
v 0.063686 0.002222 -0.000915
v 0.064250 0.001967 -0.000660
v 0.064704 0.001795 -0.000294
v 0.064293 0.001710 0.000081
v 0.064522 0.001598 0.000518
v 0.065102 0.001640 0.000097
v 0.065570 0.001800 -0.000322
v 0.066003 0.001697 0.000070
v 0.066424 0.001969 -0.000378
v 0.065969 0.002088 -0.000716
v 0.065474 0.001568 0.000533
v 0.064788 0.001538 0.000980
v 0.065096 0.001638 0.001414
v 0.065840 0.001656 0.000991
v 0.066422 0.001738 0.000526
v 0.066229 0.001981 0.001444
v 0.066815 0.002036 0.001010
v 0.067326 0.002129 0.000536
v 0.066888 0.001928 0.000040
v 0.067797 0.002324 0.000015
v 0.067347 0.002273 -0.000466
v 0.066873 0.002366 -0.000822
v 0.067759 0.002883 -0.000940
v 0.067340 0.002990 -0.001237
v 0.066901 0.003072 -0.001494
v 0.066386 0.002478 -0.001104
v 0.066385 0.003151 -0.001727
v 0.065851 0.002561 -0.001343
v 0.065744 0.003294 -0.001958
v 0.066970 0.004108 -0.002137
v 0.066279 0.004221 -0.002375
v 0.065433 0.004457 -0.002668
v 0.066814 0.005460 -0.002822
v 0.065959 0.005568 -0.003059
v 0.067253 0.007462 -0.003344
v 0.066395 0.007280 -0.003558
v 0.067244 0.010196 -0.003943
v 0.066357 0.009908 -0.004267
v 0.066751 0.013373 -0.004683
v 0.065757 0.012906 -0.005087
v 0.065704 0.016759 -0.005381
v 0.067502 0.013790 -0.004110
v 0.066481 0.017253 -0.004733
v 0.064941 0.020612 -0.005185
v 0.066785 0.017514 -0.004156
v 0.065250 0.020871 -0.004562
v 0.063540 0.024098 -0.004908
v 0.065381 0.021041 -0.004095
v 0.063707 0.024315 -0.004283
v 0.062075 0.027624 -0.004541
v 0.063906 0.024617 -0.003218
v 0.062338 0.027986 -0.003346
v 0.060708 0.031507 -0.003702
v 0.062514 0.028313 -0.001855
v 0.060914 0.031859 -0.002015
v 0.059164 0.035339 -0.002266
v 0.060881 0.032015 -0.000285
v 0.059161 0.035532 -0.000355
v 0.057408 0.039091 -0.000452
v 0.058958 0.035489 0.001637
v 0.057233 0.039062 0.001782
v 0.055497 0.042655 0.001993
v 0.056826 0.038681 0.003684
v 0.055216 0.042232 0.004128
v 0.053282 0.045557 0.004688
v 0.054528 0.041502 0.005747
v 0.052618 0.044736 0.006357
v 0.050639 0.047889 0.007033
v 0.051837 0.043940 0.007652
v 0.049848 0.047045 0.008371
v 0.047863 0.050132 0.009132
v 0.049084 0.046326 0.009390
v 0.047051 0.049366 0.010134
v 0.045056 0.052430 0.010902
v 0.046211 0.048651 0.010983
v 0.044240 0.051748 0.011654
v 0.042336 0.054864 0.012260
v 0.043070 0.050834 0.012601
v 0.041143 0.053951 0.013198
v 0.039232 0.057080 0.013861
v 0.039326 0.052786 0.014313
v 0.037161 0.055801 0.014960
v 0.034974 0.058643 0.015686
v 0.034424 0.054046 0.015908
v 0.031915 0.056834 0.016477
v 0.029366 0.059542 0.016913
v 0.028845 0.054722 0.016720
v 0.026086 0.057444 0.017046
v 0.023287 0.060197 0.017072
v 0.023128 0.055006 0.017185
v 0.020217 0.057815 0.017120
v 0.017255 0.060884 0.017227
v 0.017715 0.055468 0.015684
v 0.014799 0.058467 0.015696
v 0.015812 0.053287 0.014239
v 0.012850 0.056034 0.014283
v 0.009844 0.058983 0.014819
v 0.011321 0.054048 0.013357
v 0.008408 0.056460 0.013672
v 0.005722 0.058192 0.013290
v 0.006710 0.061394 0.014645
v 0.002935 0.059194 0.012871
v 0.005090 0.055449 0.011254
v 0.002533 0.056265 0.010879
v 0.002208 0.053490 0.008674
v 0.003241 0.149264 0.013096
v 0.003173 0.145515 0.013978
v 0.006285 0.149286 0.012615
v 0.006238 0.145532 0.013454
v 0.008556 0.149300 0.011943
v 0.008678 0.145567 0.012716
v 0.010537 0.149322 0.011187
v 0.010755 0.145603 0.011870
v 0.010924 0.141860 0.012635
v 0.012495 0.145646 0.010959
v 0.012722 0.141919 0.011612
v 0.012913 0.138198 0.012468
v 0.014185 0.141945 0.010360
v 0.014462 0.138259 0.011081
v 0.015521 0.141896 0.008654
v 0.015885 0.138289 0.009292
v 0.016369 0.134748 0.009937
v 0.017009 0.138222 0.006841
v 0.017545 0.134790 0.007281
v 0.018245 0.131530 0.007647
v 0.018196 0.134800 0.003899
v 0.018964 0.131662 0.003964
v 0.019895 0.128728 0.003978
v 0.019150 0.131689 -0.000105
v 0.020036 0.128779 -0.000167
v 0.021124 0.126070 -0.000206
v 0.021011 0.126008 0.003952
v 0.022559 0.123541 -0.000237
v 0.022385 0.123412 0.003888
v 0.024220 0.121166 -0.000253
v 0.023962 0.120934 0.003781
v 0.026045 0.118956 -0.000259
v 0.025760 0.118655 0.003640
v 0.028330 0.117298 -0.000289
v 0.028125 0.116973 0.003571
v 0.031055 0.116593 -0.000321
v 0.030848 0.116130 0.003593
v 0.033815 0.116059 -0.000342
v 0.033628 0.115545 0.003630
v 0.033144 0.114652 0.007601
v 0.036481 0.115313 0.003710
v 0.036028 0.114375 0.007728
v 0.035374 0.113007 0.011620
v 0.039001 0.114234 0.007829
v 0.038411 0.112809 0.011721
v 0.037705 0.110862 0.015336
v 0.041527 0.112840 0.011832
v 0.040927 0.110745 0.015304
v 0.040353 0.108461 0.018419
v 0.036997 0.108414 0.018490
v 0.039904 0.105622 0.020833
v 0.036390 0.105363 0.020825
v 0.039590 0.102155 0.022106
v 0.035881 0.101777 0.022053
v 0.039486 0.098563 0.022533
v 0.035540 0.098061 0.022554
v 0.039601 0.095508 0.022620
v 0.035547 0.094863 0.022633
v 0.039825 0.092916 0.022371
v 0.035794 0.092203 0.022520
v 0.040062 0.090557 0.021855
v 0.036055 0.089738 0.021972
v 0.032030 0.089266 0.022005
v 0.036317 0.087542 0.020344
v 0.032451 0.086920 0.020350
v 0.028509 0.086762 0.020432
v 0.032814 0.083890 0.018614
v 0.028766 0.083816 0.018690
v 0.024330 0.084017 0.019201
v 0.029157 0.080377 0.017971
v 0.024842 0.080382 0.018696
v 0.030049 0.077142 0.017456
v 0.025937 0.076954 0.018088
v 0.031312 0.074230 0.017057
v 0.027467 0.073730 0.017593
v 0.032389 0.071573 0.016647
v 0.034605 0.071998 0.015690
v 0.035183 0.069447 0.015293
v 0.036424 0.072277 0.014195
v 0.036529 0.069895 0.014155
v 0.037204 0.067366 0.013741
v 0.037960 0.070177 0.012083
v 0.038422 0.067909 0.012055
v 0.039299 0.065411 0.011828
v 0.039573 0.068125 0.008898
v 0.040588 0.066066 0.008787
v 0.041929 0.063727 0.008478
v 0.041408 0.066099 0.004635
v 0.042579 0.064200 0.004693
v 0.043969 0.061781 0.004332
v 0.042653 0.064305 0.000036
v 0.043858 0.062012 -0.000217
v 0.045531 0.059326 -0.000472
v 0.043577 0.062149 -0.004362
v 0.045446 0.059243 -0.004244
v 0.047472 0.056038 -0.004119
v 0.045331 0.058936 -0.007083
v 0.047321 0.055678 -0.006710
v 0.049333 0.052257 -0.006375
v 0.046959 0.055188 -0.008783
v 0.048999 0.051776 -0.008179
v 0.051064 0.048316 -0.007574
v 0.048460 0.051098 -0.009883
v 0.050524 0.047719 -0.009075
v 0.052524 0.044318 -0.008354
v 0.049684 0.046886 -0.010482
v 0.051746 0.043603 -0.009738
v 0.053628 0.040259 -0.009068
v 0.050508 0.042637 -0.010892
v 0.052485 0.039393 -0.010173
v 0.054475 0.036093 -0.009534
v 0.051007 0.038337 -0.011011
v 0.053074 0.035099 -0.010316
v 0.055221 0.031862 -0.009578
v 0.051468 0.033989 -0.010901
v 0.053642 0.030773 -0.010138
v 0.055785 0.027614 -0.009414
v 0.051802 0.029610 -0.010459
v 0.054005 0.026487 -0.009703
v 0.056236 0.023434 -0.008939
v 0.051863 0.025173 -0.009790
v 0.053994 0.022086 -0.008983
v 0.056120 0.019115 -0.008149
v 0.051604 0.020660 -0.008659
v 0.053927 0.017777 -0.007798
v 0.056258 0.015045 -0.006988
v 0.052428 0.016749 -0.007345
v 0.054804 0.014061 -0.006589
v 0.056996 0.011388 -0.005715
v 0.053571 0.013153 -0.006063
v 0.055811 0.010549 -0.005192
v 0.057781 0.008177 -0.004275
v 0.054893 0.009940 -0.004590
v 0.057003 0.007608 -0.003731
v 0.059050 0.005569 -0.002991
v 0.056477 0.007210 -0.003277
v 0.058638 0.005215 -0.002580
v 0.060733 0.003647 -0.002002
v 0.058331 0.004977 -0.002171
v 0.060553 0.003494 -0.001700
v 0.062493 0.002668 -0.001234
v 0.060354 0.003327 -0.001222
v 0.058040 0.004795 -0.001578
v 0.057775 0.004630 -0.000734
v 0.060169 0.003167 -0.000523
v 0.057648 0.004514 0.000211
v 0.060076 0.003067 0.000272
v 0.057674 0.004489 0.001151
v 0.060092 0.003057 0.001021
v 0.062149 0.002124 0.000878
v 0.063594 0.001736 0.000537
v 0.060214 0.003152 0.001625
v 0.062208 0.002148 0.001366
v 0.063680 0.001701 0.000951
v 0.062313 0.002220 0.001700
v 0.063840 0.001712 0.001351
v 0.062472 0.002349 0.002064
v 0.064057 0.001824 0.001739
v 0.062782 0.002660 0.002589
v 0.064377 0.002135 0.002250
v 0.065473 0.001962 0.001845
v 0.064761 0.002807 0.002766
v 0.065884 0.002584 0.002353
v 0.066677 0.002529 0.001936
v 0.066322 0.003573 0.002924
v 0.067203 0.003469 0.002561
v 0.067912 0.003401 0.002188
v 0.067299 0.002516 0.001543
v 0.068378 0.003422 0.001665
v 0.067787 0.002570 0.001056
v 0.068632 0.003466 0.001067
v 0.068117 0.002730 0.000516
v 0.068111 0.002869 -0.000502
v 0.068571 0.003685 -0.000960
v 0.068205 0.003819 -0.001372
v 0.069188 0.005392 -0.001238
v 0.068856 0.005396 -0.001750
v 0.068544 0.005417 -0.002113
v 0.067880 0.003923 -0.001650
v 0.068124 0.005429 -0.002428
v 0.067470 0.004020 -0.001879
v 0.067505 0.005447 -0.002629
v 0.068500 0.007651 -0.002869
v 0.067920 0.007559 -0.003129
v 0.068446 0.010663 -0.003307
v 0.067992 0.010459 -0.003589
v 0.067887 0.014047 -0.003669
v 0.068822 0.010838 -0.002949
v 0.068085 0.014226 -0.003330
v 0.066897 0.017665 -0.003753
v 0.068322 0.014423 -0.002695
v 0.067091 0.017878 -0.002990
v 0.065549 0.021313 -0.003176
v 0.067261 0.018101 -0.001852
v 0.065682 0.021597 -0.001887
v 0.064050 0.024889 -0.001816
v 0.065709 0.021714 -0.000468
v 0.064068 0.025016 -0.000342
v 0.062508 0.028494 -0.000265
v 0.063888 0.024927 0.001235
v 0.062327 0.028455 0.001426
v 0.060706 0.031992 0.001545
v 0.061898 0.028147 0.003145
v 0.060243 0.031694 0.003332
v 0.058514 0.035188 0.003459
v 0.059619 0.031261 0.004757
v 0.057872 0.034685 0.004967
v 0.056186 0.038080 0.005268
v 0.057257 0.034182 0.006056
v 0.055534 0.037520 0.006462
v 0.053768 0.040794 0.007004
v 0.054866 0.036973 0.007413
v 0.053024 0.040157 0.007986
v 0.051074 0.043246 0.008646
v 0.052166 0.039443 0.008916
v 0.050203 0.042527 0.009564
v 0.048235 0.045591 0.010294
v 0.049123 0.041663 0.010521
v 0.047144 0.044710 0.011241
v 0.045084 0.047768 0.011948
v 0.045685 0.043603 0.012250
v 0.043576 0.046645 0.013032
v 0.041430 0.049715 0.013727
v 0.041559 0.045177 0.013962
v 0.039215 0.048178 0.014697
v 0.036857 0.051178 0.015403
v 0.036723 0.046322 0.015230
v 0.034192 0.049264 0.015971
v 0.031554 0.052020 0.016303
v 0.031664 0.047069 0.015942
v 0.028954 0.049775 0.016262
v 0.026087 0.052371 0.016831
v 0.026565 0.047458 0.015561
v 0.023642 0.050010 0.015911
v 0.020668 0.052685 0.015804
v 0.021765 0.048147 0.013946
v 0.018801 0.050705 0.014136
v 0.019935 0.046229 0.012616
v 0.017104 0.048758 0.012995
v 0.014266 0.051284 0.013167
v 0.015605 0.047094 0.011426
v 0.013072 0.049872 0.011522
v 0.010339 0.052281 0.011609
v 0.012114 0.048483 0.009216
v 0.009604 0.050529 0.009286
v 0.006983 0.051940 0.009243
v 0.007652 0.054285 0.011502
v 0.004493 0.052785 0.009056
v 0.006170 0.049426 0.006755
v 0.003984 0.050290 0.006587
v 0.001896 0.050755 0.006463
v 0.003706 0.048567 0.003506
v 0.001737 0.048909 0.003505
v 0.002141 0.052969 -0.007493
v 0.002393 0.055423 -0.009569
v 0.001827 0.050300 -0.005826
v 0.003803 0.049789 -0.006077
v 0.004301 0.052292 -0.008057
v 0.001703 0.048763 -0.003088
v 0.003609 0.048371 -0.003172
v 0.005591 0.047863 -0.003246
v 0.005907 0.049101 -0.006261
v 0.001681 0.048332 0.000164
v 0.003580 0.048033 0.000125
v 0.005529 0.047500 0.000064
v 0.007699 0.046685 -0.000044
v 0.007802 0.047154 -0.003300
v 0.005703 0.047941 0.003489
v 0.007987 0.047139 0.003344
v 0.010340 0.045728 0.003186
v 0.010063 0.045457 -0.000182
v 0.008643 0.048488 0.006624
v 0.011053 0.046793 0.006515
v 0.013455 0.044718 0.006273
v 0.012794 0.043935 0.002943
v 0.014484 0.045899 0.009127
v 0.016733 0.043127 0.008924
v 0.015776 0.042313 0.005957
v 0.018186 0.044465 0.011133
v 0.020651 0.041735 0.010754
v 0.019045 0.040424 0.008454
v 0.022543 0.043558 0.012337
v 0.025078 0.041009 0.011798
v 0.022929 0.038973 0.010416
v 0.024535 0.045537 0.013801
v 0.027185 0.042984 0.013362
v 0.029654 0.040344 0.012905
v 0.027457 0.038357 0.011357
v 0.029270 0.044842 0.015181
v 0.031801 0.042144 0.014748
v 0.034245 0.039372 0.014124
v 0.032019 0.037691 0.012290
v 0.034234 0.044270 0.015387
v 0.036693 0.041383 0.014655
v 0.039097 0.038442 0.014038
v 0.036561 0.036550 0.013448
v 0.039139 0.043365 0.014546
v 0.041557 0.040389 0.013922
v 0.043869 0.037433 0.013098
v 0.041381 0.035511 0.013140
v 0.043837 0.042198 0.013202
v 0.046047 0.039222 0.012315
v 0.048202 0.036235 0.011448
v 0.046080 0.034498 0.012102
v 0.047745 0.040570 0.011443
v 0.049779 0.037528 0.010668
v 0.051864 0.034478 0.010015
v 0.050320 0.033206 0.010774
v 0.051100 0.038587 0.009806
v 0.053110 0.035508 0.009161
v 0.055159 0.032457 0.008496
v 0.053948 0.031446 0.009387
v 0.054082 0.036317 0.008298
v 0.056024 0.033158 0.007673
v 0.058040 0.030015 0.007065
v 0.057203 0.029389 0.007819
v 0.056703 0.033717 0.006879
v 0.058623 0.030453 0.006379
v 0.060521 0.027093 0.005786
v 0.060025 0.026763 0.006315
v 0.059091 0.030852 0.005668
v 0.060917 0.027391 0.005268
v 0.062636 0.023896 0.004828
v 0.062378 0.023707 0.005175
v 0.061367 0.027737 0.004503
v 0.062998 0.024192 0.004168
v 0.064777 0.020821 0.003728
v 0.064416 0.020529 0.004331
v 0.063517 0.024608 0.002862
v 0.065231 0.021243 0.002490
v 0.066944 0.017916 0.002035
v 0.066550 0.017554 0.003156
v 0.065530 0.021575 0.000977
v 0.067248 0.018169 0.000701
v 0.068622 0.014657 0.000573
v 0.068491 0.014501 0.001708
v 0.067321 0.018209 -0.000568
v 0.068627 0.014700 -0.000594
v 0.069675 0.011291 -0.000585
v 0.069719 0.011271 0.000458
v 0.068526 0.014611 -0.001724
v 0.069524 0.011211 -0.001547
v 0.069820 0.007948 -0.001401
v 0.070025 0.007977 -0.000569
v 0.069206 0.011014 -0.002429
v 0.069458 0.007862 -0.002116
v 0.068998 0.007747 -0.002572
v 0.070086 0.007963 0.000355
v 0.070012 0.007902 0.001220
v 0.069640 0.011146 0.001438
v 0.069786 0.007744 0.002040
v 0.069455 0.010877 0.002429
v 0.068239 0.014240 0.002716
v 0.069095 0.010580 0.003193
v 0.067930 0.013947 0.003434
v 0.066218 0.017268 0.003793
v 0.067584 0.013664 0.003923
v 0.065977 0.017081 0.004099
v 0.064202 0.020402 0.004585
v 0.065586 0.016817 0.004571
v 0.063852 0.020211 0.004971
v 0.061996 0.023476 0.005585
v 0.063040 0.019698 0.005689
v 0.061217 0.022963 0.006318
v 0.059224 0.026215 0.007037
v 0.059977 0.022112 0.007176
v 0.058002 0.025317 0.007900
v 0.056001 0.028402 0.008674
v 0.056469 0.024161 0.008625
v 0.054460 0.027153 0.009396
v 0.052416 0.030167 0.010142
v 0.052410 0.025547 0.009968
v 0.050346 0.028511 0.010674
v 0.048238 0.031517 0.011355
v 0.047826 0.026610 0.010901
v 0.045716 0.029558 0.011656
v 0.043570 0.032537 0.012380
v 0.043160 0.027880 0.011167
v 0.040959 0.030788 0.011937
v 0.038790 0.033692 0.012689
v 0.038624 0.029261 0.010765
v 0.036425 0.032115 0.011263
v 0.034282 0.034986 0.011655
v 0.034431 0.030493 0.009868
v 0.032138 0.033175 0.010214
v 0.029756 0.035708 0.010865
v 0.029973 0.031076 0.009046
v 0.027571 0.033638 0.009505
v 0.025263 0.036328 0.009924
v 0.025696 0.032011 0.007299
v 0.023349 0.034730 0.007727
v 0.021244 0.037636 0.007995
v 0.022468 0.034241 0.004524
v 0.020196 0.036956 0.005017
v 0.017993 0.039716 0.005520
v 0.019745 0.036815 0.001779
v 0.017493 0.039394 0.002256
v 0.015293 0.041896 0.002603
v 0.017362 0.039401 -0.001025
v 0.015113 0.041814 -0.000667
v 0.012565 0.043772 -0.000384
v 0.015187 0.042078 -0.003721
v 0.012677 0.044151 -0.003542
v 0.010224 0.045930 -0.003389
v 0.013254 0.045068 -0.006434
v 0.010784 0.046978 -0.006353
v 0.008298 0.048384 -0.006242
v 0.011726 0.048535 -0.008937
v 0.009235 0.050342 -0.008634
v 0.006632 0.051366 -0.008522
v 0.010034 0.052037 -0.011081
v 0.007414 0.053647 -0.010621
v 0.004733 0.054458 -0.010402
v 0.008122 0.055830 -0.012684
v 0.005323 0.057044 -0.012358
v 0.002632 0.057888 -0.011826
v 0.005991 0.059804 -0.014103
v 0.003016 0.060879 -0.013370
v 0.003375 0.063915 -0.015024
v 0.003272 0.156646 0.011489
v 0.003275 0.152969 0.012285
v 0.006106 0.156691 0.011021
v 0.006248 0.152996 0.011804
v 0.008173 0.156761 0.010490
v 0.008408 0.153020 0.011195
v 0.009995 0.156830 0.009868
v 0.010315 0.153068 0.010533
v 0.011544 0.156877 0.009161
v 0.011954 0.153114 0.009784
v 0.012237 0.149367 0.010369
v 0.013407 0.153103 0.008720
v 0.013727 0.149369 0.009227
v 0.013975 0.145641 0.009756
v 0.015056 0.149304 0.007663
v 0.015286 0.145555 0.008096
v 0.016001 0.149149 0.005618
v 0.016270 0.145409 0.005934
v 0.016570 0.141762 0.006340
v 0.016841 0.145271 0.003362
v 0.017162 0.141618 0.003552
v 0.017604 0.138121 0.003762
v 0.017318 0.141538 0.000190
v 0.017756 0.138070 0.000079
v 0.018354 0.134803 -0.000015
v 0.017546 0.138118 -0.003665
v 0.018102 0.134786 -0.004015
v 0.018757 0.131648 -0.004199
v 0.017476 0.134855 -0.007392
v 0.018104 0.131567 -0.007846
v 0.018911 0.128411 -0.008096
v 0.019522 0.128608 -0.004295
v 0.019952 0.125417 -0.008192
v 0.020625 0.125783 -0.004331
v 0.021352 0.122640 -0.008225
v 0.022112 0.123191 -0.004333
v 0.023049 0.120083 -0.008197
v 0.023830 0.120788 -0.004283
v 0.025124 0.117918 -0.008189
v 0.025673 0.118532 -0.004174
v 0.027582 0.116319 -0.008212
v 0.028069 0.116918 -0.004174
v 0.030219 0.115171 -0.008246
v 0.030789 0.116103 -0.004272
v 0.032988 0.114623 -0.008365
v 0.033543 0.115558 -0.004357
v 0.035889 0.114316 -0.008481
v 0.036409 0.115219 -0.004432
v 0.036643 0.115784 -0.000362
v 0.039360 0.115148 -0.004489
v 0.039543 0.115683 -0.000346
v 0.039404 0.115255 0.003791
v 0.042565 0.115571 -0.000322
v 0.042431 0.115157 0.003848
v 0.042057 0.114263 0.007937
v 0.045538 0.115066 0.003911
v 0.045210 0.114148 0.007986
v 0.044744 0.112701 0.011809
v 0.048461 0.114205 0.008084
v 0.048069 0.112870 0.011912
v 0.047625 0.110960 0.015241
v 0.044222 0.110780 0.015259
v 0.047235 0.109010 0.018135
v 0.043731 0.108707 0.018328
v 0.047012 0.106675 0.020385
v 0.043431 0.106086 0.020686
v 0.047004 0.103748 0.021768
v 0.043327 0.102878 0.022038
v 0.047171 0.100618 0.022374
v 0.043363 0.099459 0.022519
v 0.047492 0.097550 0.022425
v 0.043572 0.096408 0.022364
v 0.047823 0.095010 0.021992
v 0.043855 0.093895 0.022036
v 0.048135 0.092641 0.021457
v 0.044154 0.091573 0.021689
v 0.048415 0.090511 0.020293
v 0.044398 0.089431 0.020511
v 0.040314 0.088418 0.020484
v 0.044876 0.086689 0.018677
v 0.040763 0.085611 0.018501
v 0.036570 0.084725 0.018191
v 0.045545 0.083541 0.016453
v 0.048973 0.087884 0.018752
v 0.049717 0.085013 0.016478
v 0.050432 0.082183 0.014017
v 0.046136 0.080745 0.013836
v 0.050984 0.079939 0.011008
v 0.046827 0.078389 0.011077
v 0.051385 0.078119 0.007646
v 0.047370 0.076801 0.007785
v 0.043941 0.075712 0.007711
v 0.041511 0.074815 0.007724
v 0.047589 0.075901 0.004066
v 0.044572 0.075173 0.004057
v 0.042389 0.074534 0.004085
v 0.040344 0.073492 0.004117
v 0.039600 0.073699 0.007781
v 0.044939 0.074656 0.000223
v 0.042837 0.074084 0.000300
v 0.040922 0.073114 0.000380
v 0.039976 0.071326 0.000430
v 0.039600 0.071429 0.004351
v 0.042308 0.074551 -0.003478
v 0.040300 0.073551 -0.003368
v 0.039527 0.071561 -0.003526
v 0.039549 0.069666 -0.003750
v 0.040039 0.069407 0.000380
v 0.039586 0.073901 -0.007054
v 0.038666 0.072120 -0.007280
v 0.038786 0.070248 -0.007660
v 0.039385 0.068404 -0.007886
v 0.040143 0.067947 -0.004003
v 0.038117 0.072696 -0.010958
v 0.038039 0.070855 -0.011081
v 0.038668 0.068763 -0.011198
v 0.039892 0.066534 -0.011172
v 0.040338 0.066672 -0.008015
v 0.037042 0.071119 -0.014002
v 0.037862 0.068751 -0.013965
v 0.039234 0.066182 -0.013766
v 0.040785 0.063388 -0.013278
v 0.041450 0.064069 -0.010836
v 0.036248 0.068200 -0.015921
v 0.037743 0.065369 -0.015486
v 0.039475 0.062438 -0.014954
v 0.041299 0.059363 -0.014251
v 0.042507 0.060409 -0.012594
v 0.035742 0.064372 -0.016088
v 0.037691 0.061401 -0.015610
v 0.039725 0.058324 -0.015047
v 0.041801 0.055159 -0.014370
v 0.043222 0.056237 -0.013385
v 0.035781 0.060383 -0.016070
v 0.038021 0.057339 -0.015586
v 0.040282 0.054146 -0.014940
v 0.042425 0.050934 -0.014168
v 0.043925 0.051982 -0.013459
v 0.035920 0.056106 -0.016027
v 0.038447 0.052989 -0.015407
v 0.040725 0.049786 -0.014747
v 0.042935 0.046533 -0.013939
v 0.044575 0.047711 -0.013331
v 0.036208 0.051499 -0.015727
v 0.038691 0.048344 -0.015113
v 0.040978 0.045128 -0.014364
v 0.043138 0.041971 -0.013546
v 0.045082 0.043383 -0.013086
v 0.036384 0.046515 -0.015231
v 0.038652 0.043383 -0.014498
v 0.040809 0.040267 -0.013645
v 0.042961 0.037228 -0.012892
v 0.045266 0.038879 -0.012770
v 0.035984 0.041170 -0.014334
v 0.038172 0.038192 -0.013614
v 0.040390 0.035303 -0.012727
v 0.042647 0.032434 -0.011900
v 0.045163 0.034235 -0.012053
v 0.035512 0.036143 -0.012505
v 0.037900 0.033376 -0.011802
v 0.040302 0.030626 -0.011118
v 0.042740 0.027900 -0.010419
v 0.044937 0.029563 -0.011088
v 0.035886 0.031696 -0.010561
v 0.038439 0.029051 -0.010060
v 0.041049 0.026476 -0.009551
v 0.043689 0.023890 -0.008926
v 0.045177 0.025132 -0.009678
v 0.037089 0.027805 -0.008977
v 0.039805 0.025338 -0.008599
v 0.042482 0.022835 -0.008065
v 0.045074 0.020228 -0.007377
v 0.046209 0.021212 -0.008211
v 0.038776 0.024321 -0.007425
v 0.041484 0.021923 -0.006991
v 0.044190 0.019414 -0.006433
v 0.046768 0.016881 -0.005876
v 0.047619 0.017585 -0.006712
v 0.040751 0.021158 -0.005870
v 0.043505 0.018787 -0.005481
v 0.046091 0.016307 -0.004998
v 0.048616 0.013832 -0.004542
v 0.049309 0.014375 -0.005356
v 0.042840 0.018152 -0.004253
v 0.045420 0.015747 -0.003826
v 0.047960 0.013330 -0.003392
v 0.050497 0.011002 -0.002967
v 0.051161 0.011447 -0.004007
v 0.044773 0.015221 -0.002273
v 0.047350 0.012879 -0.001941
v 0.049928 0.010613 -0.001619
v 0.052516 0.008457 -0.001317
v 0.053025 0.008746 -0.002553
v 0.046862 0.012471 -0.000326
v 0.049568 0.010334 -0.000142
v 0.052196 0.008227 0.000009
v 0.054964 0.006235 0.000117
v 0.055158 0.006384 -0.001039
v 0.049491 0.010218 0.001394
v 0.052145 0.008120 0.001372
v 0.054963 0.006172 0.001259
v 0.052368 0.008141 0.002725
v 0.055123 0.006155 0.002354
v 0.057804 0.004509 0.001956
v 0.055470 0.006286 0.003313
v 0.058018 0.004606 0.002601
v 0.060333 0.003232 0.002041
v 0.058307 0.004780 0.003257
v 0.060509 0.003345 0.002521
v 0.058822 0.005180 0.003924
v 0.060876 0.003643 0.003170
v 0.059548 0.005827 0.004394
v 0.061436 0.004225 0.003674
v 0.063248 0.003305 0.003109
v 0.062069 0.004953 0.004030
v 0.063753 0.004117 0.003564
v 0.065183 0.003735 0.003258
v 0.065600 0.005034 0.003760
v 0.066748 0.005037 0.003491
v 0.065831 0.006872 0.004395
v 0.066970 0.007060 0.004122
v 0.067991 0.007187 0.003795
v 0.067689 0.005009 0.003157
v 0.068817 0.007325 0.003301
v 0.068459 0.004999 0.002736
v 0.069374 0.007525 0.002715
v 0.068995 0.005060 0.002183
v 0.069307 0.005152 0.001557
v 0.068544 0.010286 0.003821
v 0.067801 0.009999 0.004291
v 0.067019 0.013314 0.004476
v 0.066806 0.009661 0.004728
v 0.066088 0.012805 0.005074
v 0.064742 0.016311 0.005298
v 0.064886 0.012205 0.005624
v 0.063524 0.015560 0.006058
v 0.061835 0.018883 0.006530
v 0.062140 0.014713 0.006609
v 0.060433 0.017924 0.007186
v 0.058520 0.021085 0.007908
v 0.058683 0.016706 0.007658
v 0.056636 0.019712 0.008447
v 0.054494 0.022650 0.009200
v 0.054474 0.018070 0.008705
v 0.052133 0.020863 0.009395
v 0.049935 0.023695 0.010158
v 0.050103 0.019343 0.008968
v 0.047669 0.022148 0.009677
v 0.045370 0.024999 0.010462
v 0.045936 0.020928 0.008885
v 0.043369 0.023656 0.009533
v 0.040949 0.026473 0.010091
v 0.041833 0.022425 0.008578
v 0.039211 0.025103 0.009115
v 0.036750 0.027744 0.009609
v 0.037460 0.023411 0.008226
v 0.034903 0.025934 0.008504
v 0.032417 0.028493 0.008746
v 0.033454 0.024394 0.006431
v 0.030757 0.026776 0.006650
v 0.028145 0.029339 0.006922
v 0.030273 0.026399 0.003604
v 0.027536 0.028965 0.003752
v 0.024894 0.031583 0.004076
v 0.027435 0.029065 0.000780
v 0.024737 0.031689 0.000936
v 0.022209 0.034294 0.001268
v 0.024837 0.031906 -0.001808
v 0.022195 0.034458 -0.001657
v 0.019686 0.036975 -0.001375
v 0.022550 0.034833 -0.004096
v 0.019956 0.037336 -0.004076
v 0.017565 0.039790 -0.003931
v 0.020658 0.037964 -0.006366
v 0.018124 0.040452 -0.006516
v 0.015639 0.042757 -0.006534
v 0.019011 0.041257 -0.008788
v 0.016505 0.043759 -0.009070
v 0.014166 0.046239 -0.009091
v 0.017880 0.045067 -0.011057
v 0.015305 0.047560 -0.011340
v 0.012631 0.049978 -0.011328
v 0.016788 0.049239 -0.012848
v 0.013940 0.051719 -0.013105
v 0.010947 0.053931 -0.013212
v 0.015425 0.053854 -0.014348
v 0.012175 0.056360 -0.014408
v 0.009053 0.058393 -0.014312
v 0.013740 0.059195 -0.015592
v 0.010254 0.061533 -0.015451
v 0.006887 0.063037 -0.015068
v 0.003776 0.067363 -0.015415
v 0.004004 0.070874 -0.015990
v 0.003977 0.074270 -0.017193
v 0.007826 0.077865 -0.018203
v 0.003728 0.077958 -0.017666
v 0.007274 0.081635 -0.018952
v 0.003382 0.081607 -0.018584
v 0.002936 0.085288 -0.019426
v 0.003122 0.163903 0.009652
v 0.003220 0.160290 0.010593
v 0.005591 0.164014 0.009266
v 0.005886 0.160368 0.010165
v 0.007327 0.164128 0.008845
v 0.007801 0.160463 0.009694
v 0.008889 0.164223 0.008279
v 0.009520 0.160558 0.009146
v 0.010187 0.164287 0.007575
v 0.010976 0.160626 0.008470
v 0.011285 0.164322 0.006685
v 0.012207 0.160639 0.007510
v 0.012874 0.156876 0.008151
v 0.013294 0.160609 0.006268
v 0.014028 0.156821 0.006795
v 0.014623 0.153042 0.007242
v 0.014887 0.156706 0.005065
v 0.015492 0.152893 0.005323
v 0.015314 0.156576 0.003032
v 0.015913 0.152764 0.003121
v 0.016530 0.148991 0.003235
v 0.015939 0.152692 0.000656
v 0.016534 0.148899 0.000485
v 0.016970 0.145190 0.000322
v 0.016257 0.149001 -0.002296
v 0.016725 0.145269 -0.002776
v 0.017139 0.141601 -0.003250
v 0.016134 0.145504 -0.005329
v 0.016538 0.141822 -0.006072
v 0.016955 0.138265 -0.006782
v 0.015715 0.142101 -0.008329
v 0.016069 0.138439 -0.009211
v 0.016477 0.134891 -0.010009
v 0.014812 0.138545 -0.011130
v 0.015118 0.134855 -0.012108
v 0.015611 0.131205 -0.013062
v 0.017077 0.131427 -0.010732
v 0.016324 0.127639 -0.013873
v 0.017897 0.128092 -0.011263
v 0.017350 0.124207 -0.014404
v 0.018940 0.124921 -0.011579
v 0.018874 0.120957 -0.014827
v 0.020355 0.121946 -0.011770
v 0.020735 0.118033 -0.015117
v 0.022128 0.119243 -0.011878
v 0.022973 0.115532 -0.015287
v 0.024259 0.116936 -0.011904
v 0.025538 0.113578 -0.015461
v 0.026716 0.115148 -0.011957
v 0.028275 0.112175 -0.015682
v 0.029390 0.113889 -0.012083
v 0.031175 0.111239 -0.015811
v 0.032187 0.113144 -0.012220
v 0.034307 0.110687 -0.015887
v 0.035157 0.112758 -0.012329
v 0.037584 0.110452 -0.015858
v 0.038286 0.112521 -0.012368
v 0.038911 0.114128 -0.008560
v 0.041487 0.112464 -0.012359
v 0.042001 0.114064 -0.008577
v 0.042392 0.115107 -0.004508
v 0.045196 0.114003 -0.008536
v 0.045510 0.115010 -0.004495
v 0.045661 0.115465 -0.000291
v 0.048725 0.114858 -0.004474
v 0.048842 0.115331 -0.000266
v 0.048745 0.115050 0.003983
v 0.052093 0.115202 -0.000236
v 0.052022 0.114934 0.004041
v 0.051817 0.114119 0.008151
v 0.055345 0.114715 0.004071
v 0.055244 0.114011 0.008194
v 0.055062 0.112638 0.011920
v 0.051521 0.112827 0.011937
v 0.054846 0.111061 0.015089
v 0.051181 0.111114 0.015202
v 0.054631 0.109442 0.017602
v 0.050866 0.109298 0.017856
v 0.054478 0.107586 0.019542
v 0.050685 0.107200 0.019978
v 0.054492 0.105437 0.020919
v 0.050696 0.104684 0.021366
v 0.054600 0.102902 0.021592
v 0.050868 0.101816 0.021948
v 0.054895 0.100230 0.021725
v 0.051192 0.098892 0.022091
v 0.055306 0.097681 0.021477
v 0.051604 0.096249 0.021936
v 0.055815 0.095221 0.021205
v 0.052044 0.093813 0.021383
v 0.056272 0.093094 0.019964
v 0.052441 0.091737 0.020159
v 0.056945 0.090609 0.018410
v 0.053086 0.089193 0.018719
v 0.057869 0.087624 0.016648
v 0.053875 0.086267 0.016696
v 0.058409 0.085141 0.013785
v 0.054477 0.083712 0.013936
v 0.058783 0.082973 0.010593
v 0.054970 0.081430 0.010872
v 0.059163 0.081314 0.007188
v 0.055377 0.079573 0.007458
v 0.059509 0.080173 0.003683
v 0.055617 0.078366 0.003820
v 0.051486 0.076970 0.003951
v 0.055701 0.077773 0.000074
v 0.051460 0.076462 0.000109
v 0.047697 0.075457 0.000154
v 0.051384 0.076839 -0.003730
v 0.047478 0.075806 -0.003703
v 0.044538 0.075040 -0.003611
v 0.047224 0.076533 -0.007495
v 0.043910 0.075546 -0.007332
v 0.041515 0.074864 -0.007173
v 0.046728 0.078199 -0.010821
v 0.051317 0.077775 -0.007444
v 0.050932 0.079565 -0.010786
v 0.050350 0.082081 -0.013686
v 0.046009 0.080927 -0.013374
v 0.049716 0.084713 -0.016509
v 0.045578 0.083393 -0.016473
v 0.041333 0.082196 -0.016509
v 0.036963 0.081211 -0.016688
v 0.044961 0.086155 -0.018851
v 0.040850 0.085203 -0.018629
v 0.036694 0.084500 -0.018508
v 0.032551 0.084266 -0.018412
v 0.032694 0.081430 -0.017299
v 0.040398 0.088109 -0.020033
v 0.036418 0.087091 -0.020149
v 0.032409 0.086669 -0.020041
v 0.028350 0.086685 -0.020109
v 0.028396 0.084442 -0.018762
v 0.036195 0.089253 -0.021715
v 0.032257 0.088799 -0.021817
v 0.028138 0.088845 -0.021942
v 0.023609 0.089324 -0.022157
v 0.023878 0.086979 -0.020717
v 0.032067 0.091404 -0.022550
v 0.027919 0.091496 -0.022552
v 0.023440 0.092011 -0.022365
v 0.018789 0.092874 -0.022091
v 0.018890 0.090256 -0.022031
v 0.027731 0.094312 -0.022521
v 0.023289 0.094864 -0.022290
v 0.018719 0.095872 -0.022045
v 0.014196 0.097359 -0.022021
v 0.014211 0.094013 -0.021850
v 0.023324 0.098615 -0.022287
v 0.018870 0.099920 -0.022289
v 0.023819 0.102487 -0.021867
v 0.019529 0.103919 -0.021442
v 0.024955 0.106098 -0.020690
v 0.021268 0.107728 -0.020217
v 0.026681 0.109538 -0.018713
v 0.023633 0.111058 -0.018357
v 0.020807 0.113326 -0.018069
v 0.018389 0.116110 -0.017835
v 0.016453 0.119405 -0.017235
v 0.014988 0.123097 -0.016647
v 0.011840 0.121483 -0.018304
v 0.011281 0.125967 -0.017460
v 0.008331 0.124972 -0.018136
v 0.008594 0.119985 -0.019083
v 0.014081 0.126953 -0.015927
v 0.013619 0.130855 -0.014937
v 0.011155 0.130367 -0.016392
v 0.011239 0.134543 -0.015120
v 0.008700 0.134198 -0.015881
v 0.008411 0.129717 -0.017079
v 0.013414 0.134732 -0.013803
v 0.013322 0.138582 -0.012719
v 0.011374 0.138507 -0.013983
v 0.011337 0.142323 -0.012966
v 0.009100 0.142203 -0.013800
v 0.009005 0.138326 -0.014761
v 0.013212 0.142358 -0.011765
v 0.012949 0.146086 -0.010863
v 0.011136 0.146072 -0.012113
v 0.014596 0.142273 -0.010161
v 0.014267 0.145971 -0.009269
v 0.013920 0.149698 -0.008494
v 0.012593 0.149787 -0.010089
v 0.015298 0.145764 -0.007441
v 0.014878 0.149495 -0.006667
v 0.014357 0.153209 -0.006015
v 0.013404 0.153371 -0.007797
v 0.015674 0.149238 -0.004639
v 0.015123 0.152998 -0.004036
v 0.014553 0.156762 -0.003589
v 0.013814 0.156932 -0.005508
v 0.015692 0.152792 -0.001854
v 0.015053 0.156567 -0.001486
v 0.014302 0.160346 -0.001251
v 0.013876 0.160482 -0.003250
v 0.015322 0.156489 0.000754
v 0.014551 0.160288 0.000797
v 0.013458 0.164045 0.000719
v 0.013367 0.164076 -0.001166
v 0.014523 0.160365 0.002845
v 0.013302 0.164114 0.002530
v 0.012084 0.167847 0.002146
v 0.012282 0.167787 0.000528
v 0.014132 0.160520 0.004706
v 0.012893 0.164225 0.004154
v 0.011650 0.167931 0.003605
v 0.010437 0.171607 0.003114
v 0.010867 0.171574 0.001831
v 0.012187 0.164300 0.005545
v 0.011013 0.167964 0.004806
v 0.009890 0.171628 0.004159
v 0.008714 0.175297 0.003624
v 0.009163 0.175274 0.002713
v 0.010249 0.167954 0.005767
v 0.009269 0.171624 0.004983
v 0.008213 0.175281 0.004316
v 0.007095 0.178779 0.003732
v 0.007445 0.178798 0.003213
v 0.008503 0.171586 0.005729
v 0.007578 0.175229 0.004975
v 0.006582 0.178723 0.004307
v 0.005562 0.181795 0.003636
v 0.005953 0.181832 0.003211
v 0.006664 0.175118 0.005635
v 0.005808 0.178608 0.004941
v 0.004908 0.181680 0.004165
v 0.004011 0.184298 0.003499
v 0.004623 0.184445 0.003008
v 0.004751 0.178437 0.005509
v 0.003941 0.181470 0.004702
v 0.003164 0.184049 0.004002
v 0.002404 0.186316 0.003343
v 0.003116 0.186529 0.002930
v 0.002762 0.181226 0.005149
v 0.002175 0.183824 0.004401
v 0.001601 0.186094 0.003677
v 0.001171 0.187822 0.003057
v 0.001828 0.187971 0.002790
v 0.001061 0.183678 0.004699
v 0.000762 0.185924 0.003963
v 0.000523 0.187696 0.003287
v 0.000352 0.190369 0.002005
v 0.000432 0.190595 0.001828
v 0.001088 0.190262 0.001811
v 0.000944 0.190071 0.001980
v 0.001887 0.189528 0.001950
v 0.001654 0.189272 0.002173
v 0.002684 0.188442 0.002182
v 0.002287 0.188192 0.002487
v 0.003662 0.186705 0.002515
v 0.002933 0.188557 0.001902
v 0.003969 0.186773 0.002199
v 0.004956 0.184498 0.002711
v 0.004109 0.186804 0.002055
v 0.005129 0.184499 0.002472
v 0.006206 0.181820 0.002861
v 0.005384 0.184528 0.002086
v 0.006543 0.181852 0.002301
v 0.007854 0.178798 0.002468
v 0.006921 0.181889 0.001401
v 0.008220 0.178788 0.001441
v 0.009523 0.175249 0.001590
v 0.008460 0.178794 0.000275
v 0.009743 0.175240 0.000312
v 0.011025 0.171534 0.000395
v 0.009779 0.175264 -0.001001
v 0.011013 0.171555 -0.001074
v 0.012215 0.167798 -0.001121
v 0.010730 0.171582 -0.002461
v 0.011907 0.167863 -0.002692
v 0.013013 0.164187 -0.002974
v 0.011364 0.167941 -0.004149
v 0.012438 0.164308 -0.004643
v 0.013229 0.160643 -0.005081
v 0.011501 0.164370 -0.006083
v 0.012265 0.160740 -0.006669
v 0.012845 0.157051 -0.007185
v 0.010991 0.160770 -0.007992
v 0.011599 0.157120 -0.008677
v 0.012108 0.153442 -0.009346
v 0.009912 0.157083 -0.009760
v 0.010357 0.153399 -0.010444
v 0.010791 0.149744 -0.011274
v 0.008315 0.153304 -0.011223
v 0.008659 0.149641 -0.012086
v 0.008942 0.145950 -0.012930
v 0.006216 0.149486 -0.012515
v 0.006338 0.145784 -0.013446
v 0.006339 0.142009 -0.014371
v 0.003238 0.145728 -0.014136
v 0.003200 0.141923 -0.015136
v 0.003153 0.137947 -0.016168
v 0.006202 0.138058 -0.015330
v 0.003053 0.133635 -0.017289
v 0.005989 0.133824 -0.016483
v 0.002990 0.128997 -0.018428
v 0.005783 0.129218 -0.017559
v 0.002969 0.124009 -0.019347
v 0.005665 0.124302 -0.018581
v 0.003061 0.118736 -0.020031
v 0.005826 0.119133 -0.019426
v 0.003231 0.113472 -0.020487
v 0.003337 0.108515 -0.020917
v 0.003263 0.104186 -0.021223
v 0.003071 0.100050 -0.021463
v 0.006359 0.099644 -0.021404
v 0.002881 0.096078 -0.021429
v 0.006111 0.095717 -0.021412
v 0.009889 0.095028 -0.021441
v 0.009920 0.098754 -0.021611
v 0.006020 0.092246 -0.020924
v 0.010002 0.091879 -0.020892
v 0.014282 0.091139 -0.021649
v 0.010316 0.088843 -0.020093
v 0.014631 0.088490 -0.020507
v 0.019216 0.087910 -0.020692
v 0.015045 0.085502 -0.019511
v 0.019484 0.085394 -0.019442
v 0.024002 0.084945 -0.019347
v 0.019793 0.082438 -0.018682
v 0.024071 0.082466 -0.018477
v 0.028365 0.081933 -0.018139
v 0.024558 0.079251 -0.017802
v 0.028873 0.078887 -0.017415
v 0.025825 0.075642 -0.017216
v 0.029734 0.075702 -0.016937
v 0.027471 0.072331 -0.017016
v 0.031037 0.072851 -0.016763
v 0.034217 0.073248 -0.015968
v 0.035036 0.070834 -0.016037
v 0.036682 0.073176 -0.013944
v 0.032302 0.070081 -0.016598
v 0.033898 0.067242 -0.016393
v 0.029367 0.069211 -0.016831
v 0.031494 0.066241 -0.016611
v 0.033615 0.063342 -0.016352
v 0.025890 0.068139 -0.017104
v 0.028556 0.064976 -0.016859
v 0.030972 0.061994 -0.016628
v 0.033393 0.059063 -0.016434
v 0.025190 0.063293 -0.016978
v 0.027991 0.060283 -0.016826
v 0.030749 0.057375 -0.016627
v 0.033536 0.054532 -0.016258
v 0.025095 0.058284 -0.016726
v 0.028076 0.055361 -0.016651
v 0.031050 0.052513 -0.016344
v 0.033835 0.049598 -0.015791
v 0.025535 0.052898 -0.016663
v 0.028566 0.050041 -0.016275
v 0.031261 0.047118 -0.015826
v 0.033716 0.044145 -0.015050
v 0.026087 0.047512 -0.015232
v 0.028589 0.044681 -0.014700
v 0.030947 0.041802 -0.014023
v 0.033206 0.038942 -0.013241
v 0.026334 0.042706 -0.012882
v 0.028630 0.039894 -0.012305
v 0.030927 0.037094 -0.011686
v 0.033354 0.034367 -0.011105
v 0.026805 0.038306 -0.010814
v 0.029207 0.035585 -0.010262
v 0.031765 0.032940 -0.009767
v 0.034420 0.030362 -0.009322
v 0.027884 0.034409 -0.008902
v 0.030567 0.031816 -0.008427
v 0.033266 0.029272 -0.008049
v 0.036042 0.026757 -0.007710
v 0.029612 0.030954 -0.007035
v 0.032380 0.028441 -0.006670
v 0.035212 0.025936 -0.006346
v 0.037991 0.023495 -0.006089
v 0.031678 0.027765 -0.005249
v 0.034544 0.025288 -0.004978
v 0.037365 0.022824 -0.004744
v 0.040151 0.020480 -0.004559
v 0.033941 0.024709 -0.003375
v 0.036808 0.022246 -0.003150
v 0.039557 0.019828 -0.002935
v 0.042178 0.017531 -0.002636
v 0.036325 0.021755 -0.001213
v 0.039044 0.019300 -0.000984
v 0.041664 0.017047 -0.000732
v 0.044241 0.014763 -0.000503
v 0.038722 0.019029 0.001251
v 0.041417 0.016840 0.001376
v 0.044049 0.014563 0.001405
v 0.046768 0.012339 0.001398
v 0.041483 0.016904 0.003594
v 0.044210 0.014608 0.003386
v 0.046989 0.012402 0.003180
v 0.049719 0.010273 0.002966
v 0.044681 0.014893 0.005355
v 0.047503 0.012672 0.004912
v 0.050241 0.010548 0.004482
v 0.052869 0.008351 0.003991
v 0.048490 0.013428 0.006301
v 0.051128 0.011152 0.005687
v 0.053654 0.008835 0.004964
v 0.056029 0.006591 0.004163
v 0.052264 0.011998 0.006386
v 0.054616 0.009539 0.005601
v 0.056796 0.007139 0.004804
v 0.055759 0.010396 0.006094
v 0.057735 0.007881 0.005241
v 0.057113 0.011392 0.006522
v 0.058872 0.008762 0.005651
v 0.060399 0.006638 0.004790
v 0.060286 0.009804 0.005961
v 0.058736 0.012522 0.006807
v 0.060486 0.013677 0.006820
v 0.061863 0.010812 0.006084
v 0.063457 0.011560 0.005994
v 0.065623 0.009288 0.005096
v 0.056754 0.015328 0.007792
v 0.055021 0.014057 0.007466
v 0.052600 0.016664 0.008313
v 0.053535 0.012941 0.006953
v 0.051083 0.015524 0.007696
v 0.048569 0.018201 0.008253
v 0.049764 0.014487 0.007070
v 0.047188 0.017060 0.007606
v 0.044498 0.019690 0.008126
v 0.045820 0.015844 0.006829
v 0.043064 0.018359 0.007334
v 0.040264 0.020959 0.007744
v 0.041914 0.017280 0.005727
v 0.039022 0.019718 0.006100
v 0.036226 0.022086 0.006258
v 0.038693 0.019168 0.003680
v 0.035886 0.021548 0.003583
v 0.033077 0.023960 0.003548
v 0.036003 0.021502 0.001051
v 0.033135 0.023960 0.000890
v 0.030214 0.026433 0.000793
v 0.033437 0.024225 -0.001426
v 0.030463 0.026675 -0.001620
v 0.027617 0.029303 -0.001770
v 0.031025 0.027162 -0.003620
v 0.028127 0.029733 -0.003869
v 0.025314 0.032330 -0.004041
v 0.028830 0.030304 -0.005564
v 0.026023 0.032903 -0.005904
v 0.023268 0.035447 -0.006170
v 0.026867 0.033547 -0.007500
v 0.024176 0.036187 -0.007941
v 0.021599 0.038719 -0.008361
v 0.025332 0.037105 -0.009438
v 0.022899 0.039804 -0.009982
v 0.020391 0.042422 -0.010546
v 0.024421 0.041067 -0.011407
v 0.022041 0.043799 -0.011966
v 0.019543 0.046571 -0.012482
v 0.023958 0.045512 -0.013427
v 0.021344 0.048325 -0.013925
v 0.018411 0.051148 -0.014191
v 0.023262 0.050371 -0.015670
v 0.020220 0.053346 -0.015751
v 0.017079 0.056311 -0.015737
v 0.022429 0.055844 -0.016971
v 0.019220 0.059012 -0.016937
v 0.021917 0.061410 -0.016849
v 0.023448 0.071554 -0.017365
v 0.021591 0.075224 -0.017460
v 0.020359 0.079004 -0.018002
v 0.016134 0.078516 -0.017844
v 0.011983 0.078090 -0.017857
v 0.015484 0.082046 -0.018906
v 0.011326 0.081848 -0.018605
v 0.010793 0.085407 -0.019650
v 0.006687 0.085315 -0.019700
v 0.006178 0.088846 -0.020392
v 0.002689 0.088822 -0.020550
v 0.002738 0.092408 -0.020916
v 0.002761 0.171062 0.007773
v 0.002976 0.167494 0.008689
v 0.004684 0.171222 0.007449
v 0.005203 0.167625 0.008322
v 0.006164 0.171377 0.007039
v 0.006789 0.167761 0.007924
v 0.007468 0.171507 0.006452
v 0.008201 0.167879 0.007384
v 0.009340 0.167929 0.006610
v 0.005491 0.174968 0.006226
v 0.004071 0.174785 0.006665
v 0.003417 0.178212 0.005971
v 0.002409 0.174604 0.006961
v 0.001877 0.177974 0.006265
v 0.001386 0.181022 0.005506
v 0.000570 0.191031 0.001493
v 0.000508 0.190805 0.001663
v 0.001314 0.190629 0.001480
v 0.001210 0.190437 0.001660
v 0.002165 0.189870 0.001564
v 0.002024 0.189714 0.001754
v 0.003088 0.188625 0.001711
v 0.002255 0.189991 0.001407
v 0.003219 0.188697 0.001539
v 0.004278 0.186836 0.001795
v 0.003351 0.188774 0.001253
v 0.004523 0.186922 0.001327
v 0.005701 0.184555 0.001360
v 0.004669 0.186988 0.000685
v 0.005920 0.184592 0.000515
v 0.007195 0.181934 0.000356
v 0.006018 0.184650 -0.000400
v 0.007287 0.181984 -0.000707
v 0.008553 0.178820 -0.000896
v 0.007175 0.182034 -0.001751
v 0.008466 0.178852 -0.002028
v 0.009631 0.175302 -0.002259
v 0.008147 0.178849 -0.003000
v 0.009267 0.175312 -0.003360
v 0.010286 0.171617 -0.003716
v 0.008635 0.175267 -0.004273
v 0.009616 0.171631 -0.004827
v 0.010603 0.168000 -0.005461
v 0.008631 0.171577 -0.005679
v 0.009479 0.167964 -0.006452
v 0.010261 0.164359 -0.007216
v 0.008091 0.167866 -0.007168
v 0.008743 0.164304 -0.008127
v 0.009356 0.160719 -0.009007
v 0.006978 0.164197 -0.008747
v 0.007454 0.160577 -0.009635
v 0.007903 0.156944 -0.010379
v 0.005416 0.160419 -0.009957
v 0.005711 0.156745 -0.010621
v 0.006015 0.153156 -0.011640
v 0.003069 0.156683 -0.011210
v 0.003166 0.153092 -0.012239
v 0.003215 0.149428 -0.013162
v 0.000617 0.191415 0.001116
v 0.000607 0.191225 0.001302
v 0.001417 0.190910 0.001099
v 0.001379 0.190756 0.001295
v 0.002341 0.190126 0.001163
v 0.001464 0.191079 0.000829
v 0.002450 0.190211 0.000807
v 0.003481 0.188858 0.000799
v 0.002478 0.190311 0.000396
v 0.003499 0.188924 0.000201
v 0.004703 0.187036 -0.000045
v 0.003476 0.188977 -0.000313
v 0.004680 0.187037 -0.000743
v 0.005927 0.184703 -0.001297
v 0.004555 0.187095 -0.001347
v 0.005706 0.184772 -0.002072
v 0.006922 0.182052 -0.002607
v 0.005437 0.184811 -0.002615
v 0.006570 0.182019 -0.003225
v 0.007676 0.178807 -0.003793
v 0.006038 0.181959 -0.003824
v 0.006976 0.178721 -0.004476
v 0.007813 0.175185 -0.005026
v 0.005997 0.178560 -0.005074
v 0.006694 0.175053 -0.005649
v 0.007385 0.171460 -0.006309
v 0.005363 0.174877 -0.006084
v 0.005960 0.171321 -0.006806
v 0.006496 0.167771 -0.007749
v 0.004340 0.171183 -0.007166
v 0.004744 0.167662 -0.008167
v 0.005097 0.164085 -0.009176
v 0.002631 0.167561 -0.008507
v 0.002833 0.163988 -0.009552
v 0.002961 0.160343 -0.010409
v 0.000656 0.191816 0.000643
v 0.000637 0.191617 0.000912
v 0.001456 0.191198 0.000545
v 0.000665 0.191990 0.000329
v 0.001430 0.191342 0.000238
v 0.002415 0.190377 0.000043
v 0.001305 0.191431 -0.000078
v 0.002300 0.190454 -0.000314
v 0.003418 0.189007 -0.000771
v 0.002114 0.190578 -0.000587
v 0.003267 0.189060 -0.001175
v 0.004320 0.187147 -0.001851
v 0.003000 0.189097 -0.001560
v 0.004026 0.187194 -0.002313
v 0.005024 0.184772 -0.003082
v 0.003479 0.187103 -0.002852
v 0.004337 0.184636 -0.003591
v 0.005203 0.181800 -0.004398
v 0.003413 0.184387 -0.004112
v 0.004109 0.181556 -0.004874
v 0.004760 0.178340 -0.005517
v 0.002796 0.181246 -0.005213
v 0.003352 0.178104 -0.005829
v 0.003877 0.174694 -0.006419
v 0.001721 0.177877 -0.006063
v 0.002072 0.174533 -0.006718
v 0.002381 0.171068 -0.007500
v 0.000615 0.192012 -0.000041
v 0.000535 0.191917 -0.000413
v 0.001178 0.191441 -0.000364
v 0.000420 0.191635 -0.000781
v 0.000999 0.191390 -0.000722
v 0.001867 0.190735 -0.000908
v 0.000338 0.191296 -0.001139
v 0.000352 0.190500 -0.001766
v 0.000856 0.186466 -0.003764
v 0.000607 0.188642 -0.002800
v 0.001833 0.186623 -0.003518
v 0.001102 0.183888 -0.004685
v 0.002280 0.184095 -0.004452
v 0.002730 0.186836 -0.003221
v 0.001400 0.180975 -0.005451
v 0.028801 0.105167 -0.020888
v 0.029951 0.108528 -0.018882
v 0.032609 0.104820 -0.020871
v 0.033389 0.107980 -0.018817
v 0.036433 0.104803 -0.020706
v 0.036942 0.107757 -0.018660
v 0.040110 0.104912 -0.020449
v 0.040491 0.107770 -0.018437
v 0.040954 0.110356 -0.015755
v 0.044034 0.107878 -0.018207
v 0.044377 0.110413 -0.015628
v 0.044801 0.112457 -0.012300
v 0.047845 0.110530 -0.015467
v 0.048170 0.112442 -0.012178
v 0.048469 0.113883 -0.008477
v 0.051613 0.112376 -0.012073
v 0.051826 0.113728 -0.008432
v 0.052002 0.114683 -0.004457
v 0.055229 0.113616 -0.008425
v 0.055323 0.114538 -0.004444
v 0.055375 0.114950 -0.000206
v 0.058639 0.114320 -0.004427
v 0.058632 0.114573 -0.000195
v 0.058653 0.114358 0.004043
v 0.061846 0.114113 -0.000234
v 0.061913 0.113936 0.003935
v 0.062049 0.113345 0.007960
v 0.058681 0.113740 0.008140
v 0.062124 0.111921 0.011496
v 0.058662 0.112576 0.011904
v 0.062210 0.110431 0.014357
v 0.058548 0.110870 0.014865
v 0.062321 0.109121 0.016621
v 0.058466 0.109375 0.017225
v 0.062411 0.107665 0.018410
v 0.058423 0.107718 0.019040
v 0.062533 0.106005 0.019637
v 0.058440 0.105809 0.020360
v 0.062641 0.104112 0.020398
v 0.058526 0.103622 0.021058
v 0.062798 0.102052 0.020723
v 0.058732 0.101302 0.021298
v 0.063003 0.099924 0.020720
v 0.059083 0.098938 0.021256
v 0.063309 0.097722 0.020381
v 0.059539 0.096569 0.020877
v 0.063650 0.095451 0.019566
v 0.059963 0.094307 0.019870
v 0.064075 0.092995 0.018019
v 0.060518 0.091969 0.018059
v 0.064836 0.090296 0.016076
v 0.061546 0.088938 0.016400
v 0.065722 0.087844 0.013077
v 0.062201 0.086408 0.013435
v 0.066478 0.086077 0.009732
v 0.062568 0.084423 0.010172
v 0.066936 0.084862 0.006697
v 0.062993 0.083028 0.006924
v 0.067362 0.083929 0.003506
v 0.063422 0.082006 0.003581
v 0.067593 0.083404 0.000082
v 0.063651 0.081466 0.000071
v 0.059723 0.079550 0.000062
v 0.063558 0.081647 -0.003487
v 0.059591 0.079877 -0.003585
v 0.055647 0.078123 -0.003688
v 0.059313 0.080820 -0.007152
v 0.055441 0.079095 -0.007387
v 0.058836 0.082526 -0.010560
v 0.054968 0.080991 -0.010742
v 0.058270 0.084863 -0.013578
v 0.054375 0.083422 -0.013734
v 0.057814 0.087222 -0.016683
v 0.053800 0.085908 -0.016674
v 0.056938 0.089975 -0.018631
v 0.053158 0.088568 -0.018914
v 0.049109 0.087222 -0.019037
v 0.052468 0.091138 -0.020020
v 0.048503 0.089926 -0.020122
v 0.044448 0.088910 -0.020232
v 0.048180 0.091855 -0.021273
v 0.044228 0.090941 -0.021470
v 0.040180 0.090109 -0.021527
v 0.043953 0.093179 -0.022214
v 0.039956 0.092348 -0.022412
v 0.036010 0.091719 -0.022507
v 0.039744 0.094934 -0.022510
v 0.035822 0.094400 -0.022598
v 0.031876 0.094160 -0.022725
v 0.035768 0.097679 -0.022657
v 0.031849 0.097571 -0.022722
v 0.027716 0.097921 -0.022522
v 0.032112 0.101418 -0.022154
v 0.028046 0.101699 -0.022111
v 0.035997 0.101459 -0.022103
v 0.039663 0.098084 -0.022460
v 0.039797 0.101699 -0.021867
v 0.043474 0.098657 -0.022211
v 0.043577 0.102075 -0.021478
v 0.043796 0.105142 -0.020142
v 0.047306 0.102533 -0.021153
v 0.047444 0.105498 -0.019863
v 0.047611 0.108115 -0.017953
v 0.051096 0.105897 -0.019613
v 0.051207 0.108372 -0.017701
v 0.051388 0.110610 -0.015290
v 0.054844 0.108514 -0.017519
v 0.054983 0.110574 -0.015134
v 0.055109 0.112256 -0.012010
v 0.058615 0.110424 -0.014975
v 0.058653 0.112109 -0.011955
v 0.058648 0.113456 -0.008409
v 0.062140 0.111791 -0.011790
v 0.062031 0.113189 -0.008344
v 0.061896 0.113914 -0.004384
v 0.065357 0.112812 -0.008159
v 0.065141 0.113465 -0.004325
v 0.065057 0.113635 -0.000307
v 0.068393 0.113080 -0.004244
v 0.068276 0.113210 -0.000393
v 0.068358 0.113119 0.003473
v 0.065148 0.113518 0.003728
v 0.068664 0.112555 0.007119
v 0.065354 0.112901 0.007604
v 0.068983 0.111092 0.010130
v 0.065547 0.111385 0.010891
v 0.069374 0.109892 0.012549
v 0.065821 0.110024 0.013554
v 0.069799 0.108864 0.014564
v 0.066135 0.108906 0.015712
v 0.070232 0.107687 0.016223
v 0.066413 0.107621 0.017406
v 0.070629 0.106252 0.017489
v 0.066626 0.106041 0.018569
v 0.070903 0.104642 0.018346
v 0.066801 0.104360 0.019373
v 0.071093 0.102916 0.018770
v 0.066972 0.102525 0.019817
v 0.071299 0.101159 0.018901
v 0.067132 0.100623 0.019869
v 0.071413 0.099251 0.018729
v 0.067292 0.098672 0.019603
v 0.071346 0.097182 0.018064
v 0.067377 0.096590 0.018790
v 0.071234 0.095058 0.017058
v 0.067441 0.094358 0.017438
v 0.071536 0.092851 0.015611
v 0.067966 0.091789 0.015629
v 0.072320 0.091201 0.013024
v 0.068994 0.089420 0.013076
v 0.073461 0.090103 0.009913
v 0.070112 0.087926 0.009678
v 0.074372 0.089032 0.006817
v 0.070826 0.086860 0.006663
v 0.074934 0.087973 0.003542
v 0.071285 0.085950 0.003488
v 0.075128 0.087557 0.000078
v 0.071478 0.085483 0.000084
v 0.074965 0.087852 -0.003383
v 0.071370 0.085644 -0.003341
v 0.067454 0.083615 -0.003378
v 0.070895 0.086397 -0.006552
v 0.067050 0.084382 -0.006664
v 0.063181 0.082380 -0.006963
v 0.066517 0.085588 -0.009780
v 0.062708 0.083792 -0.010365
v 0.065746 0.087507 -0.013133
v 0.062132 0.086124 -0.013403
v 0.064852 0.089901 -0.016120
v 0.061499 0.088516 -0.016517
v 0.064024 0.092528 -0.017956
v 0.060523 0.091319 -0.018233
v 0.063500 0.094744 -0.019276
v 0.059839 0.093508 -0.019579
v 0.056209 0.092373 -0.019811
v 0.059393 0.095500 -0.020456
v 0.055702 0.094426 -0.020760
v 0.052003 0.093112 -0.021061
v 0.055330 0.096374 -0.021309
v 0.051568 0.095182 -0.021637
v 0.047809 0.094095 -0.021926
v 0.051217 0.097486 -0.021835
v 0.047481 0.096525 -0.022151
v 0.043639 0.095661 -0.022371
v 0.047238 0.099317 -0.021945
v 0.051007 0.100122 -0.021619
v 0.051002 0.103097 -0.020907
v 0.054766 0.100939 -0.021369
v 0.054735 0.103662 -0.020693
v 0.054748 0.106232 -0.019360
v 0.058521 0.104138 -0.020436
v 0.058507 0.106437 -0.019110
v 0.058549 0.108492 -0.017314
v 0.062374 0.106539 -0.018750
v 0.062299 0.108398 -0.016957
v 0.062242 0.110182 -0.014691
v 0.066058 0.108374 -0.016414
v 0.065831 0.109918 -0.014212
v 0.065586 0.111386 -0.011442
v 0.069372 0.109719 -0.013507
v 0.069011 0.111037 -0.010971
v 0.068693 0.112482 -0.007894
v 0.072453 0.110930 -0.010365
v 0.072030 0.112266 -0.007569
v 0.071672 0.112855 -0.004137
v 0.075401 0.112101 -0.007116
v 0.074980 0.112803 -0.004015
v 0.074786 0.113002 -0.000554
v 0.071523 0.112961 -0.000477
v 0.074940 0.112932 0.002907
v 0.071642 0.112934 0.003193
v 0.075323 0.112356 0.006055
v 0.071986 0.112364 0.006588
v 0.075810 0.111306 0.008576
v 0.072407 0.111098 0.009335
v 0.076316 0.110303 0.010586
v 0.072875 0.110002 0.011547
v 0.076834 0.109282 0.012289
v 0.073362 0.109000 0.013384
v 0.077385 0.108170 0.013778
v 0.073874 0.107887 0.015001
v 0.077918 0.106920 0.014945
v 0.074347 0.106558 0.016298
v 0.078391 0.105579 0.015773
v 0.074750 0.105047 0.017221
v 0.078790 0.104101 0.016286
v 0.075054 0.103420 0.017674
v 0.079125 0.102505 0.016447
v 0.075293 0.101659 0.017808
v 0.079411 0.100809 0.016239
v 0.075371 0.099828 0.017533
v 0.079606 0.099188 0.015687
v 0.075360 0.098056 0.016807
v 0.079768 0.097618 0.014865
v 0.075406 0.096379 0.015840
v 0.079913 0.096250 0.013581
v 0.075611 0.094775 0.014566
v 0.080046 0.095214 0.011804
v 0.076063 0.093354 0.012655
v 0.080271 0.094213 0.009478
v 0.076778 0.092284 0.009942
v 0.080697 0.093143 0.006641
v 0.077587 0.091054 0.006875
v 0.081157 0.092211 0.003473
v 0.078155 0.090048 0.003570
v 0.081257 0.091962 0.000065
v 0.078309 0.089701 0.000068
v 0.081119 0.092176 -0.003299
v 0.078151 0.089981 -0.003413
v 0.080683 0.092933 -0.006487
v 0.077603 0.090915 -0.006710
v 0.074396 0.088734 -0.006650
v 0.076841 0.091858 -0.009838
v 0.073486 0.089703 -0.009656
v 0.070139 0.087427 -0.009594
v 0.072327 0.090827 -0.012777
v 0.069083 0.088992 -0.013007
v 0.071491 0.092418 -0.015602
v 0.068095 0.091344 -0.015670
v 0.071235 0.094726 -0.017088
v 0.067510 0.093850 -0.017494
v 0.071261 0.096607 -0.018067
v 0.067294 0.095852 -0.018767
v 0.071358 0.098281 -0.018955
v 0.067212 0.097567 -0.019564
v 0.063185 0.096535 -0.020079
v 0.067062 0.099207 -0.020063
v 0.062945 0.098280 -0.020527
v 0.059108 0.097391 -0.020968
v 0.062723 0.100202 -0.020758
v 0.058833 0.099417 -0.021193
v 0.055012 0.098506 -0.021533
v 0.058614 0.101664 -0.021086
v 0.062536 0.102265 -0.020651
v 0.062438 0.104449 -0.020026
v 0.066608 0.102864 -0.020123
v 0.066409 0.104794 -0.019450
v 0.066245 0.106688 -0.018211
v 0.070390 0.105242 -0.018571
v 0.070113 0.106932 -0.017339
v 0.069742 0.108405 -0.015563
v 0.073825 0.107230 -0.016108
v 0.073355 0.108542 -0.014492
v 0.072900 0.109749 -0.012612
v 0.076930 0.108861 -0.013387
v 0.076400 0.109989 -0.011662
v 0.075911 0.111069 -0.009669
v 0.079869 0.110514 -0.010755
v 0.079303 0.111477 -0.008905
v 0.078746 0.112303 -0.006603
v 0.082594 0.112185 -0.008111
v 0.081989 0.112800 -0.006000
v 0.081517 0.113253 -0.003511
v 0.078267 0.112889 -0.003799
v 0.081295 0.113525 -0.000618
v 0.078069 0.113162 -0.000606
v 0.081426 0.113376 0.002321
v 0.078208 0.113069 0.002624
v 0.081821 0.112814 0.004835
v 0.078605 0.112518 0.005488
v 0.082355 0.112040 0.006876
v 0.079135 0.111595 0.007781
v 0.083005 0.111171 0.008564
v 0.079688 0.110676 0.009628
v 0.083700 0.110273 0.009924
v 0.080269 0.109691 0.011182
v 0.084392 0.109319 0.011011
v 0.080908 0.108621 0.012475
v 0.085060 0.108269 0.011825
v 0.081510 0.107491 0.013463
v 0.085658 0.107204 0.012401
v 0.082040 0.106269 0.014162
v 0.086188 0.106099 0.012755
v 0.082488 0.104997 0.014604
v 0.086637 0.104866 0.012901
v 0.082904 0.103644 0.014800
v 0.087028 0.103507 0.012849
v 0.083287 0.102158 0.014706
v 0.087304 0.102103 0.012496
v 0.083563 0.100679 0.014183
v 0.087389 0.100798 0.011715
v 0.083724 0.099268 0.013307
v 0.087336 0.099637 0.010534
v 0.083775 0.098044 0.012078
v 0.087243 0.098626 0.009080
v 0.083737 0.097006 0.010469
v 0.087198 0.097798 0.007445
v 0.083749 0.096077 0.008544
v 0.087256 0.097001 0.005453
v 0.083931 0.095115 0.006163
v 0.087399 0.096322 0.003011
v 0.084254 0.094224 0.003307
v 0.087463 0.096064 0.000091
v 0.084366 0.093927 0.000064
v 0.087322 0.096312 -0.002798
v 0.084190 0.094181 -0.003111
v 0.087112 0.096867 -0.005194
v 0.083874 0.094874 -0.005979
v 0.087055 0.097504 -0.007266
v 0.083657 0.095709 -0.008476
v 0.080284 0.093796 -0.009450
v 0.083579 0.096632 -0.010448
v 0.079942 0.094805 -0.011840
v 0.075974 0.093023 -0.012500
v 0.079738 0.095852 -0.013698
v 0.075530 0.094248 -0.014786
v 0.079673 0.097140 -0.015096
v 0.075318 0.095931 -0.016139
v 0.079583 0.098585 -0.015964
v 0.075282 0.097542 -0.016981
v 0.079467 0.100099 -0.016662
v 0.075313 0.099145 -0.017769
v 0.079266 0.101759 -0.017116
v 0.075281 0.100799 -0.018387
v 0.071304 0.100055 -0.019528
v 0.075062 0.102585 -0.018508
v 0.071014 0.101782 -0.019608
v 0.066819 0.100941 -0.020257
v 0.070703 0.103540 -0.019306
v 0.074709 0.104247 -0.018143
v 0.074291 0.105824 -0.017347
v 0.078512 0.104974 -0.016745
v 0.078018 0.106384 -0.015951
v 0.077478 0.107657 -0.014820
v 0.081819 0.107181 -0.014592
v 0.081175 0.108375 -0.013595
v 0.080500 0.109490 -0.012311
v 0.084911 0.109374 -0.012398
v 0.084068 0.110479 -0.011260
v 0.083278 0.111395 -0.009843
v 0.087592 0.111446 -0.010006
v 0.086697 0.112240 -0.008687
v 0.085876 0.112857 -0.007141
v 0.090069 0.112905 -0.007274
v 0.089185 0.113451 -0.005962
v 0.088443 0.113854 -0.004433
v 0.085169 0.113371 -0.005283
v 0.087862 0.114170 -0.002638
v 0.084647 0.113751 -0.003125
v 0.087555 0.114282 -0.000655
v 0.084385 0.113987 -0.000642
v 0.087678 0.114130 0.001441
v 0.084542 0.113752 0.001915
v 0.088136 0.113763 0.003203
v 0.084972 0.113267 0.004082
v 0.088754 0.113315 0.004712
v 0.085558 0.112601 0.005908
v 0.089489 0.112816 0.005941
v 0.086281 0.111874 0.007360
v 0.090267 0.112223 0.006907
v 0.087047 0.111121 0.008506
v 0.091022 0.111392 0.007654
v 0.087729 0.110320 0.009389
v 0.091688 0.110399 0.008266
v 0.088438 0.109355 0.010034
v 0.092306 0.109253 0.008698
v 0.089114 0.108326 0.010468
v 0.092832 0.108022 0.008920
v 0.089689 0.107183 0.010792
v 0.093259 0.106821 0.008926
v 0.090168 0.105926 0.010942
v 0.093579 0.105678 0.008700
v 0.090547 0.104651 0.010861
v 0.093788 0.104589 0.008295
v 0.090742 0.103399 0.010437
v 0.093873 0.103608 0.007694
v 0.090780 0.102215 0.009767
v 0.093870 0.102835 0.006974
v 0.090698 0.101181 0.008838
v 0.093819 0.102171 0.006061
v 0.090606 0.100279 0.007652
v 0.093762 0.101614 0.004937
v 0.090529 0.099541 0.006289
v 0.093696 0.101125 0.003664
v 0.090492 0.098969 0.004617
v 0.090502 0.098518 0.002561
v 0.090512 0.098288 0.000139
v 0.090452 0.098438 -0.002337
v 0.093620 0.101002 -0.003460
v 0.090344 0.098885 -0.004364
v 0.093699 0.101420 -0.004748
v 0.090358 0.099374 -0.006032
v 0.093799 0.101839 -0.005893
v 0.090458 0.099976 -0.007462
v 0.087096 0.098242 -0.008993
v 0.090584 0.100702 -0.008699
v 0.087152 0.099161 -0.010437
v 0.083559 0.097663 -0.012031
v 0.087244 0.100179 -0.011686
v 0.083555 0.098780 -0.013279
v 0.087341 0.101343 -0.012764
v 0.083565 0.100019 -0.014418
v 0.087313 0.102671 -0.013434
v 0.083443 0.101426 -0.015203
v 0.087097 0.104094 -0.013689
v 0.083216 0.102935 -0.015624
v 0.086783 0.105502 -0.013834
v 0.082879 0.104436 -0.015671
v 0.078935 0.103406 -0.017146
v 0.082405 0.105881 -0.015325
v 0.086306 0.106892 -0.013721
v 0.085657 0.108203 -0.013202
v 0.089968 0.107802 -0.011810
v 0.089374 0.109201 -0.011591
v 0.088537 0.110492 -0.010979
v 0.092549 0.109824 -0.009634
v 0.091870 0.111107 -0.009197
v 0.091017 0.112241 -0.008451
v 0.094646 0.111427 -0.007377
v 0.093967 0.112631 -0.006835
v 0.093193 0.113417 -0.005921
v 0.096496 0.112853 -0.005580
v 0.095927 0.113763 -0.004863
v 0.095329 0.114278 -0.003894
v 0.092402 0.113883 -0.004774
v 0.094800 0.114600 -0.002867
v 0.091723 0.114226 -0.003540
v 0.094407 0.114769 -0.001730
v 0.091210 0.114485 -0.002135
v 0.094228 0.114819 -0.000601
v 0.090948 0.114574 -0.000617
v 0.094254 0.114711 0.000449
v 0.091032 0.114498 0.000881
v 0.094451 0.114499 0.001442
v 0.091423 0.114253 0.002245
v 0.094790 0.114217 0.002327
v 0.091920 0.113904 0.003436
v 0.095193 0.113841 0.003102
v 0.092462 0.113498 0.004408
v 0.095640 0.113300 0.003873
v 0.093124 0.112918 0.005249
v 0.096143 0.112543 0.004564
v 0.093813 0.112060 0.005962
v 0.096691 0.111611 0.005128
v 0.094440 0.111022 0.006523
v 0.097279 0.110601 0.005506
v 0.095023 0.109895 0.006903
v 0.097813 0.109637 0.005653
v 0.095533 0.108776 0.007056
v 0.098275 0.108692 0.005599
v 0.095942 0.107706 0.006977
v 0.098625 0.107821 0.005341
v 0.096276 0.106720 0.006726
v 0.098882 0.107163 0.004996
v 0.096512 0.105849 0.006337
v 0.099026 0.106624 0.004554
v 0.096631 0.105187 0.005840
v 0.099071 0.106121 0.003953
v 0.096654 0.104652 0.005213
v 0.099048 0.105648 0.003162
v 0.096612 0.104155 0.004426
v 0.098903 0.105254 0.002236
v 0.096532 0.103743 0.003530
v 0.098608 0.104859 0.001195
v 0.096509 0.103410 0.002508
v 0.100363 0.106253 0.001029
v 0.099677 0.105653 -0.000032
v 0.098531 0.104800 -0.001165
v 0.100314 0.106161 -0.001059
v 0.098852 0.105137 -0.002232
v 0.096485 0.103594 -0.003450
v 0.096425 0.103294 -0.002385
v 0.099070 0.105459 -0.003126
v 0.096579 0.103920 -0.004381
v 0.099256 0.105801 -0.003957
v 0.096732 0.104278 -0.005211
v 0.093879 0.102380 -0.006894
v 0.096846 0.104696 -0.005967
v 0.093934 0.103052 -0.007749
v 0.090716 0.101550 -0.009767
v 0.093944 0.103863 -0.008473
v 0.090829 0.102581 -0.010671
v 0.093894 0.104833 -0.009065
v 0.090825 0.103743 -0.011301
v 0.093753 0.105942 -0.009480
v 0.090640 0.105067 -0.011615
v 0.093503 0.107185 -0.009720
v 0.090374 0.106405 -0.011788
v 0.093089 0.108494 -0.009789
v 0.096052 0.107993 -0.007664
v 0.095652 0.109087 -0.007737
v 0.095194 0.110238 -0.007668
v 0.097900 0.109941 -0.006295
v 0.097442 0.110881 -0.006222
v 0.096975 0.111840 -0.006020
v 0.099032 0.112512 -0.004951
v 0.098656 0.113261 -0.004558
v 0.100671 0.112965 -0.004073
v 0.100380 0.113559 -0.003759
v 0.099985 0.114007 -0.003212
v 0.098220 0.113933 -0.003955
v 0.099567 0.114344 -0.002564
v 0.097760 0.114397 -0.003192
v 0.099169 0.114553 -0.001895
v 0.097319 0.114697 -0.002358
v 0.096997 0.114829 -0.001445
v 0.096858 0.114845 -0.000598
v 0.096873 0.114754 0.000204
v 0.098792 0.114527 0.000653
v 0.097015 0.114596 0.000951
v 0.098974 0.114372 0.001219
v 0.097212 0.114364 0.001629
v 0.099170 0.114140 0.001727
v 0.097427 0.114051 0.002237
v 0.099387 0.113827 0.002215
v 0.097709 0.113633 0.002871
v 0.100434 0.113993 0.001486
v 0.100579 0.113628 0.002029
v 0.101462 0.113676 0.001347
v 0.101531 0.113211 0.001995
v 0.101380 0.112562 0.002633
v 0.100882 0.111695 0.003448
v 0.102366 0.112711 0.001936
v 0.102082 0.111940 0.002660
v 0.101483 0.110996 0.003533
v 0.100222 0.109847 0.004506
v 0.099705 0.110661 0.004466
v 0.102635 0.111216 0.002489
v 0.101994 0.110294 0.003449
v 0.100640 0.109100 0.004408
v 0.102220 0.109594 0.003058
v 0.100897 0.108454 0.004047
v 0.102170 0.108969 0.002467
v 0.100967 0.107923 0.003502
v 0.101985 0.108313 0.001736
v 0.100934 0.107366 0.002789
v 0.101702 0.107651 0.000907
v 0.100723 0.106823 0.001950
v 0.101183 0.106978 -0.000001
v 0.102268 0.108242 0.000082
v 0.101706 0.107477 -0.000822
v 0.100738 0.106583 -0.001928
v 0.102047 0.108014 -0.001621
v 0.101052 0.107005 -0.002757
v 0.102326 0.108572 -0.002394
v 0.101290 0.107447 -0.003552
v 0.099409 0.106131 -0.004728
v 0.101388 0.107976 -0.004307
v 0.099479 0.106582 -0.005487
v 0.096851 0.105244 -0.006635
v 0.099338 0.107253 -0.006132
v 0.096687 0.106045 -0.007158
v 0.098875 0.108111 -0.006288
v 0.096408 0.106943 -0.007466
v 0.098363 0.109010 -0.006297
v 0.100778 0.109404 -0.005123
v 0.101210 0.108654 -0.004860
v 0.102455 0.109874 -0.003786
v 0.102007 0.110647 -0.004169
v 0.103092 0.110868 -0.003016
v 0.102605 0.111652 -0.003525
v 0.103310 0.111717 -0.002383
v 0.102747 0.112424 -0.003015
v 0.101814 0.112843 -0.003494
v 0.102583 0.113036 -0.002467
v 0.101597 0.113383 -0.003064
v 0.102253 0.113576 -0.001910
v 0.101271 0.113845 -0.002542
v 0.101805 0.114006 -0.001382
v 0.100862 0.114202 -0.002001
v 0.101227 0.114288 -0.000896
v 0.100406 0.114427 -0.001459
v 0.101760 0.114012 -0.000230
v 0.100950 0.114237 0.000126
v 0.102416 0.113644 -0.000681
v 0.102923 0.113298 0.000064
v 0.102133 0.113701 0.000465
v 0.102915 0.113120 -0.001204
v 0.103401 0.112595 -0.000449
v 0.103509 0.111905 0.000410
v 0.103131 0.112740 0.000878
v 0.103213 0.112464 -0.001760
v 0.103524 0.111759 -0.000970
v 0.103463 0.111046 -0.000142
v 0.103222 0.110398 0.000684
v 0.103276 0.111194 0.001244
v 0.103496 0.110932 -0.001612
v 0.103294 0.110241 -0.000771
v 0.103009 0.109626 0.000029
v 0.102609 0.108994 0.000859
v 0.102833 0.109732 0.001550
v 0.102904 0.109445 -0.001499
v 0.102654 0.108842 -0.000723
v 0.103144 0.110079 -0.002281
v 0.102501 0.109153 -0.003129
v 0.102856 0.110459 0.002095
v 0.103055 0.112042 0.001706
v 0.102351 0.113288 0.001176
v 0.101235 0.114000 0.000731
v 0.100226 0.114233 0.000938
v 0.100029 0.114404 0.000398
v 0.055519 0.006602 -0.002073
v 0.056016 0.006896 -0.002783
v 0.053644 0.009122 -0.003441
v 0.054238 0.009512 -0.004043
v 0.051837 0.011917 -0.004739
v 0.052589 0.012440 -0.005399
v 0.050128 0.014982 -0.006082
v 0.051188 0.015797 -0.006778
v 0.048712 0.018495 -0.007472
v 0.049966 0.019506 -0.008111
v 0.047565 0.022309 -0.008910
v 0.049412 0.023639 -0.009503
v 0.047200 0.026612 -0.010345
v 0.049641 0.028226 -0.010591
v 0.047404 0.031240 -0.011345
v 0.049625 0.032730 -0.011237
v 0.047425 0.035809 -0.011986
v 0.049313 0.037132 -0.011648
v 0.047206 0.040256 -0.012346
v 0.048939 0.041490 -0.011737
v 0.046803 0.044604 -0.012520
v 0.048427 0.045795 -0.011723
v 0.046148 0.048884 -0.012525
v 0.047550 0.050067 -0.011455
v 0.045315 0.053127 -0.012393
v 0.046382 0.054266 -0.010796
v 0.044356 0.057349 -0.011732
v 0.045017 0.058306 -0.009499
v 0.043205 0.061299 -0.010257
v 0.043476 0.061874 -0.007558
v 0.041755 0.064482 -0.007950
v 0.042132 0.064565 -0.004371
v 0.041033 0.066298 -0.004202
v 0.041652 0.066138 0.000205
v 0.040754 0.067745 0.000326
v 0.040383 0.067807 0.004760
v 0.039743 0.069490 0.004590
v 0.039033 0.069909 0.008637
v 0.038879 0.071779 0.008169
v 0.037953 0.072216 0.011748
vn -0.0657 0.1687 -0.9835
vn -0.1804 0.1671 -0.9693
vn -0.0967 0.1401 -0.9854
vn -0.0630 0.0968 -0.9933
vn -0.1367 0.2601 -0.9559
vn -0.2010 0.1992 -0.9591
vn 0.0186 0.2136 -0.9767
vn -0.0941 0.3353 -0.9374
vn 0.0208 0.1043 -0.9943
vn 0.0610 0.1079 -0.9923
vn -0.0343 0.0691 -0.9970
vn 0.0770 -0.1169 -0.9902
vn 0.0409 -0.0973 -0.9944
vn -0.0290 -0.0508 -0.9983
vn -0.0215 -0.0444 -0.9988
vn -0.0243 -0.0382 -0.9990
vn 0.0141 -0.0811 -0.9966
vn 0.1029 -0.1828 -0.9778
vn 0.0965 -0.1738 -0.9800
vn 0.1582 -0.1733 -0.9721
vn 0.1429 -0.1712 -0.9748
vn 0.0790 -0.1515 -0.9853
vn -0.3875 -0.4604 -0.7987
vn -0.3028 -0.2688 -0.9144
vn -0.4363 0.0005 -0.8998
vn -0.6294 -0.1158 -0.7684
vn -0.4744 -0.6581 -0.5847
vn -0.3089 -0.7571 -0.5756
vn -0.2627 -0.6419 -0.7204
vn -0.7327 -0.3932 -0.5554
vn -0.1721 -0.2593 -0.9503
vn -0.1764 -0.1975 -0.9643
vn -0.0861 -0.2574 -0.9625
vn -0.1185 -0.2969 -0.9475
vn -0.1681 -0.2999 -0.9390
vn -0.2074 -0.2583 -0.9435
vn -0.2248 -0.1664 -0.9601
vn -0.4596 0.4458 -0.7681
vn -0.5357 0.4066 -0.7401
vn -0.5726 0.5141 -0.6386
vn -0.4646 0.5297 -0.7097
vn -0.3750 0.4635 -0.8028
vn -0.4085 0.3755 -0.8320
vn -0.4569 0.2810 -0.8440
vn -0.1119 0.6112 -0.7835
vn -0.0933 0.5208 -0.8486
vn -0.2138 0.5856 -0.7819
vn -0.2153 0.6806 -0.7003
vn -0.1451 0.6745 -0.7239
vn -0.0633 0.6068 -0.7923
vn -0.0174 0.4830 -0.8754
vn -0.3306 0.9226 -0.1989
vn -0.3841 0.8737 -0.2986
vn -0.4825 0.8570 -0.1811
vn -0.3605 0.9297 -0.0752
vn -0.2092 0.9779 -0.0030
vn -0.2171 0.9603 -0.1753
vn -0.2556 0.9115 -0.3221
vn 0.1654 -0.9836 -0.0723
vn 0.3652 -0.9267 -0.0885
vn 0.3616 -0.9317 0.0351
vn 0.0888 -0.9960 0.0068
vn 0.0746 -0.9829 -0.1682
vn 0.3396 -0.9095 -0.2397
vn -0.0518 -0.9957 -0.0771
vn -0.9241 -0.3815 0.0215
vn -0.8907 -0.4500 -0.0643
vn -0.8188 -0.5738 0.0168
vn -0.8799 -0.4570 0.1298
vn -0.9534 -0.2556 0.1600
vn -0.9713 -0.2366 0.0259
vn -0.9689 -0.2382 -0.0667
vn -0.5826 -0.8121 0.0306
vn -0.6093 -0.7870 0.0968
vn -0.6628 -0.7484 0.0251
vn -0.6088 -0.7921 -0.0437
vn -0.5380 -0.8381 -0.0903
vn -0.5353 -0.8440 0.0328
vn -0.5345 -0.8336 0.1392
vn 0.1044 0.4237 0.8998
vn 0.0775 0.4506 0.8893
vn 0.0337 0.4340 0.9003
vn 0.0877 0.4103 0.9077
vn 0.1321 0.4094 0.9027
vn 0.1643 0.4323 0.8866
vn 0.1615 0.4424 0.8822
vn -0.3541 0.5934 0.7228
vn -0.3276 0.5440 0.7725
vn -0.2975 0.6234 0.7231
vn -0.3737 0.6524 0.6593
vn -0.4351 0.6521 0.6208
vn -0.3845 0.5671 0.7284
vn -0.3497 0.4652 0.8132
vn -0.0980 -0.3427 0.9343
vn -0.1549 -0.3260 0.9326
vn -0.1343 -0.3144 0.9397
vn -0.0684 -0.3327 0.9405
vn -0.0914 -0.3094 0.9465
vn -0.1900 -0.2550 0.9481
vn 0.0049 -0.3375 0.9413
vn -0.4439 -0.4122 0.7956
vn -0.6816 -0.0781 0.7276
vn -0.4281 0.0695 0.9010
vn -0.3394 -0.1581 0.9272
vn -0.2926 -0.6350 0.7149
vn -0.3424 -0.7544 0.5600
vn -0.5402 -0.6325 0.5551
vn -0.7922 -0.3443 0.5038
vn -0.2143 -0.4452 0.8694
vn -0.1852 -0.5469 0.8164
vn -0.2167 -0.3213 0.9218
vn 0.1326 -0.2078 0.9691
vn 0.0351 -0.1061 0.9937
vn 0.0203 -0.1186 0.9927
vn 0.1668 -0.2057 0.9643
vn 0.0925 -0.1745 0.9803
vn -0.0154 -0.0952 0.9953
vn 0.1803 -0.2275 0.9569
vn 0.1339 -0.2198 0.9663
vn 0.0551 -0.2230 0.9733
vn 0.0594 -0.1905 0.9799
vn 0.0790 -0.2657 0.9608
vn -0.0817 0.1931 0.9778
vn -0.0731 0.1125 0.9910
vn -0.0948 0.1345 0.9864
vn -0.1983 0.1610 0.9668
vn -0.2359 0.1933 0.9524
vn -0.1666 0.2741 0.9472
vn -0.1089 0.3816 0.9179
vn 0.0067 0.2535 0.9673
vn 0.0574 0.1210 0.9910
vn 0.0182 0.1251 0.9920
vn -0.0312 0.0899 0.9955
vn 0.0184 0.0644 0.9978
vn 0.0011 0.0845 0.9964
vn 0.0628 0.0487 0.9968
vn 0.0149 0.0395 0.9991
vn 0.0269 0.0321 0.9991
vn 0.0032 0.0347 0.9994
vn 0.0006 0.0577 0.9983
vn 0.0547 -0.1084 0.9926
vn 0.0184 -0.1001 0.9948
vn -0.0110 -0.0755 0.9971
vn -0.0000 -0.1844 0.9828
vn -0.0601 -0.1544 0.9862
vn -0.0054 0.0721 0.9974
vn -0.0297 0.1130 0.9932
vn 0.0002 0.1201 0.9928
vn 0.0051 0.1431 0.9897
vn -0.0905 0.1494 0.9846
vn -0.0705 0.1339 0.9885
vn -0.1048 0.1580 0.9819
vn -0.0138 0.1669 0.9859
vn -0.1009 0.1885 0.9769
vn -0.0658 0.2280 0.9714
vn -0.0433 0.2229 0.9739
vn -0.0359 0.1877 0.9816
vn -0.1149 0.2284 0.9668
vn -0.0769 0.2023 0.9763
vn -0.0678 0.1774 0.9818
vn -0.2741 0.2101 0.9385
vn -0.2538 0.1884 0.9487
vn -0.2287 0.1661 0.9592
vn -0.2864 0.2140 0.9339
vn -0.2555 0.2042 0.9450
vn -0.4600 0.2523 0.8513
vn -0.4362 0.2709 0.8581
vn -0.3979 0.2877 0.8711
vn -0.6708 0.3542 0.6516
vn -0.6140 0.4218 0.6671
vn -0.5746 0.4771 0.6650
vn -0.3383 0.3552 0.8714
vn -0.5222 0.5613 0.6421
vn -0.3106 0.4741 0.8239
vn -0.4142 0.6689 0.6172
vn -0.2870 0.5699 0.7700
vn -0.1182 0.4194 0.9001
vn -0.2066 0.6452 0.7355
vn -0.0976 0.4618 0.8816
vn -0.0039 0.2567 0.9665
vn 0.0031 0.2502 0.9682
vn 0.0513 0.0723 0.9961
vn 0.0571 0.0911 0.9942
vn 0.0520 0.0494 0.9974
vn 0.0607 0.0528 0.9968
vn 0.0675 0.0476 0.9966
vn 0.0775 -0.0472 0.9959
vn 0.1126 -0.0617 0.9917
vn 0.1068 -0.0920 0.9900
vn 0.1440 -0.2824 0.9484
vn 0.1131 -0.2211 0.9687
vn 0.0717 -0.1911 0.9789
vn 0.0481 -0.2133 0.9758
vn 0.0446 -0.1474 0.9881
vn 0.0127 -0.1409 0.9899
vn -0.0733 -0.1653 0.9835
vn 0.0139 -0.1453 0.9893
vn 0.0525 -0.1599 0.9857
vn -0.0397 -0.1840 0.9821
vn 0.0665 -0.1949 0.9786
vn -0.0360 -0.1798 0.9830
vn -0.0301 -0.1923 0.9809
vn 0.0114 -0.2400 0.9707
vn 0.0258 -0.2821 0.9591
vn 0.1545 -0.3180 0.9354
vn 0.0006 -0.3493 0.9370
vn -0.0307 0.2499 0.9678
vn -0.0033 0.2393 0.9709
vn -0.0409 0.2306 0.9722
vn -0.0416 0.2405 0.9698
vn -0.1547 0.2230 0.9625
vn -0.1435 0.2334 0.9617
vn -0.2825 0.2073 0.9366
vn -0.2882 0.2190 0.9322
vn -0.2870 0.2209 0.9321
vn -0.3307 0.2182 0.9182
vn -0.3194 0.2218 0.9213
vn -0.3084 0.2213 0.9252
vn -0.5030 0.2173 0.8365
vn -0.4843 0.2314 0.8437
vn -0.7568 0.1978 0.6230
vn -0.7426 0.2267 0.6301
vn -0.7174 0.2835 0.6364
vn -0.8829 0.2180 0.4158
vn -0.8635 0.2906 0.4123
vn -0.8148 0.4100 0.4098
vn -0.9245 0.2946 0.2419
vn -0.8588 0.4437 0.2563
vn -0.7768 0.5643 0.2795
vn -0.7483 0.5115 0.4224
vn -0.7319 0.6137 0.2962
vn -0.6994 0.5630 0.4403
vn -0.6499 0.6967 0.3036
vn -0.6174 0.6413 0.4555
vn -0.4686 0.8259 0.3134
vn -0.4635 0.7505 0.4711
vn -0.3084 0.8933 0.3270
vn -0.3066 0.8236 0.4771
vn -0.2780 0.7510 0.5990
vn -0.1752 0.8649 0.4703
vn -0.1577 0.7964 0.5839
vn -0.1241 0.6876 0.7154
vn -0.0766 0.8132 0.5769
vn -0.0662 0.7061 0.7050
vn -0.0381 0.5146 0.8566
vn -0.0672 0.4932 0.8673
vn -0.0023 0.2692 0.9631
vn -0.0135 0.2595 0.9656
vn 0.0241 0.0820 0.9963
vn 0.0247 0.0690 0.9973
vn 0.0258 0.0245 0.9994
vn 0.0359 0.0399 0.9986
vn 0.0058 -0.1174 0.9931
vn 0.0270 -0.0912 0.9955
vn 0.0497 -0.0601 0.9970
vn 0.0220 -0.4311 0.9020
vn 0.0541 -0.3948 0.9172
vn 0.1038 -0.3405 0.9345
vn 0.0106 -0.4883 0.8726
vn 0.0543 -0.3988 0.9154
vn 0.0942 -0.3031 0.9483
vn -0.0108 -0.2681 0.9633
vn 0.0240 -0.2198 0.9752
vn -0.0170 -0.1651 0.9861
vn -0.0207 -0.1738 0.9846
vn -0.0483 -0.1328 0.9900
vn 0.0421 -0.1624 0.9858
vn -0.0287 -0.0584 0.9979
vn -0.0184 -0.1911 0.9814
vn -0.0137 -0.0859 0.9962
vn -0.0502 -0.0617 0.9968
vn -0.0317 -0.0487 0.9983
vn -0.0630 -0.0764 0.9951
vn -0.0470 -0.0935 0.9945
vn -0.0398 -0.0654 0.9971
vn 0.0021 -0.0922 0.9957
vn -0.0466 -0.0562 0.9973
vn -0.0796 -0.0719 0.9942
vn -0.0458 -0.0381 0.9982
vn -0.0819 -0.0348 0.9960
vn -0.0767 -0.0352 0.9964
vn -0.1219 -0.0942 0.9881
vn -0.1357 -0.0773 0.9877
vn -0.1307 -0.0317 0.9909
vn -0.1660 0.0143 0.9860
vn -0.1844 -0.0610 0.9810
vn -0.1877 -0.0597 0.9804
vn -0.2313 -0.0042 0.9729
vn -0.1342 -0.0339 0.9904
vn -0.4509 0.1335 0.8825
vn -0.4956 0.1527 0.8550
vn -0.5655 0.1886 0.8029
vn -0.6415 0.2080 0.7384
vn -0.3281 0.0108 0.9446
vn -0.7788 0.3872 0.4935
vn -0.8112 0.3843 0.4407
vn -0.8284 0.3871 0.4049
vn -0.8240 0.3959 0.4054
vn -0.6823 0.2335 0.6928
vn -0.8652 0.4699 0.1750
vn -0.8585 0.4764 0.1896
vn -0.8470 0.4811 0.2260
vn -0.8471 0.4736 0.2411
vn -0.8134 0.3983 0.4239
vn -0.8563 0.5021 0.1211
vn -0.8460 0.5186 0.1237
vn -0.8547 0.5058 0.1168
vn -0.8572 0.5032 0.1098
vn -0.8490 0.4719 0.2377
vn -0.8464 0.5317 0.0300
vn -0.8507 0.5249 0.0284
vn -0.8536 0.5195 0.0385
vn -0.8474 0.5278 0.0579
vn -0.8538 0.5080 0.1136
vn -0.8441 0.5334 0.0554
vn -0.8449 0.5306 0.0683
vn -0.8344 0.5445 0.0853
vn -0.8391 0.5342 0.1024
vn -0.8478 0.5241 0.0806
vn -0.8379 0.5309 0.1269
vn -0.8321 0.5437 0.1099
vn -0.8463 0.5264 0.0809
vn -0.8659 0.4979 0.0474
vn -0.8534 0.5099 0.1084
vn -0.8552 0.5151 -0.0582
vn -0.8670 0.4908 -0.0861
vn -0.8788 0.4627 -0.1169
vn -0.8846 0.4436 -0.1440
vn -0.8806 0.4738 0.0092
vn -0.8405 0.4213 -0.3408
vn -0.8479 0.4069 -0.3399
vn -0.8526 0.4028 -0.3330
vn -0.8589 0.4032 -0.3157
vn -0.8904 0.4313 -0.1457
vn -0.7603 0.3330 -0.5577
vn -0.7676 0.3385 -0.5442
vn -0.7777 0.3297 -0.5353
vn -0.7756 0.3223 -0.5427
vn -0.8649 0.4129 -0.2856
vn -0.6394 0.2460 -0.7285
vn -0.6535 0.2185 -0.7247
vn -0.6368 0.1784 -0.7501
vn -0.5693 0.1645 -0.8055
vn -0.7520 0.3362 -0.5670
vn -0.5153 0.0996 -0.8512
vn -0.5081 0.0426 -0.8603
vn -0.4409 0.0324 -0.8970
vn -0.3648 0.0483 -0.9298
vn -0.4916 0.1572 -0.8565
vn -0.4047 -0.0569 -0.9127
vn -0.3747 -0.0395 -0.9263
vn -0.3212 -0.0000 -0.9470
vn -0.2944 -0.0249 -0.9554
vn -0.3307 0.0147 -0.9436
vn -0.3068 -0.0867 -0.9478
vn -0.2892 -0.0362 -0.9566
vn -0.2750 -0.0541 -0.9599
vn -0.2676 -0.1060 -0.9577
vn -0.2797 -0.0833 -0.9565
vn -0.2126 -0.0907 -0.9729
vn -0.2225 -0.1017 -0.9696
vn -0.2261 -0.1444 -0.9633
vn -0.1999 -0.1603 -0.9666
vn -0.2420 -0.1251 -0.9622
vn -0.0976 -0.2022 -0.9745
vn -0.1018 -0.2306 -0.9677
vn -0.0881 -0.2282 -0.9696
vn 0.0363 -0.3082 -0.9506
vn 0.0195 -0.2797 -0.9599
vn -0.0183 -0.2932 -0.9559
vn -0.0704 -0.3070 -0.9491
vn 0.0412 -0.2815 -0.9587
vn 0.0078 -0.2983 -0.9544
vn -0.0407 -0.3053 -0.9514
vn -0.1063 -0.3219 -0.9408
vn -0.1300 -0.3081 -0.9424
vn 0.0434 -0.3157 -0.9479
vn -0.0038 -0.3224 -0.9466
vn -0.0805 -0.3617 -0.9288
vn -0.1678 -0.4403 -0.8820
vn -0.1729 -0.3621 -0.9160
vn 0.1045 -0.4303 -0.8966
vn -0.0032 -0.4941 -0.8694
vn -0.1421 -0.5931 -0.7925
vn -0.2802 -0.7165 -0.6389
vn -0.2706 -0.5540 -0.7873
vn 0.1385 -0.6998 -0.7008
vn -0.0634 -0.7947 -0.6037
vn -0.2419 -0.8686 -0.4325
vn -0.3129 -0.9060 -0.2851
vn -0.3654 -0.8049 -0.4675
vn 0.0247 -0.9327 -0.3598
vn -0.1527 -0.9628 -0.2231
vn -0.2186 -0.9690 -0.1150
vn -0.1089 -0.9938 0.0215
vn -0.1590 -0.9737 0.1629
vn -0.2691 -0.9631 0.0098
vn -0.3525 -0.9224 -0.1578
vn -0.4204 -0.9073 0.0053
vn -0.5050 -0.8468 -0.1670
vn -0.4220 -0.8451 -0.3283
vn -0.3281 -0.9285 0.1739
vn -0.2151 -0.9151 0.3410
vn -0.2718 -0.7828 0.5598
vn -0.3877 -0.8458 0.3665
vn -0.4918 -0.8512 0.1830
vn -0.4213 -0.7051 0.5704
vn -0.5452 -0.7521 0.3703
vn -0.6321 -0.7539 0.1791
vn -0.5821 -0.8131 0.0056
vn -0.6932 -0.7207 0.0082
vn -0.6394 -0.7547 -0.1472
vn -0.5566 -0.7639 -0.3266
vn -0.6987 -0.6550 -0.2878
vn -0.5934 -0.6478 -0.4777
vn -0.4776 -0.5960 -0.6455
vn -0.4668 -0.7337 -0.4938
vn -0.3669 -0.5140 -0.7754
vn -0.3810 -0.6634 -0.6440
vn -0.2540 -0.4257 -0.8685
vn -0.3521 -0.3894 -0.8511
vn -0.2516 -0.3426 -0.9052
vn -0.1882 -0.3173 -0.9295
vn -0.2613 -0.2977 -0.9182
vn -0.2108 -0.2945 -0.9321
vn -0.2832 -0.2318 -0.9306
vn -0.2328 -0.2414 -0.9421
vn -0.2874 -0.1426 -0.9472
vn -0.2403 -0.1540 -0.9584
vn -0.2881 -0.0903 -0.9533
vn -0.2544 -0.1082 -0.9610
vn -0.3107 -0.0514 -0.9491
vn -0.4079 -0.0511 -0.9116
vn -0.4221 0.0162 -0.9064
vn -0.4474 0.1014 -0.8886
vn -0.6978 0.1637 -0.6974
vn -0.7050 0.2725 -0.6548
vn -0.7194 0.3360 -0.6080
vn -0.8802 0.4067 -0.2448
vn -0.8609 0.4530 -0.2315
vn -0.8628 0.4401 -0.2488
vn -0.8825 0.4695 -0.0254
vn -0.8891 0.4533 -0.0631
vn -0.8942 0.4331 -0.1129
vn -0.8982 0.4396 -0.0008
vn -0.9025 0.4297 -0.0281
vn -0.8941 0.4474 -0.0225
vn -0.8968 0.4372 0.0677
vn -0.8804 0.4634 0.1010
vn -0.8678 0.4842 0.1121
vn -0.8723 0.4714 0.1296
vn -0.8694 0.4788 0.1222
vn -0.8574 0.5045 0.1019
vn -0.8706 0.4769 0.1212
vn -0.8612 0.4914 0.1297
vn -0.8532 0.5067 0.1237
vn -0.8508 0.4656 0.2437
vn -0.8457 0.4740 0.2454
vn -0.8477 0.4728 0.2404
vn -0.7982 0.3971 0.4530
vn -0.8036 0.3940 0.4460
vn -0.8078 0.3944 0.4381
vn -0.6892 0.2626 0.6753
vn -0.6935 0.2568 0.6731
vn -0.6946 0.2507 0.6743
vn -0.5050 0.0967 0.8577
vn -0.4730 0.0761 0.8778
vn -0.4121 0.0472 0.9099
vn -0.2968 -0.0254 0.9546
vn -0.2391 -0.0278 0.9706
vn -0.1802 -0.0442 0.9826
vn -0.2132 -0.0222 0.9767
vn -0.1837 -0.0079 0.9829
vn -0.1601 -0.0029 0.9871
vn -0.1264 -0.0376 0.9913
vn -0.1103 -0.0336 0.9933
vn -0.0756 -0.0189 0.9970
vn -0.0476 -0.0680 0.9965
vn -0.0089 -0.0522 0.9986
vn 0.0065 -0.0554 0.9984
vn 0.1320 -0.1732 0.9760
vn 0.1425 -0.1822 0.9729
vn 0.1453 -0.1987 0.9692
vn 0.2384 -0.2881 0.9275
vn 0.2069 -0.2691 0.9406
vn 0.1915 -0.2961 0.9358
vn 0.1466 -0.2584 0.9549
vn 0.1522 -0.2412 0.9585
vn 0.2571 -0.3922 0.8832
vn 0.2862 -0.3888 0.8757
vn 0.2857 -0.4129 0.8648
vn 0.1709 -0.2544 0.9519
vn 0.2079 -0.4288 0.8792
vn 0.3037 -0.5160 0.8009
vn 0.2070 -0.5194 0.8291
vn 0.0523 -0.5466 0.8358
vn 0.0075 -0.4536 0.8912
vn 0.1881 -0.6052 0.7735
vn 0.0866 -0.6091 0.7883
vn 0.0163 0.2214 0.9751
vn 0.0284 0.2157 0.9760
vn -0.0426 0.2111 0.9765
vn -0.0419 0.2146 0.9758
vn -0.1519 0.2076 0.9663
vn -0.1550 0.2089 0.9656
vn -0.2617 0.2019 0.9438
vn -0.2716 0.1963 0.9422
vn -0.3739 0.2025 0.9051
vn -0.3621 0.1935 0.9118
vn -0.3471 0.2048 0.9152
vn -0.5620 0.1980 0.8031
vn -0.5411 0.2043 0.8157
vn -0.5221 0.2120 0.8261
vn -0.7695 0.1898 0.6098
vn -0.7649 0.1853 0.6169
vn -0.9095 0.1669 0.3808
vn -0.9062 0.1590 0.3919
vn -0.8953 0.1852 0.4052
vn -0.9660 0.1472 0.2127
vn -0.9572 0.1829 0.2242
vn -0.9476 0.2169 0.2346
vn -0.9789 0.1791 0.0980
vn -0.9717 0.2169 0.0935
vn -0.9430 0.3167 0.1025
vn -0.9737 0.2250 -0.0365
vn -0.9422 0.3338 -0.0294
vn -0.8617 0.5066 -0.0300
vn -0.8644 0.4864 0.1269
vn -0.7846 0.6190 -0.0338
vn -0.7826 0.6046 0.1485
vn -0.7465 0.6643 -0.0383
vn -0.7431 0.6491 0.1626
vn -0.6671 0.7439 -0.0402
vn -0.6646 0.7266 0.1741
vn -0.4506 0.8920 -0.0352
vn -0.4596 0.8690 0.1834
vn -0.2726 0.9619 -0.0231
vn -0.2906 0.9368 0.1948
vn -0.1885 0.9820 -0.0134
vn -0.1871 0.9620 0.1989
vn -0.1828 0.9252 0.3326
vn -0.0792 0.9792 0.1868
vn -0.0707 0.9415 0.3294
vn -0.0743 0.8825 0.4644
vn -0.0356 0.9438 0.3285
vn -0.0281 0.8861 0.4627
vn -0.0236 0.8185 0.5740
vn -0.0000 0.8911 0.4538
vn 0.0132 0.8243 0.5660
vn 0.0241 0.7322 0.6806
vn -0.0171 0.7187 0.6951
vn 0.0327 0.5695 0.8214
vn 0.0015 0.5417 0.8406
vn 0.0272 0.3184 0.9476
vn 0.0192 0.2935 0.9558
vn 0.0089 0.1031 0.9946
vn 0.0239 0.0946 0.9952
vn -0.0107 0.0027 0.9999
vn 0.0189 0.0102 0.9998
vn -0.0432 -0.1352 0.9899
vn -0.0064 -0.1319 0.9912
vn -0.0983 -0.4267 0.8991
vn -0.0574 -0.4389 0.8967
vn -0.0181 -0.4398 0.8979
vn -0.0952 -0.6024 0.7925
vn -0.0593 -0.5699 0.8196
vn 0.0082 -0.5377 0.8431
vn -0.1238 -0.4351 0.8919
vn -0.0445 -0.3618 0.9312
vn -0.0486 -0.3096 0.9496
vn -0.1294 -0.2190 0.9671
vn -0.0732 -0.1733 0.9822
vn -0.2045 -0.1106 0.9726
vn -0.0874 -0.0980 0.9913
vn -0.2224 0.0240 0.9747
vn -0.1048 -0.0562 0.9929
vn -0.1847 0.0474 0.9816
vn -0.4459 0.1474 0.8828
vn -0.4316 0.1470 0.8900
vn -0.7608 0.1358 0.6346
vn -0.7662 0.2710 0.5826
vn -0.7584 0.3576 0.5449
vn -0.9198 0.2465 0.3054
vn -0.8756 0.4184 0.2413
vn -0.8597 0.4666 0.2078
vn -0.9063 0.3891 0.1649
vn -0.8774 0.4601 0.1359
vn -0.8698 0.4783 0.1214
vn -0.8961 0.4339 0.0941
vn -0.8876 0.4544 0.0755
vn -0.8676 0.4950 0.0462
vn -0.8953 0.4455 0.0033
vn -0.8699 0.4928 0.0199
vn -0.8418 0.5384 0.0402
vn -0.8508 0.5235 0.0454
vn -0.8261 0.5566 0.0882
vn -0.8334 0.5398 0.1181
vn -0.8226 0.5625 -0.0828
vn -0.8390 0.5411 -0.0583
vn -0.8534 0.5191 -0.0467
vn -0.7950 0.4789 -0.3723
vn -0.8143 0.4566 -0.3583
vn -0.8273 0.4428 -0.3458
vn -0.7272 0.3614 -0.5836
vn -0.7391 0.3459 -0.5780
vn -0.7528 0.3311 -0.5689
vn -0.6292 0.2381 -0.7399
vn -0.6339 0.2318 -0.7378
vn -0.6343 0.2405 -0.7347
vn -0.5040 0.1275 -0.8543
vn -0.4967 0.1398 -0.8566
vn -0.4965 0.1410 -0.8565
vn -0.3654 0.0439 -0.9298
vn -0.3648 0.0399 -0.9302
vn -0.3860 -0.0072 -0.9225
vn -0.2165 -0.0704 -0.9737
vn -0.2469 -0.1086 -0.9629
vn -0.2902 -0.1328 -0.9477
vn -0.1077 -0.1930 -0.9753
vn -0.1597 -0.1909 -0.9685
vn -0.1988 -0.1372 -0.9704
vn -0.0666 -0.2201 -0.9732
vn -0.0817 -0.1917 -0.9780
vn -0.0869 -0.1744 -0.9808
vn 0.0512 -0.2798 -0.9587
vn 0.0596 -0.2855 -0.9565
vn 0.0470 -0.3169 -0.9473
vn 0.1554 -0.3532 -0.9225
vn 0.1058 -0.3475 -0.9317
vn 0.0696 -0.3009 -0.9511
vn 0.1259 -0.3270 -0.9366
vn 0.0912 -0.2918 -0.9521
vn 0.0677 -0.3006 -0.9513
vn 0.2308 -0.3834 -0.8943
vn 0.2019 -0.4030 -0.8927
vn 0.1665 -0.4111 -0.8962
vn 0.4066 -0.5425 -0.7351
vn 0.3606 -0.5664 -0.7411
vn 0.2823 -0.6172 -0.7344
vn 0.5325 -0.6959 -0.4818
vn 0.4388 -0.7636 -0.4737
vn 0.2675 -0.8513 -0.4513
vn 0.5195 -0.8193 -0.2426
vn 0.6216 -0.7454 -0.2408
vn 0.6531 -0.7511 -0.0968
vn 0.5471 -0.8311 -0.0993
vn 0.6597 -0.7514 -0.0125
vn 0.5512 -0.8344 0.0046
vn 0.6511 -0.7540 0.0865
vn 0.5349 -0.8359 0.1230
vn 0.3387 -0.9272 0.1601
vn 0.0731 -0.9888 0.1300
vn 0.4819 -0.8125 0.3281
vn 0.2777 -0.8927 0.3549
vn 0.0282 -0.9548 0.2959
vn 0.1701 -0.7743 0.6096
vn -0.0409 -0.8581 0.5119
vn 0.0442 -0.5752 0.8168
vn -0.1154 -0.6706 0.7328
vn -0.0527 -0.3982 0.9158
vn -0.1610 -0.4721 0.8667
vn -0.2867 -0.5960 0.7500
vn -0.1750 -0.3471 0.9214
vn -0.2667 -0.4213 0.8668
vn -0.4092 -0.5253 0.7461
vn -0.2504 -0.3241 0.9123
vn -0.3675 -0.3781 0.8497
vn -0.5477 -0.4468 0.7074
vn -0.5635 -0.6082 0.5591
vn -0.7115 -0.4809 0.5123
vn -0.6724 -0.6437 0.3654
vn -0.8209 -0.4795 0.3102
vn -0.7537 -0.6336 0.1745
vn -0.7652 -0.6309 -0.1280
vn -0.8629 -0.4651 -0.1976
vn -0.7876 -0.4852 -0.3798
vn -0.9502 -0.2596 -0.1724
vn -0.8805 -0.2954 -0.3706
vn -0.7249 -0.3148 -0.6127
vn -0.6512 -0.4816 -0.5865
vn -0.5300 -0.3133 -0.7880
vn -0.4873 -0.4440 -0.7519
vn -0.3700 -0.3068 -0.8769
vn -0.5913 -0.2022 -0.7807
vn -0.4107 -0.2234 -0.8840
vn -0.6418 -0.0815 -0.7625
vn -0.4200 -0.1259 -0.8988
vn -0.6772 0.0422 -0.7346
vn -0.8731 -0.0019 -0.4875
vn -0.9088 0.1622 -0.3844
vn -0.9042 0.3076 -0.2963
vn -0.9653 0.2335 -0.1167
vn -0.9301 0.3641 -0.0483
vn -0.8985 0.4387 -0.0159
vn -0.9234 0.3835 0.0172
vn -0.8954 0.4439 0.0344
vn -0.8860 0.4629 0.0277
vn -0.8942 0.4447 0.0513
vn -0.8877 0.4580 0.0467
vn -0.9006 0.4322 0.0462
vn -0.8877 0.4593 0.0331
vn -0.8947 0.4426 0.0601
vn -0.8845 0.4545 0.1051
vn -0.8866 0.4607 0.0424
vn -0.8795 0.4702 0.0738
vn -0.8716 0.4803 0.0983
vn -0.8645 0.4639 0.1933
vn -0.8544 0.4740 0.2130
vn -0.8534 0.4670 0.2317
vn -0.7808 0.4128 0.4690
vn -0.7879 0.4084 0.4609
vn -0.7960 0.3973 0.4566
vn -0.6553 0.2978 0.6942
vn -0.6699 0.2777 0.6886
vn -0.6815 0.2670 0.6814
vn -0.5166 0.1545 0.8422
vn -0.5277 0.1296 0.8395
vn -0.5215 0.1185 0.8450
vn -0.3804 0.0214 0.9246
vn -0.3587 0.0079 0.9334
vn -0.3333 -0.0162 0.9427
vn -0.2662 -0.0448 0.9629
vn -0.2489 -0.0573 0.9668
vn -0.2352 -0.0566 0.9703
vn -0.2167 -0.0570 0.9746
vn -0.1934 -0.0758 0.9782
vn -0.1557 -0.0569 0.9862
vn -0.1431 -0.0865 0.9859
vn -0.1045 -0.0787 0.9914
vn -0.0748 -0.0683 0.9949
vn 0.0376 -0.1997 0.9791
vn 0.0567 -0.1883 0.9805
vn 0.0915 -0.1783 0.9797
vn 0.2231 -0.3556 0.9076
vn 0.2392 -0.3257 0.9147
vn 0.2549 -0.2958 0.9206
vn 0.2635 -0.3765 0.8882
vn 0.2534 -0.3332 0.9082
vn 0.2793 -0.4259 0.8606
vn 0.2725 -0.3961 0.8769
vn 0.2429 -0.4025 0.8826
vn 0.4219 -0.5336 0.7330
vn 0.4197 -0.5663 0.7093
vn 0.4037 -0.5776 0.7095
vn 0.5062 -0.6471 0.5701
vn 0.4098 -0.6732 0.6156
vn 0.3238 -0.6583 0.6796
vn 0.3720 -0.5379 0.7565
vn 0.2566 -0.6268 0.7357
vn 0.2934 -0.8069 0.5127
vn 0.1819 -0.8055 0.5640
vn 0.1257 -0.7714 0.6238
vn 0.1126 -0.9421 0.3159
vn 0.0622 -0.9374 0.3426
vn 0.0667 -0.9313 0.3580
vn 0.0850 -0.7487 0.6574
vn 0.1794 -0.6035 -0.7770
vn 0.2059 -0.6257 -0.7524
vn 0.2150 -0.5559 -0.8030
vn 0.1475 -0.5962 -0.7892
vn 0.1360 -0.7456 -0.6524
vn 0.1441 -0.7771 -0.6127
vn 0.1569 -0.8089 -0.5667
vn 0.2172 -0.6538 -0.7248
vn 0.0839 -0.9498 -0.3015
vn 0.0875 -0.9547 -0.2843
vn 0.1136 -0.9566 -0.2683
vn 0.2721 -0.9283 -0.2533
vn 0.2886 -0.8039 -0.5200
vn 0.0597 -0.9978 0.0277
vn 0.0976 -0.9946 0.0346
vn 0.2737 -0.9614 0.0290
vn 0.4419 -0.8970 0.0138
vn 0.4254 -0.8713 -0.2447
vn 0.2832 -0.9140 0.2904
vn 0.4341 -0.8590 0.2715
vn 0.5321 -0.8086 0.2510
vn 0.5388 -0.8424 -0.0015
vn 0.4096 -0.7740 0.4829
vn 0.5213 -0.7306 0.4409
vn 0.5946 -0.7039 0.3885
vn 0.6019 -0.7690 0.2155
vn 0.5489 -0.6305 0.5488
vn 0.5342 -0.6458 0.5455
vn 0.6181 -0.7016 0.3544
vn 0.3924 -0.5447 0.7412
vn 0.3954 -0.5511 0.7348
vn 0.5316 -0.6482 0.5452
vn 0.2882 -0.4501 0.8452
vn 0.3019 -0.4556 0.8374
vn 0.4116 -0.5483 0.7279
vn 0.2584 -0.4060 0.8766
vn 0.2638 -0.4137 0.8714
vn 0.2671 -0.4204 0.8672
vn 0.3086 -0.4662 0.8291
vn 0.2221 -0.3688 0.9026
vn 0.2187 -0.3767 0.9001
vn 0.2154 -0.3803 0.8995
vn 0.2734 -0.4263 0.8623
vn 0.0238 -0.2164 0.9760
vn 0.0202 -0.2311 0.9727
vn 0.0004 -0.2576 0.9662
vn 0.1974 -0.3877 0.9004
vn -0.1639 -0.0820 0.9831
vn -0.1834 -0.1084 0.9770
vn -0.1808 -0.1236 0.9757
vn -0.0039 -0.2579 0.9662
vn -0.2389 -0.0587 0.9693
vn -0.2408 -0.0655 0.9684
vn -0.2269 -0.0669 0.9716
vn -0.1668 -0.1259 0.9779
vn -0.2827 -0.0369 0.9585
vn -0.2796 -0.0184 0.9599
vn -0.2537 -0.0223 0.9670
vn -0.2075 -0.0817 0.9748
vn -0.3769 0.0530 0.9247
vn -0.3607 0.0744 0.9297
vn -0.3451 0.0534 0.9370
vn -0.2302 -0.0521 0.9718
vn -0.5056 0.1853 0.8426
vn -0.4991 0.1864 0.8462
vn -0.4809 0.1491 0.8640
vn -0.3212 0.0047 0.9470
vn -0.6489 0.3065 0.6965
vn -0.6496 0.2945 0.7009
vn -0.6439 0.2816 0.7114
vn -0.4386 0.1162 0.8912
vn -0.7883 0.4048 0.4634
vn -0.8004 0.4034 0.4433
vn -0.8195 0.3921 0.4180
vn -0.6460 0.2564 0.7190
vn -0.8728 0.4593 0.1653
vn -0.8814 0.4521 0.1368
vn -0.9001 0.4177 0.1236
vn -0.8471 0.3414 0.4073
vn -0.8863 0.4627 0.0192
vn -0.8990 0.4374 0.0217
vn -0.9224 0.3835 0.0461
vn -0.9258 0.3468 0.1505
vn -0.8959 0.4428 0.0350
vn -0.9183 0.3931 0.0461
vn -0.9585 0.2818 0.0432
vn -0.9591 0.2717 0.0793
vn -0.9189 0.3920 0.0446
vn -0.9605 0.2775 0.0225
vn -0.9925 0.1223 -0.0030
vn -0.9916 0.1260 0.0280
vn -0.9644 0.2640 -0.0166
vn -0.9926 0.1096 -0.0531
vn -0.9927 -0.0561 -0.1071
vn -0.9988 -0.0378 -0.0300
vn -0.9769 0.0716 -0.2011
vn -0.9511 -0.0999 -0.2922
vn -0.8035 -0.1598 -0.5734
vn -0.9990 -0.0365 0.0250
vn -0.9910 -0.0544 0.1226
vn -0.9884 0.1171 0.0968
vn -0.9421 -0.1041 0.3188
vn -0.9588 0.0747 0.2739
vn -0.9490 0.2284 0.2173
vn -0.8488 -0.0050 0.5288
vn -0.8663 0.1410 0.4792
vn -0.8664 0.2509 0.4318
vn -0.6479 0.0211 0.7614
vn -0.6540 0.0917 0.7509
vn -0.6569 0.1792 0.7324
vn -0.3939 -0.0573 0.9173
vn -0.4139 0.0092 0.9103
vn -0.4117 0.0870 0.9072
vn -0.2709 -0.0772 0.9595
vn -0.2453 -0.0276 0.9691
vn -0.2756 -0.0198 0.9611
vn -0.1931 -0.0628 0.9792
vn -0.2104 -0.0787 0.9744
vn -0.2245 -0.0806 0.9711
vn -0.1875 -0.0942 0.9777
vn -0.1871 -0.1076 0.9764
vn -0.1886 -0.0986 0.9771
vn -0.1471 -0.1323 0.9802
vn -0.1488 -0.1350 0.9796
vn -0.1581 -0.1350 0.9782
vn -0.0109 -0.2352 0.9719
vn -0.0104 -0.2390 0.9710
vn -0.0032 -0.2452 0.9695
vn 0.1692 -0.3444 0.9234
vn 0.1820 -0.3542 0.9173
vn 0.1871 -0.3739 0.9084
vn 0.2766 -0.4005 0.8736
vn 0.2765 -0.4167 0.8660
vn 0.2756 -0.4277 0.8609
vn 0.3410 -0.4618 0.8188
vn 0.3311 -0.4655 0.8208
vn 0.3195 -0.4709 0.8223
vn 0.4285 -0.5457 0.7201
vn 0.4193 -0.5491 0.7229
vn 0.4140 -0.5519 0.7239
vn 0.5437 -0.6374 0.5461
vn 0.5464 -0.6346 0.5466
vn 0.5464 -0.6372 0.5436
vn 0.6494 -0.6905 0.3186
vn 0.6421 -0.6899 0.3344
vn 0.6288 -0.6974 0.3438
vn 0.6810 -0.7193 0.1376
vn 0.6782 -0.7166 0.1628
vn 0.6495 -0.7386 0.1806
vn 0.6947 -0.7182 -0.0396
vn 0.6625 -0.7485 -0.0278
vn 0.6041 -0.7967 -0.0169
vn 0.6573 -0.7209 -0.2197
vn 0.5992 -0.7647 -0.2369
vn 0.5199 -0.8178 -0.2469
vn 0.5937 -0.6905 -0.4131
vn 0.4955 -0.7367 -0.4602
vn 0.4015 -0.7748 -0.4883
vn 0.4828 -0.6463 -0.5909
vn 0.4035 -0.6655 -0.6279
vn 0.3221 -0.6615 -0.6772
vn 0.4059 -0.5906 -0.6974
vn 0.3752 -0.5674 -0.7330
vn 0.2684 -0.5561 -0.7866
vn 0.3452 -0.4387 -0.8297
vn 0.3040 -0.4479 -0.8408
vn 0.2130 -0.4369 -0.8740
vn 0.2593 -0.3358 -0.9055
vn 0.2151 -0.3807 -0.8993
vn -0.0054 -0.4193 -0.9079
vn 0.0552 -0.4676 -0.8822
vn 0.1313 -0.3194 -0.9385
vn -0.0029 -0.3713 -0.9285
vn 0.0258 0.2231 0.9745
vn 0.0166 0.2315 0.9727
vn -0.0436 0.2351 0.9710
vn -0.0420 0.2293 0.9725
vn -0.1402 0.2380 0.9611
vn -0.1460 0.2265 0.9630
vn -0.2490 0.2360 0.9393
vn -0.2571 0.2219 0.9405
vn -0.3637 0.2312 0.9024
vn -0.3771 0.2213 0.8994
vn -0.5661 0.2285 0.7920
vn -0.5710 0.2188 0.7913
vn -0.5724 0.2016 0.7948
vn -0.7775 0.2079 0.5935
vn -0.7844 0.1864 0.5916
vn -0.7800 0.1910 0.5960
vn -0.9104 0.1683 0.3779
vn -0.9100 0.1714 0.3777
vn -0.9611 0.1589 0.2258
vn -0.9648 0.1477 0.2178
vn -0.9674 0.1466 0.2067
vn -0.9849 0.1353 0.1080
vn -0.9851 0.1353 0.1064
vn -0.9846 0.1415 0.1028
vn -0.9910 0.1332 -0.0115
vn -0.9911 0.1309 -0.0231
vn -0.9844 0.1722 -0.0375
vn -0.9888 0.1120 -0.0990
vn -0.9804 0.1647 -0.1078
vn -0.9657 0.2379 -0.1039
vn -0.9675 0.1722 -0.1853
vn -0.9512 0.2405 -0.1934
vn -0.9288 0.3052 -0.2104
vn -0.9397 0.3244 -0.1084
vn -0.8756 0.4215 -0.2358
vn -0.8694 0.4738 -0.1399
vn -0.8047 0.5285 -0.2705
vn -0.7907 0.5836 -0.1848
vn -0.7440 0.6007 -0.2925
vn -0.7432 0.6320 -0.2196
vn -0.6361 0.7104 -0.3011
vn -0.6468 0.7262 -0.2331
vn -0.4631 0.8259 -0.3215
vn -0.4388 0.8672 -0.2355
vn -0.2965 0.8861 -0.3562
vn -0.2656 0.9334 -0.2412
vn -0.1283 0.9235 -0.3615
vn -0.1585 0.9605 -0.2290
vn -0.0248 0.9421 -0.3344
vn -0.0697 0.9781 -0.1961
vn -0.0899 0.9959 -0.0114
vn -0.0497 0.9816 -0.1841
vn -0.0447 0.9989 -0.0131
vn -0.0403 0.9828 0.1802
vn -0.0430 0.9990 -0.0143
vn -0.0346 0.9838 0.1759
vn -0.0172 0.9470 0.3208
vn -0.0252 0.9858 0.1660
vn -0.0068 0.9512 0.3086
vn 0.0139 0.8979 0.4399
vn -0.0087 0.9560 0.2934
vn 0.0188 0.9064 0.4220
vn 0.0481 0.8519 0.5215
vn 0.0372 0.8354 0.5484
vn 0.0673 0.7624 0.6436
vn 0.0533 0.7467 0.6631
vn 0.0560 0.6125 0.7885
vn 0.0513 0.5940 0.8029
vn 0.0135 0.3729 0.9278
vn 0.0213 0.3445 0.9386
vn -0.0280 0.1422 0.9894
vn -0.0139 0.1167 0.9931
vn -0.0556 0.0063 0.9984
vn -0.0371 -0.0021 0.9993
vn -0.0954 -0.1318 0.9867
vn -0.0708 -0.1331 0.9886
vn -0.1598 -0.3767 0.9125
vn -0.1282 -0.4011 0.9070
vn -0.1980 -0.5840 0.7872
vn -0.1733 -0.5923 0.7869
vn -0.1237 -0.6003 0.7902
vn -0.1818 -0.5646 0.8051
vn -0.1210 -0.5528 0.8245
vn -0.1252 -0.5089 0.8517
vn -0.1994 -0.5839 0.7869
vn -0.1968 -0.5807 0.7900
vn -0.2254 -0.5853 0.7788
vn -0.2752 -0.6755 0.6841
vn -0.2382 -0.6782 0.6952
vn -0.3147 -0.7626 0.5652
vn -0.2803 -0.7707 0.5722
vn -0.3461 -0.8631 0.3678
vn -0.3103 -0.8780 0.3644
vn -0.3456 -0.8731 0.3439
vn -0.5028 -0.7954 0.3385
vn -0.3157 -0.9339 0.1680
vn -0.3283 -0.9306 0.1619
vn -0.4733 -0.8657 0.1627
vn -0.7426 -0.6477 0.1701
vn -0.7655 -0.5480 0.3372
vn -0.3175 -0.9482 -0.0067
vn -0.4600 -0.8879 -0.0096
vn -0.7255 -0.6879 -0.0187
vn -0.9606 -0.2768 -0.0272
vn -0.9565 -0.2434 0.1610
vn -0.4557 -0.8731 -0.1732
vn -0.7047 -0.6838 -0.1893
vn -0.9486 -0.2623 -0.1773
vn -0.9759 0.1842 -0.1166
vn -0.9877 0.1544 -0.0225
vn -0.7186 -0.6165 -0.3217
vn -0.9427 -0.2001 -0.2671
vn -0.9585 0.2179 -0.1839
vn -0.8966 0.4203 -0.1394
vn -0.9143 0.3998 -0.0647
vn -0.8932 -0.0490 -0.4470
vn -0.9062 0.2360 -0.3508
vn -0.8602 0.3931 -0.3249
vn -0.8333 0.4360 -0.3398
vn -0.8691 0.4767 -0.1320
vn -0.7615 0.2540 -0.5963
vn -0.7557 0.3313 -0.5649
vn -0.7515 0.3626 -0.5511
vn -0.7536 0.3735 -0.5409
vn -0.8193 0.4502 -0.3551
vn -0.4991 0.2139 -0.8397
vn -0.5375 0.2378 -0.8091
vn -0.5874 0.2669 -0.7640
vn -0.6304 0.2906 -0.7199
vn -0.7426 0.3889 -0.5453
vn -0.2114 0.0570 -0.9757
vn -0.2689 0.0909 -0.9589
vn -0.3584 0.1213 -0.9257
vn -0.4537 0.1343 -0.8810
vn -0.6484 0.2855 -0.7057
vn -0.0372 -0.0325 -0.9988
vn -0.0801 -0.0356 -0.9962
vn -0.1634 -0.0236 -0.9863
vn -0.2815 -0.0195 -0.9594
vn -0.5140 0.1308 -0.8477
vn -0.0231 -0.0699 -0.9973
vn -0.0228 -0.0902 -0.9957
vn -0.0707 -0.1222 -0.9900
vn -0.1439 -0.1371 -0.9800
vn -0.3506 -0.0153 -0.9364
vn -0.0549 -0.0847 -0.9949
vn -0.0436 -0.1382 -0.9894
vn -0.0529 -0.1793 -0.9824
vn -0.0638 -0.1823 -0.9812
vn -0.1855 -0.1148 -0.9759
vn -0.0926 -0.1334 -0.9867
vn -0.0844 -0.1682 -0.9821
vn -0.0713 -0.1779 -0.9815
vn -0.0594 -0.1887 -0.9802
vn -0.0652 -0.1743 -0.9825
vn 0.0347 -0.2568 -0.9658
vn 0.0302 -0.2619 -0.9646
vn 0.0328 -0.2692 -0.9625
vn 0.0434 -0.2556 -0.9658
vn -0.0363 -0.1891 -0.9813
vn 0.2247 -0.3951 -0.8907
vn 0.2137 -0.3897 -0.8958
vn 0.2152 -0.3798 -0.8997
vn 0.2127 -0.3765 -0.9017
vn 0.0416 -0.2557 -0.9659
vn 0.2637 -0.4198 -0.8685
vn 0.2707 -0.4269 -0.8628
vn 0.2835 -0.4181 -0.8630
vn 0.2703 -0.4026 -0.8746
vn 0.1901 -0.3709 -0.9090
vn 0.2690 -0.4250 -0.8643
vn 0.2710 -0.3968 -0.8770
vn 0.2661 -0.3829 -0.8846
vn 0.2311 -0.3816 -0.8950
vn 0.2123 -0.3981 -0.8924
vn 0.3365 -0.4530 -0.8255
vn 0.3455 -0.4657 -0.8147
vn 0.3631 -0.4831 -0.7967
vn 0.3626 -0.5143 -0.7772
vn 0.2053 -0.3760 -0.9036
vn 0.4931 -0.6343 -0.5954
vn 0.5397 -0.6458 -0.5400
vn 0.5544 -0.6688 -0.4952
vn 0.5544 -0.6839 -0.4742
vn 0.3827 -0.5443 -0.7465
vn 0.6277 -0.7363 -0.2528
vn 0.6507 -0.7287 -0.2135
vn 0.6475 -0.7322 -0.2111
vn 0.6828 -0.6995 -0.2109
vn 0.5982 -0.6510 -0.4673
vn 0.6749 -0.7354 -0.0613
vn 0.6785 -0.7317 -0.0660
vn 0.7011 -0.7101 -0.0642
vn 0.7441 -0.6653 -0.0604
vn 0.7175 -0.6648 -0.2080
vn 0.6855 -0.7276 -0.0263
vn 0.7002 -0.7134 -0.0270
vn 0.7477 -0.6636 -0.0242
vn 0.7404 -0.6718 -0.0203
vn 0.7326 -0.6759 -0.0802
vn 0.7018 -0.7119 0.0253
vn 0.7445 -0.6669 0.0309
vn 0.7336 -0.6772 0.0572
vn 0.7165 -0.6653 0.2100
vn 0.6933 -0.6753 0.2516
vn 0.6085 -0.7388 0.2898
vn 0.5777 -0.6254 0.5244
vn 0.4902 -0.6617 0.5673
vn 0.3595 -0.7089 0.6069
vn 0.2962 -0.5132 0.8055
vn 0.1844 -0.5289 0.8284
vn 0.1116 -0.3642 0.9246
vn 0.0385 -0.3696 0.9284
vn 0.0223 -0.2988 0.9541
vn -0.0329 -0.3018 0.9528
vn -0.1000 -0.3099 0.9455
vn -0.0526 -0.3079 0.9500
vn -0.1194 -0.2948 0.9481
vn -0.1805 -0.3004 0.9366
vn -0.1882 -0.3090 0.9322
vn -0.2510 -0.3087 0.9174
vn -0.2072 -0.3066 0.9290
vn -0.2679 -0.2897 0.9188
vn -0.3750 -0.2697 0.8869
vn -0.3503 -0.3145 0.8823
vn -0.5854 -0.2336 0.7764
vn -0.5450 -0.3283 0.7715
vn -0.8064 -0.1731 0.5654
vn -0.7547 -0.3230 0.5710
vn -0.8897 -0.2958 0.3479
vn -0.6277 -0.1017 0.7718
vn -0.3824 -0.1702 0.9082
vn -0.3720 -0.0840 0.9244
vn -0.2605 -0.1935 0.9459
vn -0.2525 -0.1262 0.9593
vn -0.2813 -0.1250 0.9514
vn -0.2641 -0.1347 0.9550
vn -0.2756 -0.1319 0.9522
vn -0.2264 -0.0912 0.9698
vn -0.2278 -0.1490 0.9623
vn -0.1942 -0.1031 0.9755
vn -0.1786 -0.0733 0.9812
vn -0.1294 -0.1627 0.9781
vn -0.1347 -0.1125 0.9845
vn -0.1445 -0.1187 0.9824
vn 0.0033 -0.2336 0.9723
vn 0.0072 -0.2289 0.9734
vn -0.0034 -0.2393 0.9709
vn 0.1607 -0.3419 0.9259
vn 0.1486 -0.3516 0.9243
vn 0.1546 -0.3457 0.9255
vn 0.1913 -0.3695 0.9093
vn 0.2319 -0.3813 0.8949
vn 0.2641 -0.3893 0.8824
vn 0.3335 -0.4339 0.8369
vn 0.3600 -0.4446 0.8202
vn 0.3566 -0.4555 0.8157
vn 0.4802 -0.5400 0.6912
vn 0.4561 -0.5493 0.7002
vn 0.4348 -0.5519 0.7116
vn 0.5585 -0.6616 0.5003
vn 0.5430 -0.6640 0.5141
vn 0.5424 -0.6499 0.5323
vn 0.6107 -0.7359 0.2924
vn 0.6235 -0.7231 0.2973
vn 0.6434 -0.7018 0.3058
vn 0.6592 -0.7454 0.0988
vn 0.6871 -0.7205 0.0940
vn 0.6906 -0.7155 0.1052
vn 0.6963 -0.7158 -0.0526
vn 0.6962 -0.7157 -0.0554
vn 0.6877 -0.7241 -0.0520
vn 0.6913 -0.6978 -0.1875
vn 0.6855 -0.6968 -0.2109
vn 0.6805 -0.6988 -0.2204
vn 0.6555 -0.6430 -0.3959
vn 0.6308 -0.6653 -0.3994
vn 0.6262 -0.6769 -0.3868
vn 0.5408 -0.6043 -0.5851
vn 0.5461 -0.6116 -0.5725
vn 0.5578 -0.6019 -0.5715
vn 0.4001 -0.4975 -0.7697
vn 0.4269 -0.5013 -0.7526
vn 0.4106 -0.5698 -0.7119
vn 0.2772 -0.3863 -0.8798
vn 0.2506 -0.4144 -0.8749
vn 0.2846 -0.4280 -0.8578
vn 0.2063 -0.3136 -0.9269
vn 0.1751 -0.2784 -0.9444
vn 0.2117 -0.2873 -0.9342
vn 0.1808 -0.2248 -0.9575
vn 0.1451 -0.1959 -0.9698
vn 0.1482 -0.2187 -0.9645
vn 0.0246 -0.2236 -0.9744
vn -0.0017 -0.1879 -0.9822
vn 0.0278 -0.2012 -0.9792
vn 0.0322 -0.2401 -0.9702
vn 0.0170 -0.1565 -0.9875
vn -0.0117 -0.1627 -0.9866
vn 0.0338 -0.1616 -0.9863
vn 0.0374 -0.1857 -0.9819
vn -0.0272 -0.1651 -0.9859
vn -0.0102 -0.2075 -0.9782
vn 0.0473 -0.2323 -0.9715
vn -0.0181 -0.2315 -0.9727
vn 0.0209 -0.1786 -0.9837
vn -0.0544 -0.2342 -0.9707
vn 0.0128 0.2500 0.9682
vn 0.0100 0.2610 0.9653
vn -0.0363 0.2603 0.9648
vn -0.0426 0.2496 0.9674
vn -0.1176 0.2570 0.9592
vn -0.1339 0.2486 0.9593
vn -0.2241 0.2553 0.9405
vn -0.2360 0.2468 0.9399
vn -0.3337 0.2635 0.9051
vn -0.3419 0.2474 0.9066
vn -0.5287 0.2746 0.8031
vn -0.5515 0.2514 0.7954
vn -0.7356 0.2673 0.6224
vn -0.7576 0.2453 0.6048
vn -0.7695 0.2212 0.5992
vn -0.8836 0.2322 0.4065
vn -0.8959 0.2039 0.3947
vn -0.9058 0.1894 0.3791
vn -0.9558 0.1880 0.2262
vn -0.9584 0.1784 0.2228
vn -0.9792 0.1840 0.0854
vn -0.9796 0.1779 0.0936
vn -0.9823 0.1569 0.1027
vn -0.9832 0.1823 -0.0091
vn -0.9871 0.1600 -0.0077
vn -0.9905 0.1369 -0.0090
vn -0.9831 0.1654 -0.0789
vn -0.9873 0.1390 -0.0764
vn -0.9885 0.1263 -0.0829
vn -0.9717 0.1603 -0.1734
vn -0.9746 0.1336 -0.1799
vn -0.9749 0.1199 -0.1874
vn -0.9075 0.1662 -0.3858
vn -0.9087 0.1576 -0.3866
vn -0.9011 0.1927 -0.3884
vn -0.7727 0.1982 -0.6030
vn -0.7516 0.2113 -0.6248
vn -0.7189 0.2332 -0.6549
vn -0.8826 0.2358 -0.4068
vn -0.6854 0.2727 -0.6751
vn -0.8577 0.2902 -0.4244
vn -0.6440 0.3345 -0.6881
vn -0.8162 0.3851 -0.4308
vn -0.5903 0.4010 -0.7005
vn -0.7608 0.4832 -0.4333
vn -0.5383 0.4690 -0.7002
vn -0.7013 0.5634 -0.4368
vn -0.4889 0.5450 -0.6811
vn -0.6078 0.6550 -0.4489
vn -0.4080 0.6331 -0.6578
vn -0.4767 0.7407 -0.4734
vn -0.2747 0.7284 -0.6276
vn -0.3186 0.8102 -0.4920
vn -0.1221 0.7923 -0.5978
vn -0.1262 0.8632 -0.4888
vn -0.0092 0.8082 -0.5889
vn -0.0000 0.8778 -0.4790
vn 0.0009 0.8110 -0.5850
vn -0.0309 0.8793 -0.4753
vn -0.0501 0.9445 -0.3248
vn -0.0170 0.8873 -0.4609
vn -0.0283 0.9474 -0.3189
vn -0.0389 0.9824 -0.1824
vn -0.0004 0.9515 -0.3075
vn -0.0140 0.9853 -0.1705
vn -0.0290 0.9995 -0.0092
vn -0.0142 0.9883 -0.1516
vn -0.0362 0.9993 0.0009
vn -0.0331 0.9874 0.1545
vn -0.0840 0.9964 0.0070
vn -0.0675 0.9882 0.1377
vn -0.0316 0.9622 0.2707
vn -0.1062 0.9873 0.1177
vn -0.0854 0.9639 0.2521
vn -0.0717 0.9177 0.3908
vn 0.0030 0.9156 0.4020
vn -0.0546 0.8783 0.4749
vn 0.0298 0.8681 0.4955
vn -0.0225 0.8148 0.5793
vn 0.0493 0.7838 0.6191
vn 0.0018 0.6589 0.7522
vn 0.0445 0.6272 0.7776
vn -0.0083 0.4361 0.8999
vn 0.0085 0.4054 0.9141
vn -0.0427 0.2044 0.9780
vn -0.0342 0.1744 0.9841
vn -0.0800 0.0309 0.9963
vn -0.0712 0.0192 0.9973
vn -0.1251 -0.1246 0.9843
vn -0.1227 -0.1307 0.9838
vn -0.1952 -0.3451 0.9180
vn -0.1953 -0.3570 0.9135
vn -0.2687 -0.5626 0.7818
vn -0.2572 -0.5596 0.7879
vn -0.3092 -0.6046 0.7341
vn -0.2798 -0.5798 0.7652
vn -0.3161 -0.5635 0.7632
vn -0.2931 -0.5740 0.7646
vn -0.3119 -0.6385 0.7036
vn -0.3157 -0.6607 0.6810
vn -0.3190 -0.7666 0.5573
vn -0.3453 -0.7565 0.5554
vn -0.3463 -0.8593 0.3765
vn -0.3701 -0.8503 0.3741
vn -0.3707 -0.9086 0.1923
vn -0.3684 -0.9109 0.1861
vn -0.3509 -0.9205 0.1718
vn -0.3628 -0.9317 0.0154
vn -0.3446 -0.9387 0.0118
vn -0.3072 -0.9516 0.0014
vn -0.3373 -0.9303 -0.1442
vn -0.2837 -0.9463 -0.1548
vn -0.3151 -0.9344 -0.1661
vn -0.2684 -0.8955 -0.3551
vn -0.3244 -0.8854 -0.3330
vn -0.4693 -0.8207 -0.3258
vn -0.2462 -0.7668 -0.5928
vn -0.3276 -0.8716 -0.3647
vn -0.2906 -0.7520 -0.5917
vn -0.2522 -0.6680 -0.7001
vn -0.2186 -0.6708 -0.7087
vn -0.2137 -0.5860 -0.7816
vn -0.1778 -0.5830 -0.7927
vn -0.1974 -0.5459 -0.8142
vn -0.1982 -0.4820 -0.8535
vn -0.1482 -0.5767 -0.8034
vn -0.1483 -0.5393 -0.8289
vn -0.1196 -0.4917 -0.8625
vn -0.0668 -0.4372 -0.8969
vn -0.1482 -0.3609 -0.9207
vn -0.1360 -0.6250 -0.7687
vn -0.0931 -0.6066 -0.7895
vn -0.0414 -0.5948 -0.8028
vn 0.0062 -0.6058 -0.7956
vn -0.0145 -0.4064 -0.9136
vn -0.0634 -0.4721 -0.8792
vn -0.0364 -0.4812 -0.8759
vn -0.0002 -0.4655 -0.8851
vn 0.0461 -0.4153 -0.9085
vn 0.0283 -0.5874 -0.8088
vn -0.0182 -0.1417 -0.9897
vn -0.0029 -0.1151 -0.9933
vn 0.0293 -0.0788 -0.9965
vn 0.0794 -0.0470 -0.9957
vn 0.1054 -0.3421 -0.9337
vn 0.0018 0.0082 -1.0000
vn 0.0356 0.0232 -0.9991
vn 0.0734 0.0377 -0.9966
vn 0.0769 0.0319 -0.9965
vn 0.1179 -0.0517 -0.9917
vn 0.0518 0.0620 -0.9967
vn 0.0639 0.0865 -0.9942
vn 0.0242 0.2219 -0.9748
vn 0.0185 0.2162 -0.9762
vn -0.0531 0.4240 -0.9041
vn -0.0930 0.3729 -0.9232
vn -0.1690 0.6124 -0.7723
vn -0.2584 0.5202 -0.8141
vn -0.2815 0.4382 -0.8536
vn -0.3050 0.3471 -0.8868
vn -0.3682 0.2813 -0.8862
vn -0.4077 0.2590 -0.8756
vn -0.2292 0.1944 -0.9538
vn -0.2775 0.2023 -0.9392
vn -0.2634 0.1714 -0.9494
vn -0.2281 0.1555 -0.9611
vn -0.4409 0.2411 -0.8646
vn -0.4671 0.2316 -0.8533
vn -0.3016 0.2286 -0.9256
vn -0.3063 0.2343 -0.9226
vn -0.2819 0.2405 -0.9288
vn -0.2797 0.2175 -0.9351
vn -0.4958 0.2259 -0.8386
vn -0.5286 0.2295 -0.8173
vn -0.3189 0.2345 -0.9183
vn -0.3478 0.2407 -0.9062
vn -0.2692 0.2320 -0.9347
vn -0.2711 0.2356 -0.9333
vn -0.5516 0.2405 -0.7987
vn -0.5625 0.2513 -0.7877
vn -0.3775 0.2482 -0.8921
vn -0.7752 0.2078 -0.5966
vn -0.7709 0.2296 -0.5942
vn -0.7714 0.2390 -0.5898
vn -0.5653 0.2540 -0.7848
vn -0.9059 0.1965 -0.3751
vn -0.9069 0.2146 -0.3625
vn -0.9053 0.2313 -0.3562
vn -0.7713 0.2504 -0.5851
vn -0.9654 0.1870 -0.1817
vn -0.9591 0.2099 -0.1901
vn -0.9563 0.2145 -0.1985
vn -0.9009 0.2331 -0.3662
vn -0.9775 0.1924 -0.0863
vn -0.9745 0.2016 -0.0985
vn -0.9721 0.2089 -0.1069
vn -0.9530 0.2173 -0.2112
vn -0.9816 0.1900 -0.0196
vn -0.9778 0.2076 -0.0272
vn -0.9737 0.2263 -0.0270
vn -0.9672 0.2271 -0.1138
vn -0.9741 0.2115 0.0793
vn -0.9699 0.2316 0.0756
vn -0.9670 0.2453 0.0690
vn -0.9693 0.2433 -0.0367
vn -0.9489 0.2196 0.2268
vn -0.9456 0.2389 0.2209
vn -0.9426 0.2543 0.2164
vn -0.9375 0.2772 0.2105
vn -0.9604 0.2712 0.0640
vn -0.8755 0.2512 0.4128
vn -0.8681 0.2665 0.4187
vn -0.8665 0.2802 0.4132
vn -0.8720 0.2739 0.4057
vn -0.9409 0.2793 0.1915
vn -0.7140 0.2740 0.6443
vn -0.7086 0.2734 0.6505
vn -0.6985 0.2622 0.6658
vn -0.6648 0.2679 0.6973
vn -0.8625 0.2929 0.4126
vn -0.4991 0.2573 0.8275
vn -0.4731 0.2427 0.8469
vn -0.4291 0.2339 0.8724
vn -0.3635 0.2739 0.8904
vn -0.6096 0.3191 0.7257
vn -0.2916 0.2266 0.9293
vn -0.2505 0.2134 0.9443
vn -0.1877 0.2444 0.9513
vn -0.1193 0.3174 0.9408
vn -0.2727 0.3511 0.8958
vn -0.1352 0.2055 0.9693
vn -0.0939 0.2338 0.9677
vn -0.0419 0.3016 0.9525
vn 0.0029 0.3545 0.9351
vn -0.0619 0.3697 0.9271
vn -0.0321 0.2326 0.9720
vn 0.0113 0.2957 0.9552
vn 0.0436 0.3486 0.9362
vn 0.0698 0.3836 0.9209
vn 0.0298 0.3948 0.9183
vn 0.0581 0.2957 0.9535
vn 0.0828 0.3450 0.9349
vn 0.1029 0.3814 0.9187
vn 0.1368 0.3443 0.9289
vn 0.1526 0.3822 0.9114
vn 0.1747 0.4176 0.8917
vn 0.1927 0.4352 0.8795
vn 0.2057 0.4383 0.8750
vn 0.2285 0.4481 0.8643
vn 0.1423 0.4421 0.8856
vn 0.2466 0.4971 0.8319
vn 0.1201 0.4814 0.8682
vn 0.0167 0.4710 0.8820
vn 0.0455 0.4562 0.8887
vn -0.0382 0.4811 0.8758
vn 0.0072 0.4529 0.8916
vn -0.0971 0.4626 0.8812
vn -0.0146 0.4178 0.9084
vn -0.1820 0.4096 0.8939
vn -0.2495 0.5371 0.8058
vn -0.3913 0.4763 0.7874
vn -0.5205 0.4021 0.7533
vn -0.6320 0.5352 0.5605
vn -0.7593 0.4360 0.4831
vn -0.8284 0.3533 0.4347
vn -0.8749 0.4290 0.2248
vn -0.9178 0.3551 0.1774
vn -0.9388 0.2990 0.1710
vn -0.9360 0.3470 0.0589
vn -0.9531 0.2989 0.0480
vn -0.9576 0.2824 0.0562
vn -0.9551 0.2953 -0.0236
vn -0.9593 0.2798 -0.0370
vn -0.9632 0.2651 -0.0443
vn -0.9557 0.2714 -0.1139
vn -0.9564 0.2608 -0.1317
vn -0.9607 0.2468 -0.1268
vn -0.9401 0.2579 -0.2230
vn -0.9416 0.2471 -0.2286
vn -0.9457 0.2340 -0.2258
vn -0.8906 0.2447 -0.3833
vn -0.8901 0.2418 -0.3864
vn -0.8952 0.2321 -0.3804
vn -0.7693 0.2479 -0.5888
vn -0.7768 0.2409 -0.5819
vn -0.7751 0.2471 -0.5815
vn -0.5905 0.2440 -0.7692
vn -0.5898 0.2443 -0.7697
vn -0.5732 0.2506 -0.7802
vn -0.4020 0.2367 -0.8845
vn -0.4045 0.2421 -0.8819
vn -0.3960 0.2525 -0.8829
vn -0.2844 0.2416 -0.9278
vn -0.2856 0.2449 -0.9265
vn -0.2772 0.2377 -0.9310
vn -0.1634 0.2398 -0.9570
vn -0.1592 0.2356 -0.9587
vn -0.1578 0.2374 -0.9585
vn -0.0818 0.2369 -0.9681
vn -0.0823 0.2396 -0.9674
vn -0.0682 0.2502 -0.9658
vn -0.1569 0.2506 -0.9553
vn -0.0495 0.2430 -0.9688
vn -0.1452 0.2492 -0.9575
vn -0.0340 0.2017 -0.9789
vn -0.1178 0.2112 -0.9703
vn -0.0194 0.1699 -0.9853
vn -0.1120 0.1711 -0.9789
vn -0.0116 0.1311 -0.9913
vn -0.1223 0.1411 -0.9824
vn -0.0044 0.1145 -0.9934
vn -0.0713 0.1189 -0.9903
vn -0.0392 0.1008 -0.9941
vn -0.0215 0.0674 -0.9975
vn 0.0073 0.0743 -0.9972
vn -0.0197 0.0558 -0.9982
vn 0.0155 0.0553 -0.9984
vn -0.0186 0.0444 -0.9988
vn 0.0098 0.0359 -0.9993
vn -0.0036 0.0331 -0.9994
vn -0.0092 -0.0927 -0.9956
vn 0.0256 -0.1059 -0.9940
vn 0.0985 -0.0870 -0.9913
vn 0.0633 0.0337 -0.9974
vn 0.0522 -0.2040 -0.9776
vn 0.1146 -0.2137 -0.9702
vn 0.1466 -0.2709 -0.9514
vn 0.0648 -0.2624 -0.9628
vn 0.1048 -0.3718 -0.9224
vn 0.0633 -0.4913 -0.8687
vn 0.0403 -0.2833 -0.9582
vn -0.0245 -0.3455 -0.9381
vn -0.0285 -0.3962 -0.9177
vn -0.0425 -0.2340 -0.9713
vn -0.0613 -0.1997 -0.9779
vn -0.0693 -0.2418 -0.9678
vn -0.0561 -0.1435 -0.9881
vn -0.1489 -0.1700 -0.9741
vn -0.0703 -0.0579 -0.9958
vn -0.2094 -0.0295 -0.9774
vn -0.0766 -0.0469 -0.9960
vn -0.2006 0.0480 -0.9785
vn -0.4664 0.1721 -0.8677
vn -0.4725 0.1977 -0.8589
vn -0.7278 0.1412 -0.6711
vn -0.1607 0.0638 -0.9849
vn -0.1718 0.0536 -0.9837
vn -0.0459 -0.0241 -0.9987
vn -0.0259 -0.0376 -0.9990
vn -0.0234 -0.0497 -0.9985
vn -0.0581 -0.0327 -0.9978
vn -0.0511 -0.0341 -0.9981
vn -0.0358 -0.0401 -0.9986
vn -0.0217 -0.0356 -0.9991
vn -0.0427 -0.0391 -0.9983
vn -0.0559 -0.0196 -0.9982
vn -0.0605 -0.0160 -0.9980
vn -0.0656 -0.0485 -0.9967
vn -0.0008 -0.0403 -0.9992
vn -0.0335 -0.0415 -0.9986
vn -0.0624 -0.0562 -0.9965
vn -0.0856 -0.0871 -0.9925
vn 0.1011 -0.1786 -0.9787
vn 0.0861 -0.2003 -0.9759
vn 0.0671 -0.2290 -0.9711
vn 0.0475 -0.2544 -0.9659
vn 0.2396 -0.3611 -0.9012
vn 0.2462 -0.3815 -0.8910
vn 0.2467 -0.3882 -0.8879
vn 0.2449 -0.3842 -0.8902
vn 0.2449 -0.3972 -0.8845
vn 0.2590 -0.3967 -0.8806
vn 0.2689 -0.3970 -0.8776
vn 0.2608 -0.4139 -0.8721
vn 0.2261 -0.3792 -0.8972
vn 0.2336 -0.3827 -0.8939
vn 0.2354 -0.4038 -0.8841
vn 0.2505 -0.4282 -0.8683
vn 0.3302 -0.4633 -0.8224
vn 0.3030 -0.4751 -0.8261
vn 0.2934 -0.4918 -0.8198
vn 0.3242 -0.4693 -0.8214
vn 0.4645 -0.6095 -0.6424
vn 0.4306 -0.6191 -0.6568
vn 0.4526 -0.5970 -0.6624
vn 0.4742 -0.6054 -0.6392
vn 0.5653 -0.7187 -0.4048
vn 0.5677 -0.7128 -0.4119
vn 0.5703 -0.7317 -0.3733
vn 0.5809 -0.7513 -0.3132
vn 0.6196 -0.7633 -0.1832
vn 0.6005 -0.7849 -0.1529
vn 0.6015 -0.7901 -0.1184
vn 0.6398 -0.7639 -0.0843
vn 0.6079 -0.7938 -0.0163
vn 0.6064 -0.7949 -0.0204
vn 0.6369 -0.7707 -0.0220
vn 0.6777 -0.7350 -0.0229
vn 0.6180 -0.7838 0.0609
vn 0.6427 -0.7653 0.0340
vn 0.6782 -0.7345 0.0239
vn 0.6855 -0.7275 0.0273
vn 0.6439 -0.7464 0.1684
vn 0.6649 -0.7303 0.1565
vn 0.6690 -0.7238 0.1690
vn 0.6873 -0.7028 0.1835
vn 0.6027 -0.6937 0.3945
vn 0.6016 -0.6881 0.4057
vn 0.6115 -0.6629 0.4320
vn 0.6169 -0.6267 0.4761
vn 0.4512 -0.5789 0.6791
vn 0.4523 -0.5620 0.6925
vn 0.4314 -0.5324 0.7283
vn 0.3768 -0.5112 0.7725
vn 0.2439 -0.4155 0.8763
vn 0.2035 -0.3999 0.8937
vn 0.1611 -0.3725 0.9139
vn 0.0750 -0.3320 0.9403
vn 0.0527 -0.3042 0.9511
vn 0.0703 -0.3474 0.9351
vn 0.0624 -0.3222 0.9446
vn 0.0189 -0.3148 0.9490
vn 0.0363 -0.3195 0.9469
vn 0.0169 -0.3127 0.9497
vn -0.1138 -0.2173 0.9694
vn -0.0931 -0.2514 0.9634
vn -0.2249 -0.1746 0.9586
vn -0.2314 -0.2113 0.9496
vn -0.0046 -0.2820 0.9594
vn 0.0989 -0.3581 0.9284
vn 0.1476 -0.3434 0.9275
vn 0.1277 -0.3491 0.9283
vn 0.1731 -0.3500 0.9206
vn 0.1773 -0.3556 0.9176
vn 0.2557 -0.4168 0.8723
vn 0.2553 -0.4221 0.8698
vn 0.2893 -0.4250 0.8577
vn 0.4533 -0.5828 0.6745
vn 0.4697 -0.5661 0.6774
vn 0.4819 -0.5465 0.6849
vn 0.5986 -0.6878 0.4106
vn 0.5916 -0.6670 0.4529
vn 0.5820 -0.6538 0.4836
vn 0.6286 -0.7490 0.2095
vn 0.6254 -0.7378 0.2539
vn 0.6150 -0.7363 0.2821
vn 0.6200 -0.7789 0.0946
vn 0.6294 -0.7687 0.1141
vn 0.6391 -0.7613 0.1092
vn 0.6310 -0.7755 -0.0226
vn 0.6453 -0.7630 -0.0365
vn 0.6655 -0.7449 -0.0460
vn 0.6287 -0.7543 -0.1892
vn 0.6512 -0.7352 -0.1881
vn 0.6839 -0.7058 -0.1849
vn 0.5969 -0.7029 -0.3869
vn 0.6319 -0.6752 -0.3806
vn 0.6512 -0.6568 -0.3803
vn 0.5054 -0.5902 -0.6295
vn 0.5395 -0.5818 -0.6086
vn 0.5699 -0.5681 -0.5937
vn 0.3542 -0.4679 -0.8097
vn 0.3987 -0.4704 -0.7873
vn 0.3989 -0.5026 -0.7670
vn 0.2395 -0.3875 -0.8902
vn 0.2566 -0.3986 -0.8805
vn 0.2725 -0.3884 -0.8803
vn 0.2417 -0.3859 -0.8903
vn 0.2521 -0.3713 -0.8937
vn 0.2549 -0.3470 -0.9026
vn 0.2318 -0.3337 -0.9137
vn 0.2379 -0.2964 -0.9250
vn 0.2246 -0.2605 -0.9390
vn 0.1148 -0.1483 -0.9823
vn 0.1265 -0.1434 -0.9815
vn 0.0221 -0.0699 -0.9973
vn -0.0441 -0.0476 -0.9979
vn -0.0123 -0.0535 -0.9985
vn -0.0114 -0.1584 -0.9873
vn -0.0192 -0.1361 -0.9905
vn -0.0342 -0.1168 -0.9926
vn 0.0051 -0.2464 -0.9692
vn -0.0318 -0.2053 -0.9782
vn 0.0034 -0.2298 -0.9732
vn -0.0002 -0.1797 -0.9837
vn 0.0473 -0.1857 -0.9815
vn -0.0304 -0.1805 -0.9831
vn -0.1100 -0.2008 -0.9734
vn -0.0338 -0.2071 -0.9777
vn -0.0821 -0.1668 -0.9826
vn -0.0286 -0.0680 -0.9973
vn 0.0080 0.2566 0.9665
vn 0.0105 0.2347 0.9720
vn -0.0258 0.2312 0.9726
vn -0.0295 0.2550 0.9665
vn -0.0796 0.2339 0.9690
vn -0.0954 0.2535 0.9626
vn -0.1859 0.2392 0.9530
vn -0.2087 0.2543 0.9443
vn -0.3189 0.2447 0.9157
vn -0.3331 0.2608 0.9061
vn -0.5109 0.2713 0.8157
vn -0.1626 0.2163 0.9627
vn -0.0731 0.2086 0.9753
vn -0.0630 0.2014 0.9775
vn -0.0244 0.2043 0.9786
vn -0.0129 0.2017 0.9794
vn 0.0208 0.2392 0.9707
vn 0.0416 0.2135 0.9761
vn 0.0782 0.2542 0.9640
vn 0.1154 0.3021 0.9463
vn 0.2449 0.5515 0.7974
vn 0.2431 0.5813 0.7766
vn 0.0705 0.5970 0.7992
vn 0.0956 0.5529 0.8278
vn -0.1223 0.6052 0.7866
vn -0.0457 0.5363 0.8428
vn -0.2850 0.6310 0.7215
vn -0.1405 0.5471 0.8252
vn -0.4497 0.6240 0.6391
vn -0.4498 0.7181 0.5311
vn -0.6217 0.6751 0.3972
vn -0.7819 0.5446 0.3035
vn -0.7041 0.6790 0.2078
vn -0.8371 0.5332 0.1220
vn -0.9058 0.4158 0.0814
vn -0.8507 0.5253 0.0186
vn -0.9104 0.4138 0.0023
vn -0.9401 0.3409 -0.0070
vn -0.9086 0.4158 -0.0396
vn -0.9398 0.3379 -0.0517
vn -0.9547 0.2869 -0.0795
vn -0.9331 0.3386 -0.1207
vn -0.9476 0.2731 -0.1657
vn -0.9421 0.2616 -0.2098
vn -0.8932 0.2568 -0.3691
vn -0.8854 0.2559 -0.3880
vn -0.8873 0.2588 -0.3817
vn -0.7181 0.2447 -0.6515
vn -0.7299 0.2568 -0.6335
vn -0.7525 0.2469 -0.6106
vn -0.5075 0.2472 -0.8254
vn -0.5460 0.2509 -0.7993
vn -0.5752 0.2503 -0.7788
vn -0.3612 0.2506 -0.8982
vn -0.3766 0.2449 -0.8934
vn -0.3888 0.2419 -0.8890
vn -0.2385 0.2425 -0.9404
vn -0.2545 0.2412 -0.9365
vn -0.2706 0.2373 -0.9330
vn -0.1419 0.2351 -0.9616
vn -0.1410 0.2383 -0.9609
vn -0.1548 0.2500 -0.9558
vn -0.0615 0.2340 -0.9703
vn -0.0668 0.2615 -0.9629
vn -0.0782 0.2381 -0.9681
vn -0.0478 0.2663 -0.9627
vn -0.0506 0.2444 -0.9684
vn -0.0626 0.2453 -0.9674
vn -0.0749 0.2425 -0.9673
vn -0.0821 0.2435 -0.9664
vn 0.0201 0.2097 0.9776
vn 0.2428 0.6169 0.7486
vn 0.2303 0.6958 0.6803
vn -0.0606 0.7752 0.6288
vn 0.0159 0.6699 0.7422
vn -0.3616 0.7958 0.4857
vn -0.2411 0.7063 0.6656
vn -0.5619 0.7579 0.3314
vn -0.4502 0.8296 0.3304
vn -0.6215 0.7628 0.1786
vn -0.7422 0.6655 0.0788
vn -0.6447 0.7622 0.0581
vn -0.7514 0.6599 -0.0016
vn -0.8512 0.5241 -0.0276
vn -0.7365 0.6699 -0.0938
vn -0.8444 0.5275 -0.0929
vn -0.9003 0.4232 -0.1023
vn -0.7905 0.5548 -0.2594
vn -0.8494 0.4414 -0.2894
vn -0.8812 0.3413 -0.3271
vn -0.6775 0.4354 -0.5928
vn -0.6941 0.3166 -0.6466
vn -0.7105 0.2328 -0.6641
vn -0.4297 0.2627 -0.8639
vn -0.4567 0.2024 -0.8663
vn -0.4828 0.2225 -0.8470
vn -0.2714 0.1855 -0.9444
vn -0.3048 0.2096 -0.9290
vn -0.3340 0.2429 -0.9108
vn -0.1797 0.2064 -0.9618
vn -0.2017 0.2404 -0.9495
vn -0.2203 0.2484 -0.9433
vn -0.0992 0.2395 -0.9658
vn -0.1203 0.2524 -0.9601
vn -0.1401 0.2440 -0.9596
vn -0.0692 0.2632 -0.9623
vn -0.0831 0.2454 -0.9659
vn -0.0750 0.2207 -0.9724
vn -0.0389 0.2488 -0.9678
vn -0.0433 0.2147 -0.9757
vn -0.0477 0.2351 -0.9708
vn 0.2127 0.7712 0.6000
vn 0.1857 0.8332 0.5209
vn -0.2199 0.8897 0.4001
vn -0.1418 0.8463 0.5134
vn -0.5020 0.8417 0.1987
vn -0.2944 0.9385 0.1802
vn -0.5252 0.8510 0.0011
vn -0.6325 0.7704 -0.0805
vn -0.4831 0.8357 -0.2612
vn -0.5753 0.7719 -0.2707
vn -0.6774 0.6875 -0.2615
vn -0.4643 0.7562 -0.4611
vn -0.5491 0.6907 -0.4706
vn -0.6372 0.5671 -0.5219
vn -0.3726 0.6546 -0.6577
vn -0.4005 0.5224 -0.7528
vn -0.4161 0.3807 -0.8258
vn -0.1920 0.4482 -0.8731
vn -0.2036 0.3231 -0.9242
vn -0.2344 0.2217 -0.9465
vn -0.0936 0.2893 -0.9526
vn -0.1255 0.2038 -0.9709
vn -0.1534 0.1798 -0.9717
vn -0.0752 0.1980 -0.9773
vn -0.0864 0.1767 -0.9805
vn -0.0900 0.2035 -0.9749
vn -0.0565 0.1754 -0.9829
vn -0.0540 0.2000 -0.9783
vn -0.0539 0.2427 -0.9686
vn -0.0220 0.2016 -0.9792
vn -0.0264 0.2472 -0.9686
vn -0.0319 0.2729 -0.9615
vn 0.1692 0.9413 0.2921
vn 0.1589 0.9604 -0.2287
vn -0.2814 0.9212 -0.2689
vn 0.1320 0.7706 -0.6235
vn -0.1587 0.7683 -0.6201
vn -0.3590 0.7708 -0.5263
vn -0.0816 0.7104 -0.6990
vn -0.2295 0.7086 -0.6672
vn -0.3223 0.7098 -0.6264
vn -0.0463 0.6531 -0.7558
vn 0.0842 0.6476 -0.7573
vn 0.0861 0.5408 -0.8367
vn -0.0011 0.5650 -0.8251
vn 0.1003 0.7166 -0.6902
vn 0.0918 0.4488 -0.8889
vn 0.0789 0.3647 -0.9278
vn 0.0252 0.3652 -0.9306
vn 0.0288 0.4600 -0.8874
vn -0.0268 0.3748 -0.9267
vn -0.0016 0.2793 -0.9602
vn -0.0491 0.2796 -0.9589
vn -0.0791 0.3964 -0.9147
vn -0.0384 0.1999 -0.9791
vn 0.0510 0.2865 -0.9567
vn 0.0175 0.2119 -0.9771
vn -0.0093 0.1822 -0.9832
vn -0.1018 0.1985 -0.9748
vn -0.0978 0.1583 -0.9825
vn -0.0896 0.2395 -0.9668
vn -0.0220 0.4529 -0.8913
vn -0.0830 0.6656 -0.7417
vn -0.0002 0.4713 -0.8820
vn -0.0129 0.6882 -0.7254
vn 0.0131 0.4770 -0.8788
vn 0.0176 0.6958 -0.7180
vn 0.0124 0.4833 -0.8754
vn 0.0142 0.7068 -0.7073
vn -0.0006 0.8235 -0.5673
vn 0.0053 0.7174 -0.6967
vn 0.0126 0.8313 -0.5557
vn 0.0091 0.8942 -0.4475
vn 0.0124 0.8337 -0.5520
vn 0.0112 0.8976 -0.4407
vn 0.0056 0.9539 -0.3002
vn -0.0107 0.9018 -0.4320
vn -0.0351 0.9580 -0.2845
vn -0.0678 0.9893 -0.1289
vn -0.1091 0.9565 -0.2704
vn -0.1197 0.9865 -0.1121
vn -0.1223 0.9925 0.0048
vn -0.1357 0.9852 -0.1046
vn -0.1346 0.9909 -0.0008
vn -0.1250 0.9867 0.1037
vn -0.1366 0.9906 -0.0064
vn -0.1438 0.9842 0.1037
vn -0.1656 0.9537 0.2512
vn -0.1204 0.9617 0.2464
vn -0.1657 0.9143 0.3696
vn -0.1218 0.9139 0.3871
vn -0.1355 0.8994 0.4156
vn -0.1118 0.8852 0.4515
vn -0.1187 0.8672 0.4836
vn -0.0873 0.8471 0.5242
vn -0.1369 0.7334 0.6659
vn -0.0676 0.7059 0.7051
vn -0.1596 0.5054 0.8480
vn -0.0681 0.4694 0.8803
vn -0.1690 0.2720 0.9473
vn -0.0869 0.2297 0.9694
vn -0.1778 0.0695 0.9816
vn -0.1130 0.0454 0.9926
vn -0.1999 -0.1037 0.9743
vn -0.1503 -0.1124 0.9822
vn -0.2383 -0.3127 0.9195
vn -0.2089 -0.3318 0.9199
vn -0.2728 -0.5398 0.7964
vn -0.2625 -0.5604 0.7856
vn -0.3065 -0.6614 0.6845
vn -0.2921 -0.6417 0.7091
vn -0.3169 -0.5965 0.7374
vn -0.3005 -0.5786 0.7582
vn -0.3294 -0.5884 0.7384
vn -0.3057 -0.6134 0.7282
vn -0.3807 -0.7306 0.5668
vn -0.3211 -0.7598 0.5653
vn -0.4183 -0.8356 0.3560
vn -0.3471 -0.8645 0.3635
vn -0.4348 -0.8860 0.1611
vn -0.3790 -0.9091 0.1731
vn -0.4386 -0.8987 0.0010
vn -0.3990 -0.9169 0.0072
vn -0.3815 -0.9243 0.0140
vn -0.3942 -0.9070 -0.1479
vn -0.3750 -0.9129 -0.1610
vn -0.3686 -0.9166 -0.1545
vn -0.3485 -0.8625 -0.3670
vn -0.3659 -0.8540 -0.3699
vn -0.3128 -0.7458 -0.5882
vn -0.3324 -0.7419 -0.5823
vn -0.3068 -0.6495 -0.6957
vn -0.2979 -0.6613 -0.6884
vn -0.2975 -0.5655 -0.7692
vn -0.2634 -0.5764 -0.7735
vn -0.2800 -0.5811 -0.7641
vn -0.2606 -0.5679 -0.7808
vn -0.2013 -0.5831 -0.7871
vn -0.2716 -0.6066 -0.7472
vn -0.2123 -0.6211 -0.7545
vn -0.1477 -0.6365 -0.7570
vn -0.1675 -0.4301 -0.8871
vn -0.1130 -0.4428 -0.8895
vn -0.0944 -0.4583 -0.8838
vn -0.0590 -0.1519 -0.9866
vn -0.0415 -0.1569 -0.9867
vn -0.0206 -0.1572 -0.9874
vn -0.0132 -0.0457 -0.9989
vn 0.0045 -0.0259 -0.9997
vn 0.0011 -0.0064 -1.0000
vn 0.0074 0.0141 -0.9999
vn 0.0108 0.0128 -0.9999
vn 0.0119 0.0306 -0.9995
vn 0.0101 0.1964 -0.9805
vn 0.0131 0.2091 -0.9778
vn 0.0062 0.2014 -0.9795
vn 0.0023 0.0213 -0.9998
vn 0.0083 0.2215 -0.9751
vn -0.0242 0.0326 -0.9992
vn -0.0123 0.2478 -0.9687
vn -0.0041 0.5005 -0.8657
vn -0.0370 0.2699 -0.9622
vn -0.0164 0.5197 -0.8542
vn 0.0044 0.7233 -0.6906
vn -0.0167 0.5324 -0.8464
vn -0.0014 0.7314 -0.6820
vn -0.0015 0.8385 -0.5449
vn -0.0492 0.7493 -0.6604
vn -0.0775 0.8461 -0.5273
vn -0.0986 0.9009 -0.4227
vn -0.1102 0.8568 -0.5037
vn -0.1194 0.9017 -0.4156
vn -0.1276 0.9564 -0.2628
vn -0.1505 0.9030 -0.4024
vn -0.1548 0.9530 -0.2604
vn -0.1444 0.9838 -0.1063
vn -0.1412 0.9528 -0.2689
vn -0.1264 0.9851 -0.1167
vn -0.1229 0.9924 -0.0075
vn -0.0928 0.9878 -0.1253
vn -0.0917 0.9958 -0.0059
vn -0.0969 0.9880 0.1202
vn -0.1364 0.9840 0.1146
vn -0.1018 0.9609 0.2575
vn -0.1528 0.9535 0.2599
vn -0.1049 0.9351 0.3384
vn -0.1495 0.9257 0.3475
vn -0.1204 0.9154 0.3841
vn -0.1367 0.9127 0.3851
vn -0.1614 0.8634 0.4780
vn -0.1518 0.8693 0.4704
vn -0.2098 0.7540 0.6225
vn -0.1964 0.7428 0.6401
vn -0.2458 0.5839 0.7737
vn -0.2300 0.5417 0.8085
vn -0.2711 0.3774 0.8855
vn -0.2401 0.3285 0.9135
vn -0.2904 0.1598 0.9435
vn -0.2432 0.1131 0.9634
vn -0.3088 -0.0747 0.9482
vn -0.2535 -0.0928 0.9629
vn -0.3207 -0.2961 0.8997
vn -0.2760 -0.3001 0.9131
vn -0.3094 -0.4741 0.8243
vn -0.2912 -0.5138 0.8069
vn -0.2619 -0.6173 0.7419
vn -0.2882 -0.6667 0.6874
vn -0.2280 -0.6669 0.7094
vn -0.2778 -0.6384 0.7178
vn -0.3073 -0.6915 0.6538
vn -0.3280 -0.6083 0.7228
vn -0.4329 -0.7425 0.5112
vn -0.4358 -0.7124 0.5500
vn -0.5033 -0.7881 0.3544
vn -0.5002 -0.7897 0.3552
vn -0.5358 -0.8267 0.1718
vn -0.5224 -0.8360 0.1677
vn -0.5465 -0.8375 0.0013
vn -0.5239 -0.8518 0.0013
vn -0.5407 -0.8294 -0.1407
vn -0.5187 -0.8435 -0.1398
vn -0.4349 -0.8896 -0.1395
vn -0.4964 -0.8066 -0.3209
vn -0.4168 -0.8480 -0.3273
vn -0.3640 -0.8651 -0.3452
vn -0.3687 -0.7240 -0.5830
vn -0.3184 -0.7413 -0.5909
vn -0.3263 -0.5893 -0.7391
vn -0.3047 -0.6224 -0.7209
vn -0.3137 -0.6044 -0.7323
vn -0.2998 -0.5775 -0.7594
vn -0.2801 -0.6876 -0.6699
vn -0.2719 -0.6343 -0.7237
vn -0.2470 -0.6445 -0.7236
vn -0.2444 -0.6541 -0.7158
vn -0.2609 -0.6312 -0.7304
vn -0.2021 -0.4594 -0.8649
vn -0.1938 -0.4581 -0.8675
vn -0.2080 -0.4341 -0.8765
vn -0.1199 -0.1964 -0.9732
vn -0.1162 -0.1898 -0.9749
vn -0.0873 -0.1639 -0.9826
vn -0.0738 -0.0482 -0.9961
vn -0.0560 -0.0632 -0.9964
vn -0.0363 -0.0636 -0.9973
vn -0.0490 0.0597 -0.9970
vn -0.0586 0.0972 -0.9935
vn -0.0422 0.2897 -0.9562
vn -0.0757 0.1289 -0.9888
vn -0.0595 0.3064 -0.9500
vn -0.0431 0.5468 -0.8362
vn -0.0992 0.3268 -0.9399
vn -0.0935 0.5640 -0.8204
vn -0.0968 0.7701 -0.6306
vn -0.1381 0.5863 -0.7983
vn -0.1302 0.7821 -0.6094
vn -0.1337 0.8651 -0.4835
vn -0.1538 0.7868 -0.5978
vn -0.1396 0.8723 -0.4686
vn -0.1427 0.9106 -0.3878
vn -0.1191 0.8734 -0.4723
vn -0.0999 0.9178 -0.3842
vn -0.0968 0.9570 -0.2733
vn -0.0859 0.9201 -0.3823
vn -0.0736 0.9592 -0.2729
vn -0.0600 0.9894 -0.1324
vn -0.0526 0.9594 -0.2772
vn -0.0305 0.9885 -0.1483
vn -0.0167 0.9998 -0.0125
vn -0.0526 0.9986 -0.0085
vn -0.0248 0.9915 0.1274
vn -0.0590 0.9907 0.1225
vn -0.0359 0.9656 0.2577
vn -0.0772 0.9637 0.2557
vn -0.0383 0.9424 0.3323
vn -0.0895 0.9376 0.3360
vn -0.0468 0.9153 0.4001
vn -0.1007 0.9132 0.3949
vn -0.0761 0.8625 0.5004
vn -0.1303 0.8607 0.4922
vn -0.1218 0.7696 0.6268
vn -0.1743 0.7654 0.6195
vn -0.1800 0.6258 0.7590
vn -0.2262 0.6137 0.7565
vn -0.2400 0.4359 0.8674
vn -0.2749 0.4105 0.8695
vn -0.2988 0.2074 0.9315
vn -0.3150 0.1891 0.9301
vn -0.3528 -0.0441 0.9347
vn -0.3494 -0.0584 0.9352
vn -0.3848 -0.2438 0.8902
vn -0.3610 -0.2744 0.8913
vn -0.4000 -0.3617 0.8421
vn -0.3478 -0.4086 0.8438
vn -0.4247 -0.4765 0.7698
vn -0.3270 -0.5192 0.7896
vn -0.4607 -0.6174 0.6376
vn -0.3321 -0.6391 0.6937
vn -0.4845 -0.7127 0.5073
vn -0.3840 -0.7304 0.5649
vn -0.4935 -0.7512 0.4383
vn -0.4454 -0.7665 0.4627
vn -0.5031 -0.7851 0.3612
vn -0.4809 -0.8009 0.3567
vn -0.5126 -0.8357 0.1971
vn -0.4958 -0.8496 0.1799
vn -0.5096 -0.8604 0.0058
vn -0.4967 -0.8679 0.0011
vn -0.5090 -0.8451 -0.1635
vn -0.4959 -0.8558 -0.1476
vn -0.5088 -0.7963 -0.3272
vn -0.4866 -0.8150 -0.3146
vn -0.5098 -0.8008 -0.3143
vn -0.4431 -0.7643 -0.4685
vn -0.4221 -0.7445 -0.5173
vn -0.4215 -0.7117 -0.5620
vn -0.2869 -0.6905 -0.6641
vn -0.3212 -0.6069 -0.7270
vn -0.2167 -0.6885 -0.6921
vn -0.2847 -0.6514 -0.7033
vn -0.2566 -0.6717 -0.6949
vn -0.2825 -0.7117 -0.6431
vn -0.3144 -0.5600 -0.7665
vn -0.2784 -0.6176 -0.7356
vn -0.3316 -0.3852 -0.8612
vn -0.2590 -0.4030 -0.8778
vn -0.2201 -0.4291 -0.8760
vn -0.2137 -0.1413 -0.9666
vn -0.1754 -0.1526 -0.9726
vn -0.1474 -0.1739 -0.9737
vn -0.1423 0.0495 -0.9886
vn -0.1165 0.0215 -0.9930
vn -0.0885 -0.0166 -0.9959
vn -0.1062 0.1580 -0.9817
vn -0.1332 0.1957 -0.9716
vn -0.1363 0.3610 -0.9225
vn -0.1658 0.2494 -0.9541
vn -0.1698 0.4184 -0.8922
vn -0.1707 0.6202 -0.7657
vn -0.2012 0.4837 -0.8518
vn -0.1811 0.6585 -0.7304
vn -0.1518 0.7911 -0.5925
vn -0.1737 0.6848 -0.7078
vn -0.1356 0.7965 -0.5892
vn -0.1050 0.8720 -0.4780
vn -0.1027 0.8050 -0.5843
vn -0.0753 0.8777 -0.4732
vn -0.0625 0.9261 -0.3722
vn -0.0242 0.8857 -0.4636
vn -0.0099 0.9349 -0.3548
vn -0.0089 0.9606 -0.2777
vn 0.0707 0.9338 -0.3506
vn 0.0781 0.9598 -0.2695
vn 0.0687 0.9838 -0.1655
vn 0.0007 0.9861 -0.1661
vn 0.0668 0.9977 -0.0144
vn 0.0128 0.9998 -0.0142
vn 0.0681 0.9906 0.1186
vn 0.0076 0.9918 0.1278
vn 0.0801 0.9730 0.2163
vn 0.0091 0.9698 0.2437
vn 0.0926 0.9515 0.2932
vn 0.0159 0.9478 0.3184
vn 0.0813 0.9150 0.3952
vn 0.0074 0.9166 0.3997
vn 0.0343 0.8590 0.5108
vn -0.0190 0.8652 0.5011
vn -0.0572 0.7640 0.6426
vn -0.0676 0.7733 0.6305
vn -0.1767 0.6136 0.7696
vn -0.1442 0.6278 0.7649
vn -0.2898 0.4303 0.8549
vn -0.2315 0.4430 0.8661
vn -0.3867 0.2213 0.8953
vn -0.3172 0.2209 0.9223
vn -0.4568 -0.0022 0.8895
vn -0.3895 -0.0259 0.9206
vn -0.4910 -0.1853 0.8512
vn -0.4310 -0.2178 0.8757
vn -0.5040 -0.3205 0.8021
vn -0.4551 -0.3461 0.8204
vn -0.5095 -0.4823 0.7125
vn -0.4843 -0.4909 0.7242
vn -0.5018 -0.6419 0.5798
vn -0.5075 -0.6308 0.5870
vn -0.4968 -0.7215 0.4824
vn -0.5140 -0.7045 0.4893
vn -0.5073 -0.7627 0.4013
vn -0.5190 -0.7408 0.4265
vn -0.5297 -0.7906 0.3073
vn -0.5354 -0.7700 0.3470
vn -0.5562 -0.8113 0.1803
vn -0.5596 -0.8044 0.1995
vn -0.5644 -0.8253 0.0170
vn -0.5683 -0.8227 0.0106
vn -0.5554 -0.8184 -0.1477
vn -0.5607 -0.8112 -0.1662
vn -0.5341 -0.7975 -0.2806
vn -0.5410 -0.7780 -0.3196
vn -0.5108 -0.7722 -0.3778
vn -0.5226 -0.7444 -0.4157
vn -0.4963 -0.7491 -0.4387
vn -0.5150 -0.7086 -0.4822
vn -0.4773 -0.7171 -0.5078
vn -0.3682 -0.7313 -0.5742
vn -0.4571 -0.6285 -0.6293
vn -0.3098 -0.6665 -0.6781
vn -0.4335 -0.4837 -0.7604
vn -0.3146 -0.5579 -0.7680
vn -0.4147 -0.4103 -0.8122
vn -0.3563 -0.4589 -0.8140
vn -0.3997 -0.3457 -0.8489
vn -0.3771 -0.3598 -0.8534
vn -0.3737 -0.1430 -0.9165
vn -0.3555 -0.1559 -0.9216
vn -0.3027 -0.1410 -0.9426
vn -0.3004 0.1257 -0.9455
vn -0.2505 0.1145 -0.9613
vn -0.1759 0.0818 -0.9810
vn -0.2183 0.3085 -0.9259
vn -0.2503 0.3565 -0.9001
vn -0.2133 0.5339 -0.8182
vn -0.2538 0.3782 -0.8903
vn -0.1924 0.5587 -0.8068
vn -0.1419 0.7004 -0.6995
vn -0.1972 0.5492 -0.8121
vn -0.1118 0.7035 -0.7019
vn -0.0534 0.8156 -0.5761
vn -0.1458 0.6792 -0.7194
vn -0.0332 0.8122 -0.5825
vn 0.0312 0.8847 -0.4652
vn -0.0803 0.7762 -0.6254
vn 0.0372 0.8688 -0.4938
vn 0.1153 0.9235 -0.3659
vn -0.0172 0.8356 -0.5490
vn 0.0995 0.9097 -0.4033
vn 0.1741 0.9463 -0.2723
vn 0.1522 0.9540 -0.2584
vn 0.2155 0.9646 -0.1519
vn 0.1588 0.9760 -0.1493
vn 0.2360 0.9713 -0.0293
vn 0.1600 0.9870 -0.0167
vn 0.2412 0.9672 0.0800
vn 0.1651 0.9812 0.0998
vn 0.2275 0.9581 0.1739
vn 0.1741 0.9667 0.1875
vn 0.1882 0.9465 0.2623
vn 0.1744 0.9480 0.2662
vn 0.0919 0.9114 0.4012
vn 0.1320 0.9102 0.3925
vn -0.0675 0.8074 0.5862
vn 0.0213 0.8330 0.5529
vn -0.2162 0.6658 0.7141
vn -0.1200 0.7223 0.6811
vn -0.3307 0.5271 0.7828
vn -0.2560 0.5805 0.7729
vn -0.4211 0.3783 0.8243
vn -0.3733 0.4094 0.8325
vn -0.4777 0.2328 0.8471
vn -0.4581 0.2246 0.8600
vn -0.5061 0.0893 0.8578
vn -0.5079 0.0350 0.8607
vn -0.5187 -0.0662 0.8524
vn -0.5284 -0.1360 0.8380
vn -0.5294 -0.2313 0.8162
vn -0.5321 -0.2752 0.8007
vn -0.5472 -0.4179 0.7252
vn -0.5309 -0.4398 0.7244
vn -0.5540 -0.6005 0.5766
vn -0.5182 -0.6215 0.5876
vn -0.5462 -0.7117 0.4418
vn -0.5052 -0.7268 0.4652
vn -0.5396 -0.7727 0.3343
vn -0.5050 -0.7814 0.3666
vn -0.5345 -0.8122 0.2339
vn -0.5116 -0.8172 0.2653
vn -0.5217 -0.8385 0.1572
vn -0.5247 -0.8509 0.0282
vn -0.5199 -0.8457 -0.1204
vn -0.5345 -0.8221 -0.1962
vn -0.5088 -0.8272 -0.2384
vn -0.5345 -0.7964 -0.2830
vn -0.4999 -0.8013 -0.3287
vn -0.5403 -0.7423 -0.3962
vn -0.4970 -0.7503 -0.4358
vn -0.4967 -0.7319 -0.4665
vn -0.5045 -0.6686 -0.5464
vn -0.4920 -0.6637 -0.5634
vn -0.5096 -0.6292 -0.5869
vn -0.4910 -0.5531 -0.6730
vn -0.4839 -0.5171 -0.7060
vn -0.4948 -0.4147 -0.7637
vn -0.4548 -0.4319 -0.7789
vn -0.4970 -0.2524 -0.8302
vn -0.4414 -0.3141 -0.8406
vn -0.4762 -0.0444 -0.8782
vn -0.4163 -0.0923 -0.9045
vn -0.4250 0.1636 -0.8903
vn -0.3604 0.1572 -0.9195
vn -0.3206 0.1387 -0.9370
vn -0.2852 0.3682 -0.8849
vn -0.3542 0.3438 -0.8697
vn -0.2635 0.5104 -0.8186
vn -0.4131 0.3165 -0.8539
vn -0.3367 0.4650 -0.8188
vn -0.2245 0.6251 -0.7476
vn -0.3718 0.4245 -0.8256
vn -0.2891 0.5580 -0.7778
vn -0.1620 0.7101 -0.6852
vn -0.3148 0.5019 -0.8056
vn -0.2198 0.6342 -0.7413
vn -0.0895 0.7780 -0.6218
vn -0.2772 0.5854 -0.7619
vn -0.1902 0.7226 -0.6646
vn -0.0808 0.8535 -0.5148
vn 0.0396 0.8839 -0.4661
vn 0.0100 0.9325 -0.3610
vn 0.1356 0.9386 -0.3171
vn 0.0742 0.9718 -0.2236
vn 0.1966 0.9633 -0.1828
vn 0.1089 0.9897 -0.0932
vn 0.2289 0.9718 -0.0570
vn 0.1095 0.9929 0.0463
vn 0.2310 0.9710 0.0620
vn 0.0775 0.9785 0.1910
vn 0.1955 0.9633 0.1840
vn 0.0106 0.9349 0.3549
vn 0.1180 0.9429 0.3115
vn -0.0790 0.8521 0.5173
vn -0.0053 0.8920 0.4520
vn -0.1775 0.7478 0.6398
vn -0.1484 0.7843 0.6024
vn -0.2775 0.6167 0.7367
vn -0.2710 0.6329 0.7252
vn -0.3362 0.4995 0.7984
vn -0.3549 0.4896 0.7964
vn -0.3673 0.4000 0.8397
vn -0.4046 0.3687 0.8369
vn -0.3972 0.2990 0.8677
vn -0.4334 0.2552 0.8643
vn -0.4316 0.1984 0.8800
vn -0.4516 0.1456 0.8802
vn -0.5010 0.0400 0.8645
vn -0.4818 -0.0031 0.8763
vn -0.6015 -0.1929 0.7752
vn -0.5335 -0.2090 0.8196
vn -0.6764 -0.4300 0.5979
vn -0.5868 -0.4288 0.6868
vn -0.6976 -0.5736 0.4294
vn -0.6138 -0.5939 0.5202
vn -0.6977 -0.6456 0.3105
vn -0.6184 -0.6822 0.3900
vn -0.6902 -0.6965 0.1965
vn -0.6145 -0.7367 0.2821
vn -0.6812 -0.7249 0.1023
vn -0.6118 -0.7696 0.1829
vn -0.7343 -0.6713 0.1008
vn -0.7144 -0.6994 0.0201
vn -0.6799 -0.7311 -0.0569
vn -0.7466 -0.6616 -0.0701
vn -0.6934 -0.7041 -0.1530
vn -0.6149 -0.7549 -0.2282
vn -0.6110 -0.7798 -0.1361
vn -0.7033 -0.6658 -0.2494
vn -0.6190 -0.7108 -0.3341
vn -0.7074 -0.6063 -0.3631
vn -0.6187 -0.6319 -0.4668
vn -0.5476 -0.6500 -0.5269
vn -0.6031 -0.5006 -0.6210
vn -0.5504 -0.5072 -0.6631
vn -0.5191 -0.5335 -0.6678
vn -0.5413 -0.3360 -0.7708
vn -0.5267 -0.3667 -0.7669
vn -0.5240 -0.1619 -0.8362
vn -0.5239 -0.1994 -0.8281
vn -0.4964 0.0198 -0.8679
vn -0.5049 -0.0116 -0.8631
vn -0.4650 0.1711 -0.8686
vn -0.4681 0.1616 -0.8687
vn -0.4274 0.2987 -0.8533
vn -0.4411 0.1961 -0.8757
vn -0.4101 0.3001 -0.8612
vn -0.3717 0.3977 -0.8389
vn -0.3886 0.3212 -0.8636
vn -0.3581 0.4028 -0.8423
vn -0.3275 0.4824 -0.8124
vn -0.3674 0.5228 -0.7692
vn -0.3468 0.5967 -0.7237
vn -0.4485 0.5702 -0.6883
vn -0.4299 0.6220 -0.6544
vn -0.4045 0.6903 -0.5999
vn -0.3060 0.6951 -0.6505
vn -0.3597 0.7863 -0.5024
vn -0.2351 0.8199 -0.5220
vn -0.3027 0.8653 -0.3995
vn -0.1576 0.9085 -0.3871
vn -0.0959 0.9568 -0.2746
vn -0.0582 0.9893 -0.1337
vn -0.0541 0.9981 0.0289
vn -0.2278 0.9658 0.1237
vn -0.0699 0.9833 0.1678
vn -0.2802 0.9135 0.2950
vn -0.1071 0.9354 0.3369
vn -0.3384 0.8088 0.4809
vn -0.1721 0.8331 0.5257
vn -0.3663 0.7161 0.5942
vn -0.2431 0.7195 0.6505
vn -0.4891 0.7732 0.4037
vn -0.4700 0.7132 0.5200
vn -0.5694 0.7539 0.3277
vn -0.5395 0.6938 0.4770
vn -0.4958 0.6099 0.6182
vn -0.4337 0.4830 0.7607
vn -0.6531 0.6204 0.4342
vn -0.6131 0.5075 0.6054
vn -0.5246 0.3519 0.7752
vn -0.4527 0.2454 0.8572
vn -0.3895 0.3631 0.8464
vn -0.7911 0.3081 0.5284
vn -0.6659 0.1601 0.7286
vn -0.5577 0.0750 0.8266
vn -0.8135 -0.1132 0.5705
vn -0.6889 -0.1780 0.7026
vn -0.8654 -0.3493 0.3593
vn -0.7627 -0.4130 0.4977
vn -0.8577 -0.4601 0.2295
vn -0.7733 -0.5335 0.3427
vn -0.8288 -0.5483 0.1110
vn -0.7599 -0.6106 0.2231
vn -0.7815 -0.6239 -0.0013
vn -0.8896 -0.4564 -0.0160
vn -0.8325 -0.5443 -0.1031
vn -0.7773 -0.6073 -0.1644
vn -0.8703 -0.4573 -0.1827
vn -0.7986 -0.5448 -0.2557
vn -0.8954 -0.3514 -0.2736
vn -0.8060 -0.4473 -0.3877
vn -0.6936 -0.4959 -0.5224
vn -0.7694 -0.2644 -0.5814
vn -0.6429 -0.3129 -0.6992
vn -0.5683 -0.3233 -0.7566
vn -0.5562 -0.0863 -0.8265
vn -0.5231 -0.1263 -0.8428
vn -0.4752 0.1069 -0.8734
vn -0.4774 0.0591 -0.8767
vn -0.4247 0.2285 -0.8760
vn -0.5349 0.1687 -0.8279
vn -0.6619 -0.0271 -0.7491
vn -0.7904 0.0760 -0.6078
vn -0.6462 0.2777 -0.7109
vn -0.8378 0.2239 -0.4980
vn -0.7072 0.4117 -0.5749
vn -0.8168 0.3647 -0.4471
vn -0.6985 0.4900 -0.5215
vn -0.5678 0.5612 -0.6023
vn -0.6778 0.5579 -0.4789
vn -0.5503 0.6106 -0.5695
vn -0.6469 0.6477 -0.4025
vn -0.5266 0.6802 -0.5099
vn -0.6117 0.7245 -0.3177
vn -0.4895 0.7544 -0.4374
vn -0.5719 0.7788 -0.2575
vn -0.4361 0.8211 -0.3682
vn -0.6423 0.7607 -0.0936
vn -0.5702 0.8214 0.0147
vn -0.6784 0.7060 -0.2032
vn -0.7462 0.6637 -0.0518
vn -0.6496 0.7561 0.0792
vn -0.7435 0.5928 -0.3095
vn -0.8529 0.4905 -0.1786
vn -0.9436 0.3303 0.0229
vn -0.8128 0.5609 0.1574
vn -0.7878 0.4789 -0.3873
vn -0.9120 0.3260 -0.2491
vn -0.9911 0.1093 -0.0757
vn -0.9950 -0.0752 0.0655
vn -0.9655 0.1714 0.1958
vn -0.9377 0.1438 -0.3164
vn -0.9838 -0.0940 -0.1529
vn -0.9692 -0.2440 -0.0345
vn -0.9308 -0.3546 0.0889
vn -0.9554 -0.2210 0.1961
vn -0.9452 -0.2464 -0.2141
vn -0.9248 -0.3610 -0.1200
vn -0.9309 -0.0318 -0.3639
vn -0.8836 -0.1626 -0.4392
vn -0.9305 0.0256 0.3655
vn -0.8318 0.4387 0.3400
vn -0.6571 0.7068 0.2620
vn -0.5885 0.7858 0.1903
vn -0.4703 0.8425 0.2627
vn -0.4094 0.9082 0.0871
vn 0.6972 -0.6805 -0.2255
vn 0.5923 -0.6468 -0.4804
vn 0.6220 -0.6261 -0.4703
vn 0.4429 -0.5234 -0.7279
vn 0.4317 -0.5359 -0.7256
vn 0.2380 -0.3918 -0.8888
vn 0.2214 -0.3900 -0.8938
vn 0.1720 -0.3487 -0.9213
vn 0.1892 -0.3674 -0.9106
vn 0.1702 -0.3640 -0.9157
vn 0.1630 -0.3795 -0.9107
vn 0.0322 -0.2808 -0.9592
vn 0.0311 -0.2693 -0.9626
vn -0.0412 -0.2238 -0.9738
vn -0.0247 -0.1993 -0.9796
vn -0.0694 -0.1682 -0.9833
vn -0.0590 -0.1658 -0.9844
vn -0.2050 -0.0674 -0.9764
vn -0.1994 -0.0874 -0.9760
vn -0.3676 0.0251 -0.9296
vn -0.3656 0.0050 -0.9308
vn -0.5093 0.1245 -0.8515
vn -0.5204 0.1256 -0.8446
vn -0.6304 0.2492 -0.7352
vn -0.6426 0.2643 -0.7192
vn -0.7201 0.3768 -0.5827
vn -0.7249 0.3928 -0.5659
vn -0.7834 0.4940 -0.3771
vn -0.7991 0.4749 -0.3685
vn -0.8362 0.5378 -0.1077
vn -0.8555 0.5023 -0.1260
vn -0.8756 0.4830 0.0012
vn -0.8885 0.4578 -0.0330
vn -0.9037 0.4281 -0.0051
vn -0.9282 0.3718 -0.0108
vn -0.9227 0.3672 0.1177
vn -0.9788 0.1515 0.1376
vn -0.9587 0.1782 0.2218
vn -0.9408 -0.1753 0.2903
vn -0.9159 -0.0304 0.4003
vn 0.0644 -0.9977 0.0202
vn 0.0261 0.1129 -0.9933
vn 0.0734 0.1277 -0.9891
vn 0.0906 0.1593 -0.9831
vn 0.0515 0.1577 -0.9861
vn 0.2049 0.2162 -0.9546
vn 0.1591 0.2315 -0.9597
vn 0.1246 0.2807 -0.9517
vn 0.0270 0.2037 -0.9787
vn -0.0392 0.1064 -0.9935
vn -0.0173 0.0918 -0.9956
vn -0.0048 0.0720 -0.9974
vn 0.0321 -0.0293 -0.9991
vn 0.0279 -0.0544 -0.9981
vn -0.0072 -0.0744 -0.9972
vn -0.0573 -0.0910 -0.9942
vn -0.0042 -0.0625 -0.9980
vn 0.0266 -0.0420 -0.9988
vn -0.1732 -0.1815 -0.9680
vn -0.1810 -0.1750 -0.9678
vn -0.1621 -0.1745 -0.9712
vn -0.1288 -0.1577 -0.9790
vn -0.0897 -0.1555 -0.9838
vn 0.6585 -0.1642 -0.7345
vn 0.3859 -0.0128 -0.9225
vn 0.2731 -0.2192 -0.9367
vn 0.4147 -0.4292 -0.8024
vn 0.2901 -0.6365 -0.7146
vn 0.3154 -0.7669 -0.5589
vn 0.4893 -0.7104 -0.5058
vn 0.7704 -0.4707 -0.4301
vn 0.1310 -0.3618 -0.9230
vn 0.0948 -0.3280 -0.9399
vn 0.1789 -0.2838 -0.9421
vn 0.1815 -0.3222 -0.9291
vn 0.2277 -0.3150 -0.9214
vn 0.1736 -0.3736 -0.9112
vn 0.2655 -0.2454 -0.9324
vn 0.3931 0.3786 -0.8379
vn 0.5036 0.3521 -0.7890
vn 0.4696 0.2311 -0.8521
vn 0.3980 0.2861 -0.8716
vn 0.3842 0.2543 -0.8875
vn 0.3522 0.3345 -0.8741
vn 0.4209 0.1990 -0.8850
vn 0.3964 0.6698 -0.6279
vn 0.4598 0.5521 -0.6955
vn 0.2967 0.5011 -0.8129
vn 0.3177 0.5699 -0.7578
vn 0.2168 0.6038 -0.7671
vn 0.3007 0.6883 -0.6602
vn 0.1875 0.4656 -0.8649
vn 0.1624 0.9800 0.1152
vn 0.2191 0.9729 0.0736
vn 0.1578 0.9869 -0.0324
vn 0.1373 0.9902 0.0268
vn 0.0988 0.9946 0.0305
vn 0.0985 0.9855 0.1384
vn 0.1120 0.9913 -0.0692
vn -0.2076 -0.9517 -0.2262
vn -0.3265 -0.9348 -0.1397
vn -0.2964 -0.9118 -0.2842
vn -0.2173 -0.9269 -0.3060
vn -0.2490 -0.8690 -0.4276
vn -0.1761 -0.8938 -0.4124
vn -0.1466 -0.9347 -0.3237
vn 0.8362 -0.5287 0.1458
vn 0.7363 -0.6715 -0.0837
vn 0.8109 -0.5146 -0.2785
vn 0.9101 -0.4141 -0.0154
vn 0.9619 -0.2728 -0.0159
vn 0.9378 -0.2952 0.1827
vn 0.9234 -0.2716 -0.2711
vn 0.6450 -0.7624 -0.0523
vn 0.6215 -0.7834 0.0057
vn 0.6446 -0.7613 0.0701
vn 0.6554 -0.7553 0.0079
vn 0.6248 -0.7808 0.0082
vn 0.6234 -0.7756 -0.0992
vn 0.6260 -0.7719 0.1106
vn 0.2483 0.4269 0.8696
vn 0.2945 0.4411 0.8478
vn 0.2729 0.4623 0.8437
vn 0.2447 0.4355 0.8663
vn 0.2148 0.4366 0.8736
vn 0.2131 0.4219 0.8813
vn 0.2350 0.4588 0.8569
vn 0.2310 0.7120 0.6631
vn 0.1961 0.6988 0.6879
vn 0.2642 0.5765 0.7732
vn 0.2625 0.6046 0.7521
vn 0.3246 0.5411 0.7758
vn 0.3206 0.6443 0.6944
vn 0.3244 0.4680 0.8220
vn 0.0461 -0.3884 0.9203
vn 0.0964 -0.3941 0.9140
vn 0.1348 -0.3358 0.9323
vn 0.0656 -0.3504 0.9343
vn 0.1730 -0.2332 0.9569
vn 0.0882 -0.2902 0.9529
vn 0.0427 -0.3431 0.9383
vn 0.3535 -0.1639 0.9210
vn 0.4622 -0.0468 0.8855
vn 0.6747 -0.1744 0.7172
vn 0.4487 -0.4298 0.7835
vn 0.5167 -0.6905 0.5062
vn 0.3288 -0.7771 0.5367
vn 0.2847 -0.6349 0.7182
vn 0.7957 -0.3913 0.4623
vn 0.1756 -0.5404 0.8229
vn 0.2206 -0.4255 0.8777
vn 0.2213 -0.2856 0.9325
vn -0.1659 -0.1851 0.9686
vn -0.0199 -0.0920 0.9956
vn -0.0280 -0.0943 0.9951
vn -0.1574 -0.2050 0.9660
vn 0.0115 -0.1019 0.9947
vn -0.0863 -0.1879 0.9784
vn -0.1872 -0.2235 0.9566
vn -0.2289 -0.2528 0.9401
vn -0.0775 -0.2221 0.9719
vn -0.0795 -0.2579 0.9629
vn -0.0946 -0.2378 0.9667
vn 0.0988 0.1751 0.9796
vn 0.0896 0.1361 0.9866
vn 0.0503 0.1237 0.9910
vn 0.0759 0.1671 0.9830
vn 0.2373 0.2660 0.9343
vn 0.2927 0.2531 0.9221
vn 0.0589 0.2307 0.9712
vn 0.1526 0.3271 0.9326
vn 0.0041 0.1088 0.9941
vn -0.0232 0.1401 0.9899
vn 0.0235 0.0834 0.9962
vn 0.0329 0.0938 0.9950
vn -0.0113 0.0677 0.9976
vn 0.0013 0.0213 0.9998
vn -0.0506 0.0263 0.9984
vn -0.0194 0.0238 0.9995
vn -0.0149 -0.0656 0.9977
vn -0.0099 -0.0769 0.9970
vn -0.0128 -0.1359 0.9906
vn 0.0768 0.1167 0.9902
vn 0.1373 0.1439 0.9800
vn 0.0857 0.1284 0.9880
vn 0.0736 0.1569 0.9849
vn 0.0771 0.2002 0.9767
vn 0.0922 0.2386 0.9667
vn 0.2010 0.2057 0.9578
vn 0.2159 0.2366 0.9473
vn 0.1793 0.1675 0.9694
vn 0.2130 0.2032 0.9557
vn 0.2662 0.2235 0.9376
vn 0.1472 0.1882 0.9710
vn 0.3244 0.2497 0.9123
vn 0.3573 0.2442 0.9015
vn 0.4795 0.2998 0.8247
vn 0.5045 0.2711 0.8197
vn 0.4463 0.3358 0.8295
vn 0.6132 0.4099 0.6753
vn 0.6389 0.3433 0.6884
vn 0.3872 0.3948 0.8332
vn 0.5621 0.5022 0.6572
vn 0.3038 0.4794 0.8234
vn 0.4847 0.6118 0.6251
vn 0.2208 0.5578 0.8001
vn 0.3829 0.7164 0.5832
vn 0.0746 0.3846 0.9201
vn 0.0452 0.4150 0.9087
vn 0.1469 0.6125 0.7767
vn 0.0061 0.2778 0.9606
vn -0.0030 0.2656 0.9641
vn -0.0293 0.1278 0.9914
vn -0.0329 0.1014 0.9943
vn -0.0561 0.0258 0.9981
vn -0.0437 0.0384 0.9983
vn -0.0720 0.0158 0.9973
vn -0.1109 -0.0707 0.9913
vn -0.0864 -0.0406 0.9954
vn -0.0737 -0.0901 0.9932
vn -0.0731 -0.1860 0.9798
vn -0.1308 -0.2333 0.9636
vn 0.0055 -0.1550 0.9879
vn 0.0144 -0.1465 0.9891
vn -0.0334 -0.1764 0.9838
vn -0.0242 -0.1654 0.9859
vn -0.0596 -0.1744 0.9829
vn -0.0023 -0.1420 0.9899
vn -0.0811 -0.1677 0.9825
vn -0.1412 -0.3195 0.9370
vn 0.1037 0.2578 0.9606
vn 0.1095 0.2453 0.9632
vn 0.2248 0.2484 0.9422
vn 0.2255 0.2343 0.9457
vn 0.3201 0.2401 0.9165
vn 0.3275 0.2218 0.9185
vn 0.3002 0.2406 0.9230
vn 0.4094 0.2418 0.8797
vn 0.4213 0.2336 0.8763
vn 0.3886 0.2407 0.8894
vn 0.5288 0.2496 0.8113
vn 0.5476 0.2373 0.8024
vn 0.6786 0.2561 0.6885
vn 0.6947 0.2306 0.6813
vn 0.6592 0.2926 0.6928
vn 0.8034 0.3075 0.5099
vn 0.8197 0.2582 0.5113
vn 0.7822 0.3711 0.5005
vn 0.8666 0.3925 0.3080
vn 0.8961 0.3210 0.3064
vn 0.7515 0.4509 0.4815
vn 0.8266 0.4715 0.3072
vn 0.6984 0.5536 0.4536
vn 0.7733 0.5625 0.2926
vn 0.6091 0.6728 0.4198
vn 0.6629 0.6953 0.2778
vn 0.4602 0.7910 0.4031
vn 0.4584 0.8415 0.2859
vn 0.2666 0.8781 0.3973
vn 0.2578 0.9191 0.2980
vn 0.2401 0.7959 0.5557
vn 0.1285 0.8247 0.5508
vn 0.1301 0.9098 0.3942
vn 0.0841 0.6451 0.7594
vn 0.0394 0.6726 0.7389
vn 0.0746 0.8291 0.5541
vn 0.0216 0.4360 0.8997
vn -0.0050 0.4530 0.8915
vn -0.0140 0.2477 0.9687
vn -0.0215 0.2377 0.9711
vn -0.0315 0.0917 0.9953
vn -0.0242 0.0859 0.9960
vn -0.0324 0.0247 0.9992
vn -0.0178 0.0050 0.9998
vn -0.0161 -0.0767 0.9969
vn 0.0028 -0.1120 0.9937
vn -0.0419 -0.0441 0.9981
vn -0.0492 -0.3359 0.9406
vn 0.0004 -0.3690 0.9294
vn -0.1101 -0.2935 0.9496
vn -0.0653 -0.3760 0.9243
vn -0.0170 -0.4633 0.8861
vn -0.0721 -0.2673 0.9609
vn -0.0059 -0.1753 0.9845
vn 0.0045 -0.2222 0.9750
vn 0.0120 -0.1438 0.9895
vn 0.0329 -0.1367 0.9901
vn 0.0209 -0.1607 0.9868
vn -0.0250 -0.1487 0.9886
vn 0.0374 -0.0882 0.9954
vn 0.0222 -0.1266 0.9917
vn 0.0237 -0.1677 0.9856
vn 0.0453 -0.0391 0.9982
vn 0.0520 -0.0680 0.9963
vn 0.0453 -0.0546 0.9975
vn 0.0802 -0.0334 0.9962
vn 0.0079 -0.0719 0.9974
vn 0.0480 -0.0622 0.9969
vn 0.1109 -0.0294 0.9934
vn 0.0634 -0.0421 0.9971
vn 0.1620 -0.0269 0.9864
vn 0.1966 -0.0274 0.9801
vn 0.1283 -0.0490 0.9905
vn 0.2988 -0.0109 0.9543
vn 0.2383 0.0081 0.9712
vn 0.3913 0.0377 0.9195
vn 0.4543 0.0189 0.8907
vn 0.3599 -0.0162 0.9328
vn 0.5152 0.0776 0.8536
vn 0.4492 0.0765 0.8901
vn 0.5455 0.1234 0.8290
vn 0.6147 0.1310 0.7778
vn 0.5920 0.0703 0.8029
vn 0.6210 0.1690 0.7653
vn 0.5569 0.1507 0.8168
vn 0.6127 0.1907 0.7670
vn 0.6882 0.2254 0.6896
vn 0.7049 0.1962 0.6816
vn 0.6659 0.2439 0.7051
vn 0.6021 0.2059 0.7714
vn 0.6596 0.2558 0.7067
vn 0.7382 0.3384 0.5836
vn 0.7624 0.3300 0.5567
vn 0.7438 0.3366 0.5774
vn 0.6767 0.2632 0.6876
vn 0.7569 0.3350 0.5611
vn 0.8329 0.4491 0.3233
vn 0.8241 0.4581 0.3333
vn 0.8349 0.4435 0.3260
vn 0.7558 0.3424 0.5581
vn 0.8294 0.4420 0.3416
vn 0.8501 0.5176 0.0972
vn 0.8505 0.5193 0.0836
vn 0.8550 0.5077 0.1059
vn 0.8268 0.4367 0.3546
vn 0.8599 0.4984 0.1105
vn 0.8562 0.5161 -0.0230
vn 0.8453 0.5341 -0.0149
vn 0.8610 0.5079 -0.0285
vn 0.8661 0.4862 0.1159
vn 0.8680 0.4957 -0.0286
vn 0.8594 0.4956 -0.1255
vn 0.8560 0.5047 -0.1119
vn 0.8650 0.4838 -0.1330
vn 0.8831 0.4688 -0.0174
vn 0.8774 0.4608 -0.1335
vn 0.8562 0.4525 -0.2494
vn 0.8522 0.4688 -0.2325
vn 0.8621 0.4344 -0.2611
vn 0.8870 0.4448 -0.1240
vn 0.8655 0.4283 -0.2596
vn 0.8293 0.3952 -0.3951
vn 0.8309 0.4041 -0.3825
vn 0.8271 0.3961 -0.3988
vn 0.8715 0.4170 -0.2580
vn 0.8354 0.3790 -0.3981
vn 0.7694 0.3465 -0.5366
vn 0.7769 0.3438 -0.5275
vn 0.7794 0.3269 -0.5345
vn 0.8452 0.3629 -0.3923
vn 0.7943 0.3217 -0.5154
vn 0.6838 0.2520 -0.6848
vn 0.6686 0.2611 -0.6963
vn 0.7147 0.2636 -0.6478
vn 0.8032 0.3525 -0.4803
vn 0.7304 0.2960 -0.6156
vn 0.5811 0.1682 -0.7963
vn 0.5449 0.1538 -0.8243
vn 0.5986 0.1877 -0.7788
vn 0.7292 0.3057 -0.6122
vn 0.5912 0.1861 -0.7847
vn 0.4314 0.0623 -0.9000
vn 0.4179 0.0527 -0.9069
vn 0.4349 0.0616 -0.8984
vn 0.5704 0.1401 -0.8094
vn 0.4283 0.0241 -0.9033
vn 0.2957 -0.0442 -0.9542
vn 0.2913 -0.0395 -0.9558
vn 0.2991 -0.0729 -0.9514
vn 0.4094 -0.0490 -0.9110
vn 0.2930 -0.1306 -0.9472
vn 0.1754 -0.1622 -0.9710
vn 0.1737 -0.1393 -0.9749
vn 0.1806 -0.2026 -0.9625
vn 0.2810 -0.1924 -0.9402
vn 0.1801 -0.2427 -0.9532
vn 0.0707 -0.2693 -0.9604
vn 0.0618 -0.2461 -0.9673
vn 0.0806 -0.2935 -0.9525
vn -0.0096 -0.3476 -0.9376
vn -0.0111 -0.3251 -0.9456
vn 0.0071 -0.3754 -0.9268
vn 0.0550 -0.4132 -0.9090
vn -0.0857 -0.4381 -0.8948
vn -0.0874 -0.4086 -0.9085
vn -0.0356 -0.4917 -0.8701
vn 0.1060 -0.4450 -0.8892
vn 0.0257 -0.5345 -0.8448
vn -0.1107 -0.5665 -0.8166
vn -0.1653 -0.5024 -0.8487
vn -0.0523 -0.6245 -0.7793
vn 0.0744 -0.5418 -0.8372
vn -0.0089 -0.6338 -0.7735
vn -0.1069 -0.7063 -0.6998
vn -0.1646 -0.6292 -0.7596
vn -0.0898 -0.7364 -0.6705
vn 0.0875 -0.6587 -0.7473
vn 0.0190 -0.7678 -0.6404
vn -0.1444 -0.8146 -0.5618
vn -0.1660 -0.7906 -0.5894
vn -0.0700 -0.8538 -0.5159
vn 0.1231 -0.7981 -0.5898
vn 0.0357 -0.8897 -0.4551
vn -0.1131 -0.9001 -0.4208
vn -0.1641 -0.8521 -0.4970
vn -0.0563 -0.9403 -0.3358
vn -0.1239 -0.9644 -0.2335
vn -0.0136 -0.9685 -0.2486
vn -0.1008 -0.9882 -0.1156
vn 0.0803 -0.9135 -0.3988
vn 0.1534 -0.8276 -0.5400
vn 0.2030 -0.8798 -0.4297
vn 0.1574 -0.9581 -0.2391
vn 0.0814 -0.9947 -0.0627
vn -0.0340 -0.9955 0.0881
vn 0.2262 -0.9487 0.2208
vn 0.0857 -0.9306 0.3560
vn 0.2959 -0.9538 0.0524
vn 0.3858 -0.8657 0.3189
vn 0.3167 -0.8294 0.4603
vn 0.3248 -0.9300 -0.1720
vn 0.4640 -0.8751 0.1373
vn 0.3851 -0.8190 -0.4253
vn 0.5718 -0.8118 -0.1185
vn 0.2540 -0.7629 -0.5945
vn 0.3341 -0.6108 -0.7178
vn 0.4623 -0.6435 -0.6101
vn 0.2082 -0.7284 -0.6528
vn 0.2828 -0.5955 -0.7519
vn 0.1651 -0.6980 -0.6968
vn 0.2187 -0.5784 -0.7859
vn 0.1398 -0.5524 -0.8218
vn 0.1949 -0.4530 -0.8699
vn 0.2640 -0.4698 -0.8424
vn 0.1479 -0.4507 -0.8803
vn 0.2098 -0.3658 -0.9067
vn 0.2452 -0.3588 -0.9006
vn 0.2791 -0.2820 -0.9179
vn 0.3259 -0.2471 -0.9125
vn 0.3437 -0.2060 -0.9162
vn 0.4291 -0.1564 -0.8896
vn 0.3845 -0.1366 -0.9130
vn 0.5120 -0.0644 -0.8565
vn 0.5474 0.0472 -0.8355
vn 0.7133 0.1613 -0.6820
vn 0.6565 0.0261 -0.7539
vn 0.7219 0.2665 -0.6387
vn 0.8216 0.3521 -0.4484
vn 0.8307 0.2552 -0.4947
vn 0.8094 0.3767 -0.4506
vn 0.8499 0.4043 -0.3381
vn 0.8601 0.3881 -0.3310
vn 0.8498 0.3782 -0.3671
vn 0.8848 0.3945 -0.2481
vn 0.8778 0.4172 -0.2356
vn 0.8810 0.3961 -0.2589
vn 0.9006 0.4211 -0.1081
vn 0.9064 0.4072 -0.1127
vn 0.8913 0.4397 -0.1103
vn 0.8965 0.4423 0.0235
vn 0.9025 0.4295 0.0327
vn 0.8957 0.4446 0.0039
vn 0.8921 0.4222 0.1612
vn 0.8845 0.4278 0.1863
vn 0.8832 0.4508 0.1294
vn 0.8484 0.3937 0.3538
vn 0.8541 0.3738 0.3617
vn 0.8291 0.4299 0.3574
vn 0.7524 0.3465 0.5602
vn 0.7727 0.3263 0.5445
vn 0.7515 0.3477 0.5607
vn 0.6923 0.2886 0.6614
vn 0.6945 0.2915 0.6578
vn 0.6895 0.2775 0.6690
vn 0.6267 0.2294 0.7447
vn 0.6385 0.2414 0.7308
vn 0.6101 0.2155 0.7625
vn 0.5601 0.1838 0.8078
vn 0.5735 0.1949 0.7957
vn 0.5557 0.1709 0.8136
vn 0.4956 0.1390 0.8574
vn 0.5113 0.1580 0.8447
vn 0.4778 0.1087 0.8717
vn 0.3672 0.0637 0.9280
vn 0.4018 0.0952 0.9108
vn 0.3201 0.0259 0.9470
vn 0.1801 -0.0238 0.9834
vn 0.2287 0.0099 0.9734
vn 0.1078 -0.0126 0.9941
vn 0.0517 -0.0151 0.9985
vn 0.0986 -0.0577 0.9934
vn 0.0199 -0.0222 0.9996
vn -0.1337 -0.1400 0.9811
vn -0.0986 -0.1380 0.9855
vn -0.1452 -0.1672 0.9752
vn -0.2645 -0.2835 0.9218
vn -0.2946 -0.3049 0.9057
vn -0.2205 -0.2998 0.9282
vn -0.2727 -0.3194 0.9075
vn -0.2093 -0.2725 0.9391
vn -0.3057 -0.4208 0.8541
vn -0.3100 -0.4238 0.8510
vn -0.1919 -0.2784 0.9411
vn -0.2886 -0.4284 0.8563
vn -0.1795 -0.4639 0.8675
vn -0.1667 -0.5575 0.8133
vn -0.3216 -0.5527 0.7689
vn -0.1286 -0.6132 0.7794
vn 0.1126 0.2262 0.9675
vn 0.1129 0.2170 0.9696
vn 0.2215 0.2176 0.9506
vn 0.2156 0.2100 0.9536
vn 0.3233 0.2055 0.9237
vn 0.3105 0.1986 0.9296
vn 0.4096 0.1922 0.8918
vn 0.3864 0.1849 0.9036
vn 0.4235 0.2110 0.8810
vn 0.5579 0.1940 0.8069
vn 0.5402 0.1736 0.8235
vn 0.5600 0.2211 0.7984
vn 0.7063 0.2053 0.6775
vn 0.7104 0.1730 0.6822
vn 0.8384 0.1901 0.5108
vn 0.8464 0.1537 0.5099
vn 0.8304 0.2214 0.5113
vn 0.9313 0.2102 0.2976
vn 0.9393 0.1707 0.2977
vn 0.9168 0.2605 0.3027
vn 0.9565 0.2666 0.1188
vn 0.9713 0.2082 0.1149
vn 0.9350 0.3334 0.1209
vn 0.9436 0.3282 -0.0433
vn 0.9653 0.2599 -0.0272
vn 0.8998 0.4176 0.1267
vn 0.9013 0.4304 -0.0494
vn 0.8545 0.5001 0.1405
vn 0.8492 0.5265 -0.0409
vn 0.8027 0.5760 0.1544
vn 0.8014 0.5975 -0.0274
vn 0.6820 0.7131 0.1622
vn 0.6842 0.7290 -0.0176
vn 0.4393 0.8823 0.1691
vn 0.4290 0.9032 -0.0104
vn 0.2428 0.9535 0.1784
vn 0.2311 0.9729 -0.0042
vn 0.1385 0.9735 0.1819
vn 0.1439 0.9896 -0.0039
vn 0.1307 0.9469 0.2938
vn 0.0552 0.9556 0.2895
vn 0.0534 0.9828 0.1769
vn 0.0692 0.9124 0.4033
vn 0.0202 0.9091 0.4160
vn 0.0118 0.9573 0.2889
vn 0.0307 0.8332 0.5522
vn 0.0036 0.8385 0.5449
vn 0.0092 0.9050 0.4253
vn 0.0077 0.7028 0.7113
vn -0.0166 0.7308 0.6824
vn -0.0248 0.4742 0.8801
vn -0.0330 0.5028 0.8638
vn -0.0263 0.2325 0.9722
vn -0.0265 0.2375 0.9710
vn -0.0111 0.0797 0.9968
vn 0.0016 0.0657 0.9978
vn 0.0077 -0.0121 0.9999
vn 0.0420 -0.0384 0.9984
vn 0.0354 -0.1316 0.9907
vn 0.0751 -0.1363 0.9878
vn 0.0772 -0.3990 0.9137
vn 0.1084 -0.3651 0.9247
vn 0.0368 -0.3972 0.9170
vn 0.0743 -0.5433 0.8362
vn 0.1064 -0.5641 0.8188
vn 0.0249 -0.5144 0.8572
vn 0.0825 -0.3493 0.9334
vn 0.1241 -0.4232 0.8975
vn 0.0519 -0.2847 0.9572
vn 0.0888 -0.1499 0.9847
vn 0.1599 -0.1800 0.9706
vn 0.0931 -0.1181 0.9886
vn 0.2178 -0.0992 0.9709
vn 0.1045 -0.0880 0.9906
vn 0.2587 -0.0428 0.9650
vn 0.2938 -0.0268 0.9555
vn 0.5156 0.0005 0.8568
vn 0.5533 0.0200 0.8327
vn 0.7287 0.0657 0.6817
vn 0.7332 -0.0098 0.6800
vn 0.7164 0.1338 0.6848
vn 0.8438 0.2287 0.4855
vn 0.8865 0.1297 0.4442
vn 0.7950 0.2903 0.5327
vn 0.8565 0.4213 0.2982
vn 0.9044 0.3404 0.2571
vn 0.8291 0.4509 0.3307
vn 0.8609 0.4970 0.1091
vn 0.8645 0.4906 0.1096
vn 0.8585 0.5054 0.0867
vn 0.8605 0.5091 -0.0184
vn 0.8675 0.4969 -0.0232
vn 0.8419 0.5395 -0.0129
vn 0.8431 0.5335 -0.0680
vn 0.8513 0.5205 -0.0662
vn 0.8480 0.5223 -0.0907
vn 0.8496 0.4922 -0.1893
vn 0.8488 0.5039 -0.1601
vn 0.8513 0.4788 -0.2145
vn 0.8297 0.4340 -0.3510
vn 0.8309 0.4423 -0.3377
vn 0.8292 0.4222 -0.3664
vn 0.7743 0.3513 -0.5264
vn 0.7699 0.3552 -0.5301
vn 0.7789 0.3442 -0.5243
vn 0.6761 0.2526 -0.6921
vn 0.6628 0.2464 -0.7071
vn 0.6758 0.2574 -0.6907
vn 0.5217 0.1410 -0.8414
vn 0.5189 0.1283 -0.8452
vn 0.5240 0.1478 -0.8388
vn 0.3913 0.0488 -0.9190
vn 0.3896 0.0471 -0.9198
vn 0.3981 0.0519 -0.9159
vn 0.2776 -0.0372 -0.9600
vn 0.2829 -0.0344 -0.9585
vn 0.2825 -0.0419 -0.9583
vn 0.1781 -0.1185 -0.9768
vn 0.1822 -0.1120 -0.9769
vn 0.1773 -0.1280 -0.9758
vn 0.0728 -0.2136 -0.9742
vn 0.0853 -0.1958 -0.9769
vn 0.0631 -0.2284 -0.9715
vn -0.0255 -0.2982 -0.9542
vn -0.0256 -0.2928 -0.9558
vn -0.0181 -0.3064 -0.9517
vn -0.0829 -0.3548 -0.9312
vn -0.1001 -0.3498 -0.9315
vn -0.0768 -0.3808 -0.9215
vn -0.1675 -0.4532 -0.8755
vn -0.1757 -0.4249 -0.8880
vn -0.1707 -0.4759 -0.8628
vn -0.2468 -0.5314 -0.8104
vn -0.2602 -0.5175 -0.8152
vn -0.2284 -0.5574 -0.7982
vn -0.3065 -0.6293 -0.7142
vn -0.3180 -0.5844 -0.7465
vn -0.2416 -0.7170 -0.6539
vn -0.3195 -0.7924 -0.5196
vn -0.3945 -0.7168 -0.5750
vn -0.2106 -0.8367 -0.5055
vn -0.3784 -0.8382 -0.3927
vn -0.4637 -0.7868 -0.4073
vn -0.4259 -0.8688 -0.2526
vn -0.5042 -0.8268 -0.2493
vn -0.4537 -0.8857 -0.0981
vn -0.5209 -0.8480 -0.0975
vn -0.4566 -0.8867 0.0727
vn -0.5131 -0.8569 0.0499
vn -0.3426 -0.9393 0.0186
vn -0.2119 -0.9718 -0.1033
vn -0.3367 -0.9244 0.1790
vn -0.4345 -0.8722 0.2248
vn -0.2074 -0.9774 0.0408
vn -0.1731 -0.9572 0.2319
vn -0.3070 -0.8964 0.3198
vn -0.0980 -0.8859 0.4534
vn -0.2456 -0.8433 0.4780
vn 0.0070 -0.7431 0.6691
vn -0.1283 -0.7181 0.6840
vn 0.1936 -0.7912 0.5801
vn 0.2336 -0.6434 0.7290
vn 0.0882 -0.5823 0.8082
vn 0.3243 -0.7094 0.6257
vn 0.3374 -0.5367 0.7734
vn 0.2457 -0.4961 0.8328
vn 0.4240 -0.7601 0.4925
vn 0.5056 -0.5704 0.6473
vn 0.5770 -0.7546 0.3124
vn 0.7055 -0.5671 0.4250
vn 0.6851 -0.7156 0.1360
vn 0.7970 -0.5468 0.2565
vn 0.6146 -0.6809 -0.3982
vn 0.6964 -0.4950 -0.5196
vn 0.5739 -0.4926 -0.6542
vn 0.7242 -0.3419 -0.5989
vn 0.8377 -0.3041 -0.4537
vn 0.4512 -0.4964 -0.7416
vn 0.5864 -0.3589 -0.7262
vn 0.3461 -0.4912 -0.7993
vn 0.4229 -0.3594 -0.8319
vn 0.3004 -0.3562 -0.8848
vn 0.3897 -0.2136 -0.8958
vn 0.5131 -0.1848 -0.8382
vn 0.5281 -0.0968 -0.8437
vn 0.6360 -0.0339 -0.7710
vn 0.7717 0.1118 -0.6261
vn 0.8494 0.1872 -0.4934
vn 0.7558 0.0337 -0.6539
vn 0.8764 0.3083 -0.3701
vn 0.9003 0.3424 -0.2687
vn 0.9035 0.2490 -0.3488
vn 0.8806 0.4090 -0.2395
vn 0.8965 0.4254 -0.1235
vn 0.9178 0.3699 -0.1441
vn 0.8978 0.4251 -0.1148
vn 0.9053 0.4229 0.0404
vn 0.9013 0.4318 0.0338
vn 0.9110 0.4108 0.0357
vn 0.8958 0.3980 0.1977
vn 0.8912 0.4058 0.2029
vn 0.8871 0.4190 0.1936
vn 0.8410 0.3903 0.3746
vn 0.8536 0.3708 0.3658
vn 0.8399 0.3934 0.3738
vn 0.7781 0.3517 0.5204
vn 0.7772 0.3540 0.5203
vn 0.7866 0.3263 0.5243
vn 0.7274 0.2947 0.6197
vn 0.7258 0.3160 0.6111
vn 0.7101 0.2879 0.6425
vn 0.6517 0.2517 0.7155
vn 0.6660 0.2590 0.6995
vn 0.6435 0.2464 0.7247
vn 0.5898 0.1998 0.7824
vn 0.5886 0.2062 0.7817
vn 0.5859 0.1995 0.7854
vn 0.5302 0.1520 0.8341
vn 0.5276 0.1436 0.8373
vn 0.5241 0.1605 0.8364
vn 0.4446 0.1002 0.8901
vn 0.4580 0.0893 0.8845
vn 0.4266 0.1039 0.8985
vn 0.3059 0.0133 0.9520
vn 0.3246 0.0190 0.9457
vn 0.2749 0.0252 0.9611
vn 0.1440 -0.0544 0.9881
vn 0.1889 -0.0762 0.9790
vn 0.1104 -0.0517 0.9925
vn -0.0050 -0.1593 0.9872
vn 0.0040 -0.1600 0.9871
vn -0.0244 -0.1629 0.9863
vn -0.2470 -0.3539 0.9021
vn -0.2053 -0.3502 0.9139
vn -0.2941 -0.3296 0.8971
vn -0.2909 -0.3684 0.8830
vn -0.3069 -0.4033 0.8621
vn -0.3021 -0.3989 0.8658
vn -0.2890 -0.3938 0.8726
vn -0.3317 -0.3997 0.8545
vn -0.4848 -0.5396 0.6884
vn -0.4740 -0.5101 0.7178
vn -0.4362 -0.5709 0.6956
vn -0.4216 -0.6346 0.6477
vn -0.5329 -0.6091 0.5873
vn -0.3754 -0.5705 0.7304
vn -0.3268 -0.6255 0.7084
vn -0.2848 -0.6042 0.7442
vn -0.2626 -0.7405 0.6186
vn -0.2999 -0.7552 0.5829
vn -0.0885 -0.7482 0.6575
vn -0.0614 -0.9328 0.3552
vn -0.2380 -0.9141 0.3283
vn -0.1775 -0.6187 -0.7653
vn -0.1323 -0.5980 -0.7905
vn -0.1010 -0.7283 -0.6778
vn -0.3453 -0.5815 -0.7366
vn -0.2953 -0.7217 -0.6261
vn -0.0821 -0.9485 -0.3061
vn -0.2436 -0.9288 -0.2792
vn -0.2871 -0.7623 -0.5800
vn -0.2890 -0.9197 -0.2658
vn -0.2211 -0.9750 0.0237
vn -0.0619 -0.9978 0.0217
vn -0.3013 -0.9534 0.0161
vn -0.3810 -0.8840 -0.2707
vn -0.4039 -0.9148 0.0015
vn -0.3056 -0.9039 0.2992
vn -0.4027 -0.8722 0.2777
vn -0.5238 -0.8518 -0.0124
vn -0.5303 -0.8133 0.2392
vn -0.3897 -0.7447 0.5418
vn -0.5283 -0.7045 0.4739
vn -0.6016 -0.7772 0.1843
vn -0.6134 -0.6870 0.3895
vn -0.5914 -0.5899 0.5498
vn -0.6751 -0.6666 0.3161
vn -0.5983 -0.5941 0.5377
vn -0.4290 -0.4925 0.7573
vn -0.6058 -0.5883 0.5356
vn -0.4113 -0.4736 0.7788
vn -0.2802 -0.3943 0.8752
vn -0.3918 -0.4531 0.8007
vn -0.2565 -0.3935 0.8828
vn -0.2960 -0.4227 0.8566
vn -0.2897 -0.4296 0.8553
vn -0.2459 -0.3804 0.8915
vn -0.2907 -0.4287 0.8554
vn -0.2007 -0.3431 0.9176
vn -0.1856 -0.3561 0.9158
vn -0.2773 -0.4368 0.8557
vn -0.1753 -0.3627 0.9153
vn 0.0463 -0.1793 0.9827
vn 0.0572 -0.1780 0.9824
vn -0.1685 -0.3541 0.9199
vn 0.0657 -0.1952 0.9786
vn 0.1988 -0.0656 0.9778
vn 0.2238 -0.0731 0.9719
vn 0.0873 -0.2095 0.9739
vn 0.2561 -0.0936 0.9621
vn 0.3595 0.0203 0.9329
vn 0.3824 0.0092 0.9239
vn 0.2551 -0.0780 0.9638
vn 0.3649 0.0154 0.9309
vn 0.4586 0.0793 0.8851
vn 0.4445 0.0895 0.8913
vn 0.3383 0.0283 0.9406
vn 0.4367 0.1075 0.8932
vn 0.5181 0.1503 0.8420
vn 0.5210 0.1660 0.8373
vn 0.4450 0.1044 0.8894
vn 0.5330 0.1750 0.8278
vn 0.5969 0.2151 0.7730
vn 0.6046 0.2300 0.7626
vn 0.5434 0.1620 0.8237
vn 0.6120 0.2222 0.7590
vn 0.6708 0.2777 0.6877
vn 0.6724 0.2751 0.6871
vn 0.6191 0.2055 0.7580
vn 0.6722 0.2505 0.6967
vn 0.7220 0.3173 0.6148
vn 0.7272 0.2938 0.6203
vn 0.6697 0.2436 0.7016
vn 0.7257 0.2846 0.6264
vn 0.7917 0.3353 0.5106
vn 0.7943 0.3342 0.5074
vn 0.7190 0.2889 0.6322
vn 0.7915 0.3456 0.5040
vn 0.8541 0.3770 0.3582
vn 0.8497 0.3932 0.3512
vn 0.8097 0.3514 0.4700
vn 0.8670 0.3821 0.3198
vn 0.8848 0.4216 0.1985
vn 0.9053 0.3932 0.1610
vn 0.9072 0.3373 0.2513
vn 0.9373 0.3344 0.0983
vn 0.9221 0.3869 -0.0002
vn 0.9456 0.3217 -0.0479
vn 0.9768 0.2098 0.0426
vn 0.9750 0.1993 -0.0985
vn 0.9360 0.2961 -0.1903
vn 0.9507 0.1690 -0.2602
vn 0.9841 -0.0501 -0.1701
vn 0.9360 -0.0810 -0.3425
vn 0.8765 0.1077 -0.4691
vn 0.8297 -0.1213 -0.5449
vn 0.6723 -0.1586 -0.7231
vn 0.9993 -0.0380 0.0048
vn 0.9844 -0.0482 0.1692
vn 0.9607 0.2046 0.1875
vn 0.9125 0.1695 0.3722
vn 0.9329 -0.0832 0.3505
vn 0.8537 0.3198 0.4110
vn 0.7630 0.2718 0.5865
vn 0.8073 0.1079 0.5801
vn 0.7289 0.3016 0.6146
vn 0.6633 0.2613 0.7013
vn 0.6582 0.2113 0.7226
vn 0.6691 0.2515 0.6993
vn 0.6219 0.2179 0.7522
vn 0.6011 0.2192 0.7685
vn 0.6216 0.2070 0.7555
vn 0.5534 0.1549 0.8184
vn 0.5426 0.1605 0.8245
vn 0.5515 0.1513 0.8203
vn 0.4594 0.0818 0.8845
vn 0.4603 0.0861 0.8836
vn 0.4553 0.0860 0.8862
vn 0.3484 0.0020 0.9373
vn 0.3530 0.0048 0.9356
vn 0.3374 0.0177 0.9412
vn 0.2290 -0.0703 0.9709
vn 0.2339 -0.0816 0.9688
vn 0.2365 -0.0608 0.9697
vn 0.0893 -0.1793 0.9797
vn 0.0829 -0.1869 0.9789
vn 0.0931 -0.1895 0.9775
vn -0.1127 -0.3185 0.9412
vn -0.1049 -0.3152 0.9432
vn -0.1396 -0.3321 0.9329
vn -0.2897 -0.3774 0.8796
vn -0.2401 -0.3768 0.8946
vn -0.2908 -0.4141 0.8625
vn -0.2293 -0.3623 0.9034
vn -0.2615 -0.3311 0.9066
vn -0.2199 -0.3838 0.8968
vn -0.3243 -0.4392 0.8378
vn -0.3131 -0.4256 0.8490
vn -0.3605 -0.4369 0.8241
vn -0.6095 -0.5850 0.5350
vn -0.5868 -0.6171 0.5242
vn -0.6221 -0.5715 0.5351
vn -0.7270 -0.6415 0.2448
vn -0.7239 -0.6648 0.1845
vn -0.7114 -0.6436 0.2822
vn -0.7395 -0.6661 0.0973
vn -0.7336 -0.6774 0.0548
vn -0.6841 -0.7170 0.1340
vn -0.6778 -0.7348 -0.0243
vn -0.7295 -0.6819 -0.0537
vn -0.5984 -0.8010 -0.0169
vn -0.6080 -0.7606 -0.2277
vn -0.6660 -0.7172 -0.2052
vn -0.5171 -0.8152 -0.2607
vn -0.5163 -0.7076 -0.4824
vn -0.6060 -0.6743 -0.4219
vn -0.3629 -0.7583 -0.5416
vn -0.4113 -0.6391 -0.6499
vn -0.5294 -0.6158 -0.5835
vn -0.3187 -0.6275 -0.7104
vn -0.3677 -0.5891 -0.7196
vn -0.4543 -0.5757 -0.6799
vn -0.3567 -0.5851 -0.7283
vn -0.3246 -0.4979 -0.8042
vn -0.3419 -0.4787 -0.8087
vn -0.2172 -0.5005 -0.8380
vn -0.2163 -0.4043 -0.8887
vn -0.2552 -0.3629 -0.8962
vn -0.1373 -0.3010 -0.9437
vn 0.1104 0.2139 0.9706
vn 0.1053 0.2258 0.9685
vn 0.2082 0.2072 0.9559
vn 0.1971 0.2194 0.9555
vn 0.2926 0.1974 0.9356
vn 0.2730 0.2122 0.9383
vn 0.3669 0.1878 0.9111
vn 0.3545 0.2084 0.9116
vn 0.5024 0.1830 0.8450
vn 0.4993 0.2132 0.8398
vn 0.5172 0.1697 0.8389
vn 0.6887 0.1522 0.7089
vn 0.6794 0.1792 0.7115
vn 0.7032 0.1499 0.6950
vn 0.8484 0.1244 0.5145
vn 0.8435 0.1357 0.5197
vn 0.9457 0.1028 0.3085
vn 0.9444 0.1249 0.3042
vn 0.9439 0.1324 0.3024
vn 0.9861 0.1151 0.1202
vn 0.9882 0.0952 0.1197
vn 0.9811 0.1562 0.1146
vn 0.9884 0.1515 -0.0075
vn 0.9936 0.1129 -0.0078
vn 0.9783 0.2068 -0.0138
vn 0.9722 0.1991 -0.1233
vn 0.9805 0.1567 -0.1186
vn 0.9614 0.2397 -0.1353
vn 0.9366 0.2394 -0.2561
vn 0.9444 0.2023 -0.2590
vn 0.9395 0.3080 -0.1498
vn 0.9212 0.2975 -0.2507
vn 0.8933 0.4174 -0.1668
vn 0.8833 0.3907 -0.2592
vn 0.8344 0.5196 -0.1838
vn 0.8258 0.4916 -0.2763
vn 0.7789 0.5984 -0.1877
vn 0.7546 0.5925 -0.2821
vn 0.6582 0.7324 -0.1741
vn 0.6277 0.7275 -0.2772
vn 0.4299 0.8870 -0.1686
vn 0.4478 0.8482 -0.2829
vn 0.2403 0.9534 -0.1824
vn 0.2709 0.9143 -0.3013
vn 0.1426 0.9716 -0.1886
vn 0.1418 0.9402 -0.3098
vn 0.0669 0.9804 -0.1855
vn 0.0722 0.9474 -0.3118
vn 0.0607 0.9981 -0.0096
vn 0.0282 0.9995 -0.0107
vn 0.0261 0.9824 -0.1848
vn 0.0220 0.9851 0.1705
vn 0.0243 0.9865 0.1622
vn 0.0306 0.9995 -0.0077
vn 0.0126 0.9580 0.2865
vn 0.0016 0.9599 0.2803
vn 0.0168 0.9882 0.1521
vn -0.0100 0.9067 0.4216
vn -0.0235 0.9122 0.4091
vn -0.0034 0.9631 0.2691
vn -0.0229 0.8475 0.5302
vn -0.0335 0.8530 0.5208
vn -0.0348 0.7529 0.6572
vn -0.0285 0.7660 0.6422
vn -0.0298 0.5353 0.8441
vn -0.0127 0.5694 0.8219
vn -0.0122 0.2665 0.9638
vn 0.0162 0.3063 0.9518
vn 0.0100 0.0638 0.9979
vn 0.0424 0.0970 0.9944
vn 0.0470 -0.0698 0.9965
vn 0.0563 -0.0565 0.9968
vn 0.0811 -0.1470 0.9858
vn 0.0712 -0.1592 0.9847
vn 0.1261 -0.3284 0.9361
vn 0.1267 -0.3317 0.9348
vn 0.1461 -0.5019 0.8525
vn 0.1638 -0.4729 0.8658
vn 0.1135 -0.5471 0.8294
vn 0.1042 -0.5248 0.8448
vn 0.1471 -0.5337 0.8328
vn 0.1257 -0.4852 0.8653
vn 0.1834 -0.5891 0.7870
vn 0.1845 -0.6036 0.7756
vn 0.1616 -0.5244 0.8360
vn 0.2310 -0.6766 0.6992
vn 0.2393 -0.6912 0.6819
vn 0.2780 -0.7826 0.5571
vn 0.2930 -0.7821 0.5500
vn 0.2901 -0.8918 0.3471
vn 0.3109 -0.8703 0.3820
vn 0.3108 -0.9031 0.2964
vn 0.4344 -0.8612 0.2638
vn 0.2749 -0.9467 0.1681
vn 0.2670 -0.9458 0.1848
vn 0.3765 -0.9123 0.1613
vn 0.7747 -0.5741 0.2649
vn 0.7329 -0.6572 0.1761
vn 0.3486 -0.9373 -0.0002
vn 0.2565 -0.9665 0.0085
vn 0.7203 -0.6936 -0.0094
vn 0.9795 -0.1327 0.1516
vn 0.9835 -0.1804 -0.0124
vn 0.7054 -0.6814 -0.1952
vn 0.3321 -0.9300 -0.1577
vn 0.9684 -0.1710 -0.1814
vn 0.9758 0.2179 -0.0174
vn 0.9686 0.2064 -0.1386
vn 0.9625 -0.1719 -0.2098
vn 0.7228 -0.6520 -0.2291
vn 0.9676 0.1879 -0.1690
vn 0.9004 0.4202 -0.1133
vn 0.9051 0.4021 -0.1383
vn 0.9513 0.1806 -0.2496
vn 0.9364 -0.1188 -0.3301
vn 0.8984 0.3838 -0.2133
vn 0.8536 0.5053 -0.1268
vn 0.8521 0.4747 -0.2204
vn 0.8043 0.3270 -0.4963
vn 0.8156 0.2117 -0.5385
vn 0.7810 0.3680 -0.5046
vn 0.8407 0.4767 -0.2569
vn 0.7743 0.3516 -0.5262
vn 0.4895 0.1497 -0.8591
vn 0.4635 0.1500 -0.8733
vn 0.5258 0.1500 -0.8373
vn 0.7749 0.3313 -0.5383
vn 0.5722 0.1584 -0.8047
vn 0.2792 0.0206 -0.9600
vn 0.2075 0.0039 -0.9782
vn 0.3548 0.0391 -0.9341
vn 0.6104 0.1745 -0.7727
vn 0.4259 0.0531 -0.9032
vn 0.2471 0.0027 -0.9690
vn 0.1830 0.0045 -0.9831
vn 0.3068 0.0004 -0.9518
vn 0.4685 0.0705 -0.8806
vn 0.3594 0.0066 -0.9331
vn 0.2187 -0.0338 -0.9752
vn 0.1681 -0.0277 -0.9854
vn 0.2664 -0.0353 -0.9632
vn 0.3778 0.0184 -0.9257
vn 0.2973 -0.0403 -0.9539
vn 0.1739 -0.0835 -0.9812
vn 0.1403 -0.0720 -0.9875
vn 0.2046 -0.1024 -0.9735
vn 0.2991 -0.0373 -0.9535
vn 0.2100 -0.1049 -0.9721
vn 0.1246 -0.1550 -0.9800
vn 0.1117 -0.1303 -0.9852
vn 0.1310 -0.1641 -0.9777
vn 0.1999 -0.1049 -0.9742
vn 0.1245 -0.1731 -0.9770
vn -0.0023 -0.2629 -0.9648
vn -0.0060 -0.2504 -0.9681
vn 0.0031 -0.2688 -0.9632
vn 0.1091 -0.1765 -0.9782
vn 0.0011 -0.2630 -0.9648
vn -0.1549 -0.3667 -0.9173
vn -0.1734 -0.3760 -0.9102
vn -0.1340 -0.3503 -0.9270
vn -0.0076 -0.2592 -0.9658
vn -0.1164 -0.3427 -0.9322
vn -0.2393 -0.4104 -0.8800
vn -0.2576 -0.4220 -0.8692
vn -0.2098 -0.4093 -0.8879
vn -0.1121 -0.3463 -0.9314
vn -0.1927 -0.4140 -0.8897
vn -0.3095 -0.4862 -0.8172
vn -0.3340 -0.4799 -0.8112
vn -0.2885 -0.4931 -0.8208
vn -0.1927 -0.4180 -0.8878
vn -0.2871 -0.4916 -0.8221
vn -0.3865 -0.5692 -0.7258
vn -0.4103 -0.5670 -0.7143
vn -0.3800 -0.5607 -0.7356
vn -0.2889 -0.4817 -0.8274
vn -0.3813 -0.5462 -0.7458
vn -0.4562 -0.6173 -0.6409
vn -0.4644 -0.6267 -0.6257
vn -0.4633 -0.6054 -0.6473
vn -0.3662 -0.5450 -0.7542
vn -0.4542 -0.6087 -0.6505
vn -0.5324 -0.6610 -0.5289
vn -0.5207 -0.6658 -0.5344
vn -0.5346 -0.6680 -0.5177
vn -0.4341 -0.6157 -0.6576
vn -0.5248 -0.6806 -0.5112
vn -0.5799 -0.7101 -0.3994
vn -0.5802 -0.7014 -0.4140
vn -0.5762 -0.7292 -0.3692
vn -0.5146 -0.6965 -0.5002
vn -0.5711 -0.7513 -0.3307
vn -0.6064 -0.7702 -0.1976
vn -0.6146 -0.7555 -0.2269
vn -0.5933 -0.7870 -0.1691
vn -0.5421 -0.7906 -0.2846
vn -0.5554 -0.8212 -0.1311
vn -0.5984 -0.8011 0.0139
vn -0.6170 -0.7869 0.0114
vn -0.5513 -0.8341 0.0187
vn -0.5266 -0.8271 0.1963
vn -0.5753 -0.7879 0.2196
vn -0.4805 -0.8537 0.2008
vn -0.4333 -0.8284 0.3549
vn -0.4604 -0.7784 0.4267
vn -0.4016 -0.8528 0.3339
vn -0.3363 -0.8105 0.4796
vn -0.3516 -0.7587 0.5485
vn -0.1938 -0.6839 0.7034
vn -0.1997 -0.6078 0.7686
vn -0.0486 -0.5182 0.8539
vn -0.0655 -0.4601 0.8854
vn -0.0091 -0.5516 0.8340
vn 0.0535 -0.4484 0.8922
vn 0.0190 -0.4263 0.9044
vn 0.1353 -0.4648 0.8750
vn 0.1821 -0.3774 0.9080
vn 0.2691 -0.3671 0.8904
vn 0.3162 -0.2536 0.9142
vn 0.2328 -0.2935 0.9272
vn 0.3841 -0.3643 0.8484
vn 0.4411 -0.2170 0.8708
vn 0.5893 -0.3595 0.7235
vn 0.6416 -0.1772 0.7463
vn 0.7910 -0.3430 0.5066
vn 0.8202 -0.1306 0.5570
vn 0.8928 -0.3231 0.3138
vn 0.6562 0.0399 0.7536
vn 0.4975 -0.0286 0.8670
vn 0.5536 0.1440 0.8203
vn 0.4527 0.0630 0.8895
vn 0.3849 -0.0967 0.9179
vn 0.5079 0.1490 0.8485
vn 0.4070 0.0630 0.9113
vn 0.3495 -0.0283 0.9365
vn 0.4467 0.0878 0.8904
vn 0.3341 -0.0067 0.9425
vn 0.2816 -0.0479 0.9583
vn 0.3538 0.0076 0.9353
vn 0.2429 -0.0788 0.9669
vn 0.2280 -0.1135 0.9670
vn 0.2386 -0.0759 0.9681
vn 0.0805 -0.1902 0.9784
vn 0.0974 -0.1982 0.9753
vn 0.0796 -0.1963 0.9773
vn -0.0880 -0.3199 0.9434
vn -0.0846 -0.3089 0.9473
vn -0.0971 -0.3156 0.9439
vn -0.1979 -0.3751 0.9056
vn -0.1714 -0.3696 0.9132
vn -0.2095 -0.3797 0.9010
vn -0.1978 -0.3606 0.9115
vn -0.1916 -0.3617 0.9124
vn -0.2369 -0.3429 0.9090
vn -0.3348 -0.4364 0.8351
vn -0.3120 -0.4640 0.8291
vn -0.3314 -0.4133 0.8482
vn -0.5723 -0.6545 0.4941
vn -0.5636 -0.6740 0.4775
vn -0.5796 -0.6361 0.5094
vn -0.6891 -0.7161 0.1111
vn -0.6654 -0.7399 0.0986
vn -0.7071 -0.6937 0.1368
vn -0.7064 -0.7071 -0.0309
vn -0.6886 -0.7230 -0.0558
vn -0.7204 -0.6936 0.0071
vn -0.6982 -0.7042 -0.1286
vn -0.6800 -0.7126 -0.1724
vn -0.7185 -0.6896 -0.0907
vn -0.6811 -0.6799 -0.2716
vn -0.6513 -0.6917 -0.3121
vn -0.6934 -0.6837 -0.2275
vn -0.6294 -0.6659 -0.4006
vn -0.6115 -0.6570 -0.4408
vn -0.6367 -0.6662 -0.3883
vn -0.5556 -0.5970 -0.5787
vn -0.5216 -0.6092 -0.5974
vn -0.5690 -0.5969 -0.5656
vn -0.4478 -0.5155 -0.7306
vn -0.4079 -0.5036 -0.7616
vn -0.4731 -0.5511 -0.6873
vn -0.3263 -0.4292 -0.8422
vn -0.3141 -0.4188 -0.8520
vn -0.3644 -0.4424 -0.8195
vn -0.2590 -0.3157 -0.9128
vn -0.2633 -0.3378 -0.9036
vn -0.2527 -0.3312 -0.9091
vn -0.2135 -0.2416 -0.9466
vn -0.2318 -0.2616 -0.9369
vn -0.1877 -0.2412 -0.9521
vn -0.0590 -0.1925 -0.9795
vn -0.0469 -0.2231 -0.9737
vn -0.0602 -0.1990 -0.9782
vn -0.0779 -0.1749 -0.9815
vn -0.0264 -0.1590 -0.9869
vn -0.0884 -0.2254 -0.9703
vn -0.0118 -0.2178 -0.9759
vn -0.0741 -0.2520 -0.9649
vn 0.0984 0.2460 0.9643
vn 0.0923 0.2583 0.9616
vn 0.1852 0.2411 0.9527
vn 0.1779 0.2579 0.9497
vn 0.2601 0.2406 0.9351
vn 0.2610 0.2645 0.9284
vn 0.3542 0.2494 0.9013
vn 0.3802 0.2854 0.8798
vn 0.5032 0.2660 0.8222
vn 0.5261 0.3146 0.7901
vn 0.6665 0.2784 0.6916
vn 0.6678 0.3353 0.6645
vn 0.6730 0.2171 0.7071
vn 0.8221 0.2097 0.5293
vn 0.8021 0.2825 0.5261
vn 0.8363 0.1721 0.5206
vn 0.9405 0.1629 0.2982
vn 0.9317 0.1942 0.3070
vn 0.9827 0.1588 0.0948
vn 0.9786 0.1828 0.0942
vn 0.9864 0.1255 0.1060
vn 0.9901 0.1352 -0.0385
vn 0.9859 0.1608 -0.0470
vn 0.9940 0.1069 -0.0209
vn 0.9810 0.1328 -0.1413
vn 0.9761 0.1529 -0.1547
vn 0.9835 0.1300 -0.1261
vn 0.9522 0.1586 -0.2611
vn 0.9482 0.1622 -0.2730
vn 0.9511 0.1723 -0.2564
vn 0.8822 0.1930 -0.4295
vn 0.8912 0.1868 -0.4134
vn 0.8711 0.2209 -0.4386
vn 0.7496 0.2372 -0.6179
vn 0.7746 0.2075 -0.5974
vn 0.8618 0.2578 -0.4368
vn 0.7251 0.2685 -0.6341
vn 0.8516 0.2990 -0.4306
vn 0.7038 0.2927 -0.6474
vn 0.8258 0.3709 -0.4248
vn 0.6767 0.3433 -0.6514
vn 0.7797 0.4664 -0.4178
vn 0.6365 0.4224 -0.6454
vn 0.7096 0.5698 -0.4146
vn 0.5858 0.5018 -0.6364
vn 0.5936 0.6876 -0.4182
vn 0.5021 0.5929 -0.6296
vn 0.4454 0.7887 -0.4238
vn 0.3784 0.6879 -0.6193
vn 0.2906 0.8549 -0.4298
vn 0.2587 0.7513 -0.6071
vn 0.1577 0.8843 -0.4394
vn 0.1631 0.7813 -0.6025
vn 0.0820 0.8891 -0.4504
vn 0.0917 0.7890 -0.6075
vn 0.0413 0.8885 -0.4570
vn 0.0506 0.7890 -0.6123
vn 0.0310 0.9478 -0.3174
vn 0.0185 0.9475 -0.3192
vn 0.0171 0.8885 -0.4585
vn 0.0252 0.9830 -0.1817
vn 0.0373 0.9833 -0.1779
vn 0.0287 0.9493 -0.3129
vn 0.0328 0.9994 -0.0107
vn 0.0379 0.9991 -0.0210
vn 0.0467 0.9830 -0.1774
vn 0.0185 0.9901 0.1391
vn 0.0449 0.9909 0.1270
vn 0.0540 0.9982 -0.0260
vn 0.0312 0.9644 0.2625
vn 0.0566 0.9663 0.2512
vn 0.0804 0.9902 0.1138
vn 0.0198 0.9158 0.4011
vn 0.0429 0.9160 0.3989
vn 0.0040 0.8578 0.5139
vn 0.0441 0.8609 0.5069
vn -0.0024 0.7742 0.6329
vn 0.0435 0.7820 0.6218
vn 0.0080 0.6037 0.7972
vn 0.0456 0.6330 0.7728
vn 0.0325 0.3516 0.9356
vn 0.0601 0.4011 0.9140
vn 0.0666 0.1317 0.9891
vn 0.0797 0.1653 0.9830
vn 0.0977 -0.0134 0.9951
vn 0.1009 0.0116 0.9948
vn 0.1091 -0.1262 0.9860
vn 0.1196 -0.0868 0.9890
vn 0.1504 -0.3273 0.9329
vn 0.1655 -0.2853 0.9440
vn 0.1892 -0.4624 0.8662
vn 0.2151 -0.4638 0.8594
vn 0.1872 -0.4916 0.8505
vn 0.2232 -0.4697 0.8542
vn 0.2101 -0.6023 0.7701
vn 0.2510 -0.5804 0.7747
vn 0.2716 -0.7113 0.6483
vn 0.3016 -0.7295 0.6138
vn 0.3299 -0.7798 0.5321
vn 0.3537 -0.7895 0.5016
vn 0.3612 -0.8466 0.3909
vn 0.3958 -0.8363 0.3794
vn 0.3650 -0.9019 0.2308
vn 0.4151 -0.8769 0.2424
vn 0.2962 -0.9323 0.2075
vn 0.2801 -0.9598 0.0155
vn 0.3553 -0.9343 0.0283
vn 0.2598 -0.9656 0.0101
vn 0.2606 -0.9529 -0.1551
vn 0.2763 -0.9466 -0.1665
vn 0.2457 -0.9581 -0.1470
vn 0.2784 -0.9199 -0.2760
vn 0.2723 -0.9038 -0.3301
vn 0.3830 -0.8947 -0.2299
vn 0.2485 -0.7646 -0.5946
vn 0.2462 -0.7735 -0.5841
vn 0.2801 -0.8898 -0.3604
vn 0.2148 -0.6923 -0.6889
vn 0.2046 -0.7117 -0.6720
vn 0.1834 -0.6745 -0.7152
vn 0.1885 -0.6830 -0.7057
vn 0.1957 -0.6084 -0.7691
vn 0.1766 -0.4871 -0.8553
vn 0.0989 -0.5080 -0.8557
vn 0.1113 -0.5244 -0.8442
vn 0.0722 -0.4923 -0.8674
vn 0.1436 -0.3441 -0.9279
vn 0.0564 -0.4526 -0.8899
vn 0.0878 -0.5504 -0.8303
vn 0.1030 -0.5094 -0.8543
vn 0.0332 -0.5837 -0.8113
vn 0.0677 -0.4160 -0.9068
vn 0.0341 -0.5760 -0.8168
vn 0.0348 -0.4625 -0.8859
vn 0.0948 -0.4579 -0.8839
vn 0.0099 -0.4250 -0.9051
vn -0.0226 -0.5378 -0.8427
vn -0.0451 -0.3425 -0.9384
vn -0.0180 -0.1047 -0.9943
vn 0.0145 -0.1560 -0.9876
vn -0.0419 -0.0409 -0.9983
vn -0.0954 -0.2719 -0.9576
vn -0.0566 -0.0250 -0.9981
vn -0.0469 0.0026 -0.9989
vn -0.0430 -0.0019 -0.9991
vn -0.0437 -0.0096 -0.9990
vn -0.0956 -0.0631 -0.9934
vn -0.0710 -0.0051 -0.9975
vn -0.0319 0.0817 -0.9961
vn -0.0309 0.0556 -0.9980
vn 0.0027 0.2323 -0.9726
vn -0.0021 0.2210 -0.9753
vn 0.0771 0.3427 -0.9363
vn 0.0501 0.3824 -0.9226
vn 0.2234 0.5080 -0.8319
vn 0.1555 0.5676 -0.8085
vn 0.3064 0.4248 -0.8519
vn 0.3544 0.3638 -0.8614
vn 0.4056 0.3227 -0.8552
vn 0.2429 0.2125 -0.9465
vn 0.4598 0.2803 -0.8426
vn 0.1138 0.1736 -0.9782
vn 0.1325 0.2004 -0.9707
vn 0.2757 0.2271 -0.9340
vn 0.5036 0.2624 -0.8231
vn 0.3172 0.2505 -0.9147
vn 0.5424 0.2623 -0.7981
vn 0.1626 0.2296 -0.9596
vn 0.1997 0.2478 -0.9480
vn 0.3656 0.2523 -0.8959
vn 0.5838 0.2457 -0.7738
vn 0.4059 0.2361 -0.8829
vn 0.6195 0.2219 -0.7529
vn 0.2311 0.2397 -0.9429
vn 0.2497 0.2315 -0.9402
vn 0.4294 0.2287 -0.8737
vn 0.6440 0.2161 -0.7339
vn 0.4391 0.2307 -0.8683
vn 0.6563 0.2183 -0.7222
vn 0.7972 0.2022 -0.5689
vn 0.8137 0.2004 -0.5457
vn 0.6525 0.2262 -0.7232
vn 0.8201 0.2041 -0.5346
vn 0.8968 0.1852 -0.4019
vn 0.8997 0.1883 -0.3939
vn 0.8159 0.2119 -0.5379
vn 0.8979 0.1931 -0.3955
vn 0.9441 0.1731 -0.2807
vn 0.9425 0.1804 -0.2813
vn 0.8939 0.1921 -0.4050
vn 0.9440 0.1872 -0.2717
vn 0.9724 0.1696 -0.1602
vn 0.9697 0.1861 -0.1585
vn 0.9431 0.2164 -0.2524
vn 0.9641 0.2245 -0.1420
vn 0.9820 0.1817 -0.0521
vn 0.9702 0.2391 -0.0386
vn 0.9550 0.2727 -0.1164
vn 0.9567 0.2912 0.0008
vn 0.9606 0.2582 0.1032
vn 0.9388 0.3172 0.1346
vn 0.9504 0.3094 0.0308
vn 0.9309 0.3227 0.1713
vn 0.8860 0.3388 0.3165
vn 0.9093 0.2762 0.3113
vn 0.8782 0.3367 0.3397
vn 0.9227 0.3326 0.1949
vn 0.8730 0.3360 0.3535
vn 0.7921 0.3424 0.5053
vn 0.7897 0.3437 0.5081
vn 0.7992 0.3312 0.5015
vn 0.8685 0.3435 0.3573
vn 0.8030 0.3370 0.4915
vn 0.7057 0.3213 0.6315
vn 0.6861 0.3369 0.6447
vn 0.7184 0.3255 0.6148
vn 0.7914 0.3594 0.4945
vn 0.7219 0.3508 0.5966
vn 0.6103 0.3094 0.7292
vn 0.5949 0.3110 0.7412
vn 0.6187 0.3352 0.7105
vn 0.7071 0.3745 0.5998
vn 0.6007 0.3664 0.7106
vn 0.4841 0.3148 0.8164
vn 0.4744 0.2879 0.8319
vn 0.4753 0.3535 0.8057
vn 0.5652 0.3870 0.7285
vn 0.4561 0.3724 0.8083
vn 0.3397 0.3313 0.8802
vn 0.3406 0.2910 0.8941
vn 0.3367 0.3514 0.8736
vn 0.4209 0.3953 0.8165
vn 0.3236 0.3797 0.8667
vn 0.2451 0.3320 0.9109
vn 0.2310 0.3067 0.9233
vn 0.2499 0.3634 0.8975
vn 0.3068 0.4135 0.8573
vn 0.2493 0.4012 0.8814
vn 0.1967 0.3516 0.9153
vn 0.1798 0.3156 0.9317
vn 0.2072 0.3909 0.8968
vn 0.2704 0.4841 0.8322
vn 0.2932 0.5082 0.8098
vn 0.2914 0.4871 0.8233
vn 0.3045 0.5053 0.8075
vn 0.3205 0.4527 0.8321
vn 0.3800 0.4830 0.7889
vn 0.3683 0.4236 0.8276
vn 0.4652 0.4527 0.7607
vn 0.5275 0.4173 0.7400
vn 0.6139 0.4354 0.6584
vn 0.5502 0.4739 0.6875
vn 0.6668 0.3977 0.6302
vn 0.7391 0.4008 0.5414
vn 0.6750 0.4438 0.5894
vn 0.7718 0.3779 0.5113
vn 0.8214 0.3824 0.4231
vn 0.7917 0.4046 0.4578
vn 0.8502 0.3621 0.3822
vn 0.8977 0.3589 0.2557
vn 0.8736 0.3874 0.2946
vn 0.9133 0.3430 0.2195
vn 0.9384 0.3335 0.0910
vn 0.9260 0.3532 0.1332
vn 0.9451 0.3224 0.0534
vn 0.9469 0.3106 -0.0836
vn 0.9466 0.3197 -0.0410
vn 0.9477 0.3025 -0.1018
vn 0.9224 0.3017 -0.2413
vn 0.9245 0.2989 -0.2367
vn 0.9332 0.2683 -0.2392
vn 0.8736 0.2723 -0.4033
vn 0.8657 0.3026 -0.3988
vn 0.8866 0.2187 -0.4075
vn 0.7756 0.2355 -0.5856
vn 0.7463 0.2773 -0.6050
vn 0.8036 0.2099 -0.5569
vn 0.6367 0.2287 -0.7364
vn 0.6082 0.2570 -0.7510
vn 0.6453 0.2283 -0.7290
vn 0.4233 0.2354 -0.8749
vn 0.4084 0.2325 -0.8827
vn 0.4357 0.2396 -0.8676
vn 0.2479 0.2410 -0.9383
vn 0.2309 0.2443 -0.9418
vn 0.2524 0.2343 -0.9388
vn 0.1901 0.2395 -0.9521
vn 0.1800 0.2413 -0.9536
vn 0.2013 0.2332 -0.9514
vn 0.0936 0.2439 -0.9653
vn 0.0902 0.2490 -0.9643
vn 0.2079 0.2380 -0.9487
vn 0.0940 0.2432 -0.9654
vn 0.2082 0.2349 -0.9495
vn 0.0933 0.2397 -0.9663
vn 0.2007 0.2098 -0.9569
vn 0.0931 0.2047 -0.9744
vn 0.1779 0.1777 -0.9679
vn 0.0787 0.1607 -0.9839
vn 0.1308 0.1485 -0.9802
vn 0.0507 0.1219 -0.9912
vn 0.0183 0.1019 -0.9946
vn -0.0181 0.0826 -0.9964
vn -0.0477 0.0606 -0.9970
vn -0.0451 0.0301 -0.9985
vn -0.0155 0.0126 -0.9998
vn -0.0143 -0.0779 -0.9969
vn -0.0327 -0.0638 -0.9974
vn -0.0595 0.0082 -0.9982
vn -0.0782 -0.0887 -0.9930
vn -0.0769 -0.2001 -0.9768
vn 0.0044 -0.1539 -0.9881
vn -0.1340 -0.2365 -0.9624
vn -0.0940 -0.3505 -0.9318
vn -0.0360 -0.2318 -0.9721
vn -0.0879 -0.4638 -0.8815
vn -0.0141 -0.3496 -0.9368
vn -0.0141 -0.2653 -0.9641
vn 0.0233 -0.4089 -0.9123
vn 0.0503 -0.2443 -0.9684
vn 0.0351 -0.2319 -0.9721
vn 0.1012 -0.2596 -0.9604
vn 0.1397 -0.1715 -0.9752
vn 0.0620 -0.1675 -0.9839
vn 0.1593 -0.0449 -0.9862
vn 0.0714 -0.0736 -0.9947
vn 0.1548 0.0238 -0.9877
vn 0.0777 -0.0156 -0.9969
vn 0.4299 0.1040 -0.8969
vn 0.7715 0.0516 -0.6341
vn 0.4434 0.1395 -0.8854
vn 0.1412 0.0182 -0.9898
vn 0.1549 0.0040 -0.9879
vn 0.0838 -0.0134 -0.9964
vn 0.0958 -0.0128 -0.9953
vn 0.1259 -0.0041 -0.9920
vn 0.0738 -0.0157 -0.9971
vn 0.0682 -0.0211 -0.9975
vn 0.0860 -0.0036 -0.9963
vn 0.1179 -0.0078 -0.9930
vn 0.0336 -0.0259 -0.9991
vn 0.0261 -0.0455 -0.9986
vn 0.0632 -0.0316 -0.9975
vn 0.1059 -0.0576 -0.9927
vn 0.0448 -0.0404 -0.9982
vn 0.0249 -0.0175 -0.9995
vn 0.0748 -0.0742 -0.9944
vn 0.0993 -0.1019 -0.9898
vn -0.0279 -0.1755 -0.9841
vn -0.0513 -0.1497 -0.9874
vn -0.0097 -0.2057 -0.9786
vn -0.0025 -0.2362 -0.9717
vn -0.2084 -0.3660 -0.9070
vn -0.2187 -0.3547 -0.9090
vn -0.1901 -0.3746 -0.9075
vn -0.1836 -0.3754 -0.9085
vn -0.2922 -0.4324 -0.8530
vn -0.2991 -0.4280 -0.8528
vn -0.2803 -0.4339 -0.8563
vn -0.2678 -0.4320 -0.8612
vn -0.3354 -0.4735 -0.8144
vn -0.3319 -0.4612 -0.8229
vn -0.3364 -0.4831 -0.8084
vn -0.3395 -0.4814 -0.8080
vn -0.4118 -0.5530 -0.7243
vn -0.4076 -0.5414 -0.7353
vn -0.4206 -0.5578 -0.7155
vn -0.4245 -0.5627 -0.7093
vn -0.4873 -0.6245 -0.6104
vn -0.4870 -0.6205 -0.6146
vn -0.4905 -0.6265 -0.6057
vn -0.4850 -0.6265 -0.6101
vn -0.5358 -0.6718 -0.5115
vn -0.5349 -0.6697 -0.5151
vn -0.5375 -0.6705 -0.5113
vn -0.5254 -0.6705 -0.5238
vn -0.5833 -0.7072 -0.3996
vn -0.5755 -0.7136 -0.3995
vn -0.5776 -0.7056 -0.4104
vn -0.5730 -0.7059 -0.4163
vn -0.6228 -0.7377 -0.2606
vn -0.6259 -0.7358 -0.2586
vn -0.6192 -0.7425 -0.2553
vn -0.6255 -0.7399 -0.2474
vn -0.6409 -0.7657 -0.0542
vn -0.6453 -0.7603 -0.0741
vn -0.6428 -0.7654 -0.0316
vn -0.6241 -0.7813 -0.0046
vn -0.6183 -0.7681 0.1668
vn -0.6265 -0.7643 0.1528
vn -0.5956 -0.7796 0.1937
vn -0.5917 -0.7757 0.2193
vn -0.4999 -0.7190 0.4829
vn -0.5177 -0.7033 0.4872
vn -0.4961 -0.7157 0.4917
vn -0.4879 -0.7255 0.4854
vn -0.3059 -0.5609 0.7693
vn -0.3040 -0.5363 0.7874
vn -0.3191 -0.5873 0.7438
vn -0.3350 -0.6655 0.6670
vn -0.1608 -0.4457 0.8806
vn -0.1545 -0.4234 0.8927
vn -0.1754 -0.5088 0.8428
vn -0.0699 -0.4030 0.9125
vn -0.0755 -0.3747 0.9241
vn -0.0091 -0.3475 0.9376
vn -0.0060 -0.3260 0.9453
vn 0.0003 -0.3905 0.9206
vn 0.0581 -0.2864 0.9563
vn 0.0857 -0.2523 0.9638
vn 0.1211 -0.2190 0.9682
vn 0.1731 -0.1588 0.9720
vn 0.2203 -0.1324 0.9664
vn 0.2878 -0.1668 0.9431
vn 0.1105 -0.2314 0.9666
vn -0.0120 -0.3279 0.9446
vn -0.0535 -0.3126 0.9484
vn -0.1284 -0.3587 0.9246
vn -0.0888 -0.3743 0.9230
vn -0.1551 -0.3537 0.9224
vn -0.1706 -0.3654 0.9151
vn -0.1659 -0.3901 0.9057
vn -0.1816 -0.3604 0.9150
vn -0.3013 -0.4758 0.8264
vn -0.3017 -0.5020 0.8106
vn -0.2969 -0.4683 0.8322
vn -0.5326 -0.6853 0.4967
vn -0.5272 -0.6899 0.4961
vn -0.5510 -0.6832 0.4792
vn -0.6456 -0.7555 0.1116
vn -0.6341 -0.7608 0.1381
vn -0.6466 -0.7567 0.0964
vn -0.6431 -0.7608 -0.0874
vn -0.6520 -0.7529 -0.0903
vn -0.6623 -0.7457 -0.0722
vn -0.6320 -0.7378 -0.2373
vn -0.6145 -0.7478 -0.2513
vn -0.6615 -0.7198 -0.2106
vn -0.6058 -0.6971 -0.3835
vn -0.5817 -0.7080 -0.4004
vn -0.6262 -0.6958 -0.3516
vn -0.5632 -0.6629 -0.4934
vn -0.5473 -0.6646 -0.5086
vn -0.5838 -0.6592 -0.4739
vn -0.5011 -0.6042 -0.6196
vn -0.4921 -0.6138 -0.6173
vn -0.5076 -0.6057 -0.6128
vn -0.3906 -0.5186 -0.7606
vn -0.4038 -0.5250 -0.7492
vn -0.3861 -0.5121 -0.7673
vn -0.3073 -0.4419 -0.8428
vn -0.3204 -0.4526 -0.8322
vn -0.3044 -0.4277 -0.8511
vn -0.3011 -0.4095 -0.8612
vn -0.2985 -0.4259 -0.8541
vn -0.2934 -0.3739 -0.8799
vn -0.2611 -0.3060 -0.9155
vn -0.2357 -0.3366 -0.9117
vn -0.2558 -0.2796 -0.9254
vn -0.1069 -0.1223 -0.9867
vn -0.0843 -0.1206 -0.9891
vn 0.0107 -0.0338 -0.9994
vn 0.0543 -0.0141 -0.9984
vn 0.0382 -0.0663 -0.9971
vn 0.0360 -0.1674 -0.9852
vn 0.0147 -0.1577 -0.9874
vn 0.0334 -0.1380 -0.9899
vn 0.0109 -0.2287 -0.9734
vn 0.0317 -0.2203 -0.9749
vn 0.0125 -0.2116 -0.9773
vn -0.0004 -0.2129 -0.9771
vn 0.0188 -0.1862 -0.9823
vn -0.0499 -0.2001 -0.9785
vn -0.0353 -0.1337 -0.9904
vn 0.0902 0.2576 0.9620
vn 0.0933 0.2411 0.9660
vn 0.1792 0.2627 0.9481
vn 0.1887 0.2519 0.9492
vn 0.2746 0.2757 0.9212
vn 0.3004 0.2718 0.9143
vn 0.4197 0.2986 0.8571
vn 0.4505 0.2955 0.8424
vn 0.5678 0.3216 0.7577
vn 0.3296 0.2629 0.9068
vn 0.2020 0.2397 0.9496
vn 0.2149 0.2645 0.9401
vn 0.1175 0.2365 0.9645
vn 0.1012 0.2222 0.9697
vn 0.1481 0.2795 0.9486
vn 0.2999 0.5316 0.7921
vn 0.3312 0.5857 0.7398
vn 0.3310 0.5257 0.7836
vn 0.3866 0.5868 0.7114
vn 0.4396 0.5069 0.7415
vn 0.4894 0.5291 0.6932
vn 0.5926 0.4783 0.6481
vn 0.6656 0.5008 0.5534
vn 0.5597 0.5785 0.5934
vn 0.7408 0.4505 0.4982
vn 0.8113 0.4659 0.3532
vn 0.7476 0.5319 0.3976
vn 0.8514 0.4151 0.3206
vn 0.8846 0.4320 0.1755
vn 0.8560 0.4865 0.1748
vn 0.9050 0.3919 0.1654
vn 0.9160 0.4009 0.0131
vn 0.8921 0.4512 0.0229
vn 0.9367 0.3502 -0.0031
vn 0.9191 0.3494 -0.1822
vn 0.8980 0.4085 -0.1638
vn 0.9287 0.3064 -0.2090
vn 0.8595 0.2970 -0.4159
vn 0.8515 0.3402 -0.3990
vn 0.8647 0.2949 -0.4066
vn 0.7275 0.2940 -0.6199
vn 0.7240 0.2838 -0.6288
vn 0.7343 0.2994 -0.6092
vn 0.5371 0.2926 -0.7911
vn 0.5286 0.2796 -0.8015
vn 0.5693 0.2842 -0.7715
vn 0.3888 0.2866 -0.8756
vn 0.3720 0.2903 -0.8817
vn 0.3981 0.2584 -0.8802
vn 0.2141 0.2347 -0.9482
vn 0.2421 0.2728 -0.9311
vn 0.2063 0.2304 -0.9510
vn 0.1555 0.2356 -0.9593
vn 0.1578 0.2159 -0.9636
vn 0.1678 0.2542 -0.9525
vn 0.0821 0.2634 -0.9612
vn 0.0818 0.2411 -0.9671
vn 0.0869 0.2482 -0.9648
vn 0.3735 0.6243 0.6861
vn 0.4078 0.6491 0.6422
vn 0.4443 0.6420 0.6248
vn 0.4965 0.6693 0.5528
vn 0.6310 0.6237 0.4614
vn 0.7077 0.6467 0.2845
vn 0.5712 0.7051 0.4201
vn 0.8063 0.5537 0.2081
vn 0.8246 0.5634 0.0511
vn 0.7418 0.6585 0.1270
vn 0.8635 0.5033 0.0324
vn 0.8563 0.5099 -0.0820
vn 0.8180 0.5733 -0.0476
vn 0.8772 0.4618 -0.1313
vn 0.8343 0.4652 -0.2959
vn 0.8261 0.5177 -0.2227
vn 0.8422 0.4041 -0.3569
vn 0.7357 0.3856 -0.5568
vn 0.7453 0.4567 -0.4858
vn 0.7301 0.3177 -0.6050
vn 0.5670 0.2868 -0.7722
vn 0.5780 0.3573 -0.7336
vn 0.5464 0.2597 -0.7962
vn 0.3700 0.2321 -0.8996
vn 0.3882 0.2507 -0.8868
vn 0.3619 0.2630 -0.8943
vn 0.2453 0.2571 -0.9347
vn 0.2389 0.2150 -0.9469
vn 0.2521 0.2878 -0.9239
vn 0.1704 0.2846 -0.9434
vn 0.1686 0.2562 -0.9518
vn 0.1677 0.2580 -0.9515
vn 0.0711 0.2535 -0.9647
vn 0.0689 0.2807 -0.9573
vn 0.0794 0.2160 -0.9732
vn 0.4496 0.7028 0.5513
vn 0.4935 0.7381 0.4600
vn 0.6313 0.7207 0.2865
vn 0.6690 0.7362 0.1026
vn 0.5473 0.8066 0.2232
vn 0.7453 0.6667 -0.0009
vn 0.7243 0.6761 -0.1352
vn 0.6497 0.7476 -0.1375
vn 0.7938 0.5850 -0.1662
vn 0.7425 0.5937 -0.3103
vn 0.6769 0.6931 -0.2478
vn 0.7570 0.5207 -0.3948
vn 0.6309 0.5085 -0.5859
vn 0.6278 0.5906 -0.5070
vn 0.6031 0.4272 -0.6736
vn 0.4303 0.3862 -0.8159
vn 0.4368 0.4689 -0.7677
vn 0.4096 0.3191 -0.8547
vn 0.2588 0.2785 -0.9249
vn 0.2675 0.3501 -0.8977
vn 0.2429 0.2203 -0.9447
vn 0.1545 0.2051 -0.9665
vn 0.1535 0.2482 -0.9565
vn 0.1632 0.2111 -0.9637
vn 0.0742 0.2081 -0.9753
vn 0.0777 0.1949 -0.9777
vn 0.0726 0.2527 -0.9648
vn 0.5324 0.8251 -0.1892
vn 0.4127 0.7614 -0.5000
vn 0.5874 0.7506 -0.3024
vn 0.4535 0.7358 -0.5029
vn 0.2958 0.7112 -0.6377
vn 0.5682 0.6998 -0.4329
vn 0.2138 0.6566 -0.7233
vn 0.1632 0.5551 -0.8156
vn 0.1488 0.4536 -0.8787
vn 0.1302 0.3783 -0.9165
vn 0.1796 0.3972 -0.9000
vn 0.1625 0.3224 -0.9326
vn 0.1056 0.3029 -0.9472
vn 0.2664 0.4230 -0.8661
vn 0.0888 0.2297 -0.9692
vn 0.1161 0.6008 -0.7909
vn 0.0484 0.4082 -0.9116
vn 0.0794 0.6259 -0.7758
vn 0.0441 0.4402 -0.8968
vn 0.0528 0.6394 -0.7671
vn 0.0425 0.4692 -0.8821
vn 0.0354 0.6455 -0.7630
vn 0.0446 0.4836 -0.8742
vn 0.0245 0.7875 -0.6158
vn 0.0099 0.7890 -0.6143
vn 0.0175 0.6487 -0.7608
vn 0.0151 0.8920 -0.4517
vn 0.0236 0.8999 -0.4355
vn 0.0097 0.7975 -0.6033
vn 0.0405 0.9521 -0.3031
vn 0.0405 0.9546 -0.2951
vn 0.0317 0.9064 -0.4212
vn 0.0490 0.9835 -0.1744
vn 0.0612 0.9852 -0.1600
vn 0.0435 0.9560 -0.2901
vn 0.0834 0.9963 -0.0190
vn 0.1175 0.9930 -0.0082
vn 0.0953 0.9861 -0.1363
vn 0.1170 0.9880 0.1004
vn 0.1360 0.9864 0.0918
vn 0.1373 0.9905 -0.0042
vn 0.1106 0.9644 0.2400
vn 0.1578 0.9546 0.2528
vn 0.1154 0.9083 0.4021
vn 0.1893 0.8937 0.4067
vn 0.1154 0.8579 0.5007
vn 0.1824 0.8628 0.4715
vn 0.1067 0.7938 0.5987
vn 0.1596 0.8143 0.5581
vn 0.1009 0.6573 0.7468
vn 0.1583 0.6805 0.7154
vn 0.1062 0.4440 0.8897
vn 0.1672 0.4843 0.8588
vn 0.1133 0.2128 0.9705
vn 0.1682 0.2746 0.9467
vn 0.1164 0.0476 0.9921
vn 0.1676 0.0962 0.9811
vn 0.1277 -0.0685 0.9894
vn 0.1804 -0.0500 0.9823
vn 0.1686 -0.2459 0.9545
vn 0.2144 -0.2220 0.9512
vn 0.2076 -0.4526 0.8672
vn 0.2495 -0.4155 0.8747
vn 0.2183 -0.4874 0.8455
vn 0.2675 -0.4943 0.8271
vn 0.2728 -0.5756 0.7709
vn 0.3143 -0.5755 0.7550
vn 0.3378 -0.7337 0.5896
vn 0.3692 -0.7251 0.5814
vn 0.3731 -0.8017 0.4671
vn 0.3990 -0.8023 0.4440
vn 0.4021 -0.8407 0.3627
vn 0.4202 -0.8368 0.3509
vn 0.4231 -0.8734 0.2412
vn 0.4389 -0.8674 0.2344
vn 0.4357 -0.8988 0.0490
vn 0.4543 -0.8896 0.0482
vn 0.4191 -0.9070 0.0415
vn 0.4054 -0.8982 -0.1696
vn 0.4288 -0.8894 -0.1584
vn 0.3482 -0.9210 -0.1747
vn 0.3374 -0.8648 -0.3719
vn 0.3724 -0.8571 -0.3559
vn 0.3001 -0.7687 -0.5648
vn 0.3176 -0.7775 -0.5428
vn 0.2546 -0.7191 -0.6465
vn 0.2789 -0.7310 -0.6228
vn 0.2235 -0.6630 -0.7145
vn 0.2543 -0.6330 -0.7312
vn 0.1880 -0.4830 -0.8552
vn 0.2180 -0.4557 -0.8630
vn 0.1503 -0.5171 -0.8426
vn 0.1401 -0.4241 -0.8947
vn 0.1758 -0.3925 -0.9028
vn 0.0965 -0.4707 -0.8770
vn 0.1192 -0.4176 -0.9008
vn 0.1504 -0.3742 -0.9150
vn 0.1142 -0.4496 -0.8859
vn 0.0690 -0.1879 -0.9798
vn 0.0897 -0.1819 -0.9792
vn 0.0495 -0.1783 -0.9827
vn 0.0283 -0.0229 -0.9993
vn 0.0402 -0.0122 -0.9991
vn -0.0064 -0.0211 -0.9998
vn -0.0087 0.0639 -0.9979
vn 0.0286 0.0700 -0.9971
vn -0.0395 0.0591 -0.9975
vn -0.0051 0.2211 -0.9752
vn 0.0102 0.2430 -0.9700
vn 0.0307 0.2620 -0.9646
vn 0.0499 0.2811 -0.9584
vn 0.0455 0.0912 -0.9948
vn 0.0475 0.3022 -0.9521
vn 0.0502 0.1261 -0.9907
vn 0.0329 0.4894 -0.8714
vn 0.0129 0.4999 -0.8660
vn 0.0291 0.3169 -0.9480
vn 0.0061 0.6581 -0.7529
vn 0.0087 0.6751 -0.7377
vn 0.0045 0.5207 -0.8538
vn 0.0201 0.8103 -0.5856
vn 0.0391 0.8199 -0.5711
vn 0.0270 0.6949 -0.7186
vn 0.0413 0.9076 -0.4178
vn 0.0715 0.9039 -0.4217
vn 0.0725 0.8242 -0.5617
vn 0.0736 0.9561 -0.2836
vn 0.1148 0.9539 -0.2772
vn 0.1160 0.8983 -0.4238
vn 0.1265 0.9854 -0.1143
vn 0.1278 0.9867 -0.1005
vn 0.1294 0.9520 -0.2774
vn 0.1335 0.9910 -0.0052
vn 0.0985 0.9951 -0.0066
vn 0.0974 0.9907 -0.0948
vn 0.1346 0.9871 0.0868
vn 0.1007 0.9914 0.0842
vn 0.1561 0.9487 0.2750
vn 0.1194 0.9512 0.2847
vn 0.1789 0.8920 0.4150
vn 0.1317 0.8977 0.4205
vn 0.1742 0.8812 0.4395
vn 0.1292 0.8922 0.4328
vn 0.1693 0.8400 0.5155
vn 0.1431 0.8571 0.4949
vn 0.1858 0.7115 0.6777
vn 0.1728 0.7491 0.6395
vn 0.2014 0.5278 0.8252
vn 0.1950 0.5823 0.7893
vn 0.2088 0.3331 0.9195
vn 0.2149 0.3787 0.9002
vn 0.2139 0.1406 0.9667
vn 0.2334 0.1760 0.9563
vn 0.2197 -0.0266 0.9752
vn 0.2503 -0.0044 0.9682
vn 0.2365 -0.2112 0.9484
vn 0.2721 -0.2128 0.9385
vn 0.2557 -0.3940 0.8828
vn 0.2836 -0.3902 0.8759
vn 0.2637 -0.4917 0.8299
vn 0.2826 -0.4870 0.8264
vn 0.2967 -0.5939 0.7479
vn 0.3280 -0.6089 0.7222
vn 0.3740 -0.7286 0.5738
vn 0.4214 -0.7295 0.5387
vn 0.4340 -0.7898 0.4334
vn 0.4727 -0.7693 0.4298
vn 0.4514 -0.8187 0.3550
vn 0.4837 -0.7924 0.3716
vn 0.4644 -0.8549 0.2313
vn 0.5037 -0.8326 0.2303
vn 0.4819 -0.8754 0.0385
vn 0.5261 -0.8501 0.0217
vn 0.4867 -0.8564 -0.1724
vn 0.5291 -0.8264 -0.1927
vn 0.4552 -0.8762 -0.1584
vn 0.4464 -0.8355 -0.3203
vn 0.4781 -0.8134 -0.3313
vn 0.4043 -0.8531 -0.3297
vn 0.3565 -0.7849 -0.5069
vn 0.4147 -0.7845 -0.4611
vn 0.3170 -0.7276 -0.6084
vn 0.3659 -0.7168 -0.5935
vn 0.2829 -0.6041 -0.7450
vn 0.3181 -0.5848 -0.7462
vn 0.2363 -0.4554 -0.8584
vn 0.2666 -0.4721 -0.8403
vn 0.2048 -0.4030 -0.8920
vn 0.2277 -0.4188 -0.8791
vn 0.1960 -0.3873 -0.9009
vn 0.1717 -0.3098 -0.9352
vn 0.1711 -0.3016 -0.9380
vn 0.1698 -0.3351 -0.9267
vn 0.1272 -0.1600 -0.9789
vn 0.1317 -0.1606 -0.9782
vn 0.1122 -0.1686 -0.9793
vn 0.0747 0.0009 -0.9972
vn 0.0819 0.0022 -0.9966
vn 0.0573 -0.0039 -0.9984
vn 0.0488 0.1512 -0.9873
vn 0.0420 0.1590 -0.9864
vn 0.0146 0.3309 -0.9435
vn 0.0163 0.3531 -0.9354
vn 0.0414 0.1578 -0.9866
vn 0.0140 0.5489 -0.8358
vn 0.0434 0.5795 -0.8138
vn 0.0440 0.3797 -0.9241
vn 0.0598 0.7157 -0.6959
vn 0.0896 0.7419 -0.6644
vn 0.0753 0.6105 -0.7884
vn 0.1101 0.8322 -0.5435
vn 0.1330 0.8483 -0.5125
vn 0.1142 0.7754 -0.6210
vn 0.1383 0.8955 -0.4230
vn 0.1218 0.8959 -0.4273
vn 0.1278 0.8629 -0.4889
vn 0.1076 0.9524 -0.2853
vn 0.0745 0.9533 -0.2927
vn 0.0843 0.8991 -0.4295
vn 0.0501 0.9933 -0.1046
vn -0.0000 0.9914 -0.1307
vn 0.0217 0.9560 -0.2926
vn 0.0350 0.9993 -0.0108
vn -0.0200 0.9996 -0.0186
vn 0.0407 0.9953 0.0878
vn -0.0114 0.9950 0.0995
vn 0.0641 0.9561 0.2858
vn 0.0168 0.9585 0.2846
vn 0.0739 0.9049 0.4192
vn 0.0334 0.9102 0.4127
vn 0.0790 0.8907 0.4476
vn 0.0488 0.8828 0.4672
vn 0.1087 0.8566 0.5045
vn 0.0867 0.8417 0.5329
vn 0.1554 0.7707 0.6180
vn 0.1433 0.7645 0.6285
vn 0.2026 0.6258 0.7532
vn 0.2083 0.6380 0.7413
vn 0.2436 0.4260 0.8713
vn 0.2694 0.4673 0.8420
vn 0.2731 0.2144 0.9378
vn 0.3166 0.2680 0.9099
vn 0.3001 0.0089 0.9539
vn 0.3498 0.0569 0.9351
vn 0.3259 -0.2133 0.9210
vn 0.3750 -0.1681 0.9117
vn 0.3407 -0.3813 0.8594
vn 0.3903 -0.3521 0.8507
vn 0.3633 -0.4903 0.7922
vn 0.4126 -0.5072 0.7566
vn 0.4106 -0.6219 0.6668
vn 0.4484 -0.6601 0.6027
vn 0.4574 -0.7351 0.5004
vn 0.4790 -0.7527 0.4517
vn 0.4862 -0.7675 0.4178
vn 0.5016 -0.7727 0.3890
vn 0.5127 -0.7743 0.3710
vn 0.5272 -0.7748 0.3489
vn 0.5529 -0.8042 0.2182
vn 0.5581 -0.8045 0.2032
vn 0.5768 -0.8168 0.0080
vn 0.5715 -0.8206 0.0019
vn 0.5636 -0.8025 -0.1956
vn 0.5617 -0.8074 -0.1807
vn 0.5248 -0.7857 -0.3276
vn 0.5349 -0.7910 -0.2971
vn 0.5128 -0.7872 -0.3424
vn 0.4897 -0.7608 -0.4259
vn 0.4834 -0.7749 -0.4073
vn 0.4542 -0.7766 -0.4366
vn 0.3902 -0.7248 -0.5678
vn 0.4376 -0.7351 -0.5178
vn 0.3043 -0.6012 -0.7389
vn 0.3364 -0.6288 -0.7010
vn 0.2525 -0.4935 -0.8323
vn 0.2768 -0.4926 -0.8250
vn 0.2335 -0.4410 -0.8666
vn 0.2761 -0.4479 -0.8504
vn 0.1994 -0.3372 -0.9201
vn 0.2671 -0.3670 -0.8910
vn 0.1882 -0.3067 -0.9330
vn 0.1513 -0.1683 -0.9740
vn 0.1608 -0.1719 -0.9719
vn 0.1389 -0.1638 -0.9767
vn 0.1028 -0.0153 -0.9946
vn 0.1206 -0.0158 -0.9926
vn 0.0843 -0.0055 -0.9964
vn 0.0670 0.1605 -0.9848
vn 0.0953 0.1759 -0.9798
vn 0.0780 0.4070 -0.9101
vn 0.1131 0.4491 -0.8863
vn 0.1246 0.2224 -0.9670
vn 0.1066 0.6460 -0.7558
vn 0.1419 0.6901 -0.7096
vn 0.1581 0.5103 -0.8453
vn 0.1312 0.8043 -0.5795
vn 0.1188 0.8163 -0.5653
vn 0.1505 0.7261 -0.6709
vn 0.0942 0.8679 -0.4878
vn 0.0397 0.8646 -0.5009
vn 0.0706 0.8121 -0.5793
vn 0.0277 0.9058 -0.4229
vn -0.0532 0.9109 -0.4092
vn -0.0346 0.8577 -0.5130
vn -0.0587 0.9577 -0.2818
vn -0.1085 0.9586 -0.2632
vn -0.0920 0.9195 -0.3822
vn -0.0643 0.9867 -0.1495
vn -0.1202 0.9807 -0.1541
vn -0.0711 0.9972 -0.0249
vn -0.1204 0.9925 -0.0207
vn -0.0560 0.9915 0.1173
vn -0.0935 0.9855 0.1414
vn -0.0205 0.9575 0.2877
vn -0.0531 0.9541 0.2948
vn 0.0080 0.9122 0.4097
vn -0.0196 0.9115 0.4108
vn 0.0344 0.8750 0.4828
vn 0.0139 0.8680 0.4963
vn 0.0763 0.8245 0.5606
vn 0.0600 0.8114 0.5814
vn 0.1356 0.7456 0.6525
vn 0.1300 0.7242 0.6773
vn 0.2061 0.6298 0.7489
vn 0.2125 0.6106 0.7629
vn 0.2748 0.4839 0.8309
vn 0.2885 0.4846 0.8258
vn 0.3368 0.3131 0.8880
vn 0.3595 0.3346 0.8711
vn 0.3874 0.1269 0.9131
vn 0.4210 0.1669 0.8916
vn 0.4312 -0.0877 0.8980
vn 0.4791 -0.0386 0.8769
vn 0.4690 -0.3087 0.8275
vn 0.5263 -0.2830 0.8018
vn 0.5021 -0.5040 0.7028
vn 0.5460 -0.5024 0.6704
vn 0.5183 -0.6608 0.5428
vn 0.5408 -0.6548 0.5280
vn 0.5143 -0.7480 0.4194
vn 0.5262 -0.7391 0.4204
vn 0.5126 -0.7765 0.3663
vn 0.5213 -0.7782 0.3502
vn 0.5234 -0.7875 0.3255
vn 0.5372 -0.7929 0.2876
vn 0.5440 -0.8164 0.1940
vn 0.5637 -0.8082 0.1703
vn 0.5541 -0.8324 -0.0021
vn 0.5749 -0.8182 -0.0019
vn 0.5512 -0.8163 -0.1727
vn 0.5673 -0.8074 -0.1624
vn 0.5404 -0.7953 -0.2747
vn 0.5526 -0.7951 -0.2499
vn 0.5307 -0.7789 -0.3342
vn 0.5398 -0.7868 -0.2992
vn 0.5079 -0.7784 -0.3689
vn 0.4850 -0.7515 -0.4473
vn 0.5259 -0.7411 -0.4175
vn 0.4500 -0.7543 -0.4780
vn 0.4078 -0.6585 -0.6325
vn 0.4676 -0.6817 -0.5627
vn 0.3457 -0.5044 -0.7912
vn 0.4330 -0.5525 -0.7122
vn 0.3228 -0.4337 -0.8412
vn 0.3939 -0.4394 -0.8073
vn 0.3255 -0.3550 -0.8764
vn 0.3709 -0.3148 -0.8737
vn 0.3132 -0.1484 -0.9380
vn 0.3486 -0.1042 -0.9315
vn 0.2359 -0.1652 -0.9576
vn 0.1996 0.0734 -0.9771
vn 0.2737 0.1265 -0.9535
vn 0.1368 0.0128 -0.9905
vn 0.1769 0.2984 -0.9379
vn 0.2290 0.3693 -0.9006
vn 0.1879 0.5745 -0.7967
vn 0.1711 0.6061 -0.7768
vn 0.2367 0.4108 -0.8805
vn 0.1149 0.7329 -0.6706
vn 0.0677 0.7089 -0.7021
vn 0.1460 0.5896 -0.7944
vn 0.0055 0.7950 -0.6066
vn -0.0111 0.7856 -0.6186
vn 0.0774 0.6729 -0.7357
vn -0.0638 0.8632 -0.5008
vn -0.0248 0.8858 -0.4634
vn 0.0533 0.7962 -0.6027
vn -0.0668 0.9336 -0.3521
vn -0.0281 0.9428 -0.3321
vn 0.0312 0.8981 -0.4386
vn -0.0993 0.9635 -0.2486
vn -0.0641 0.9687 -0.2400
vn -0.1193 0.9815 -0.1499
vn -0.0866 0.9865 -0.1392
vn -0.1206 0.9927 -0.0085
vn -0.0955 0.9954 -0.0018
vn -0.1001 0.9825 0.1571
vn -0.0888 0.9846 0.1508
vn -0.0723 0.9538 0.2916
vn -0.0715 0.9597 0.2718
vn -0.0470 0.9145 0.4018
vn -0.0479 0.9284 0.3686
vn -0.0154 0.8668 0.4984
vn -0.0028 0.8824 0.4706
vn 0.0444 0.7995 0.5990
vn 0.0894 0.8003 0.5929
vn 0.1360 0.7005 0.7006
vn 0.2030 0.6836 0.7011
vn 0.2326 0.5825 0.7789
vn 0.2997 0.5600 0.7724
vn 0.3198 0.4604 0.8281
vn 0.3855 0.4259 0.8186
vn 0.4015 0.3210 0.8578
vn 0.4652 0.2777 0.8405
vn 0.4757 0.1585 0.8652
vn 0.5388 0.1131 0.8348
vn 0.5448 -0.0430 0.8375
vn 0.5974 -0.0725 0.7987
vn 0.5918 -0.2704 0.7594
vn 0.6319 -0.2703 0.7264
vn 0.6016 -0.4755 0.6418
vn 0.6446 -0.4564 0.6133
vn 0.5869 -0.6238 0.5162
vn 0.6424 -0.5935 0.4848
vn 0.5717 -0.7108 0.4097
vn 0.6365 -0.6769 0.3698
vn 0.5652 -0.7607 0.3193
vn 0.6320 -0.7232 0.2786
vn 0.5710 -0.7858 0.2375
vn 0.6270 -0.7524 0.2019
vn 0.5821 -0.8014 0.1377
vn 0.5861 -0.8102 0.0046
vn 0.5783 -0.8044 -0.1360
vn 0.5662 -0.7945 -0.2194
vn 0.6178 -0.7655 -0.1796
vn 0.5598 -0.7866 -0.2606
vn 0.6146 -0.7580 -0.2186
vn 0.5609 -0.7563 -0.3367
vn 0.6138 -0.7404 -0.2741
vn 0.5332 -0.7537 -0.3842
vn 0.5291 -0.6995 -0.4803
vn 0.5668 -0.7006 -0.4335
vn 0.5240 -0.6794 -0.5137
vn 0.5105 -0.5997 -0.6162
vn 0.5265 -0.6326 -0.5680
vn 0.4813 -0.4722 -0.7385
vn 0.5290 -0.4905 -0.6925
vn 0.4472 -0.2754 -0.8510
vn 0.5153 -0.2499 -0.8198
vn 0.4079 -0.0602 -0.9110
vn 0.4811 -0.0465 -0.8754
vn 0.3436 0.1630 -0.9248
vn 0.4276 0.1177 -0.8963
vn 0.3013 0.1613 -0.9398
vn 0.2454 0.4020 -0.8822
vn 0.3248 0.3295 -0.8865
vn 0.1946 0.5256 -0.8282
vn 0.3281 0.4505 -0.8303
vn 0.4391 0.2480 -0.8635
vn 0.1864 0.6429 -0.7429
vn 0.3410 0.5825 -0.7378
vn 0.4600 0.3961 -0.7947
vn 0.1695 0.7802 -0.6021
vn 0.2560 0.7036 -0.6629
vn 0.3984 0.4980 -0.7702
vn 0.0833 0.8748 -0.4773
vn 0.1316 0.8270 -0.5465
vn 0.2595 0.6284 -0.7334
vn -0.0116 0.9406 -0.3394
vn 0.0257 0.9312 -0.3637
vn -0.0511 0.9695 -0.2397
vn -0.0241 0.9717 -0.2350
vn -0.0726 0.9888 -0.1304
vn -0.0440 0.9929 -0.1106
vn -0.0801 0.9968 0.0018
vn -0.0431 0.9989 0.0196
vn -0.0684 0.9881 0.1380
vn -0.0273 0.9890 0.1456
vn -0.0414 0.9671 0.2508
vn -0.0012 0.9686 0.2488
vn -0.0034 0.9402 0.3406
vn 0.0383 0.9371 0.3470
vn 0.0611 0.8943 0.4433
vn 0.0954 0.8857 0.4544
vn 0.1628 0.8020 0.5747
vn 0.1680 0.7989 0.5775
vn 0.2650 0.6741 0.6895
vn 0.2452 0.6759 0.6950
vn 0.3427 0.5476 0.7634
vn 0.3066 0.5532 0.7746
vn 0.4095 0.4083 0.8158
vn 0.3600 0.4219 0.8321
vn 0.4736 0.2443 0.8462
vn 0.4138 0.2633 0.8714
vn 0.5324 0.0669 0.8439
vn 0.4646 0.0804 0.8819
vn 0.5787 -0.1054 0.8087
vn 0.5215 -0.1203 0.8448
vn 0.6179 -0.2891 0.7312
vn 0.5877 -0.3303 0.7386
vn 0.6433 -0.4732 0.6019
vn 0.6342 -0.5092 0.5818
vn 0.6482 -0.6072 0.4595
vn 0.6474 -0.6286 0.4309
vn 0.6429 -0.6895 0.3336
vn 0.6413 -0.7083 0.2949
vn 0.6399 -0.7302 0.2396
vn 0.6285 -0.7566 0.1805
vn 0.6417 -0.7502 0.1596
vn 0.6188 -0.7812 0.0829
vn 0.6280 -0.7781 0.0131
vn 0.6706 -0.7345 0.1038
vn 0.6119 -0.7888 -0.0576
vn 0.6058 -0.7873 -0.1149
vn 0.6454 -0.7630 -0.0351
vn 0.6378 -0.7599 -0.1253
vn 0.6291 -0.7576 -0.1741
vn 0.6228 -0.7525 -0.2143
vn 0.6046 -0.7790 -0.1658
vn 0.6166 -0.7343 -0.2839
vn 0.6087 -0.7640 -0.2140
vn 0.6159 -0.6953 -0.3704
vn 0.6214 -0.6108 -0.4907
vn 0.6100 -0.6759 -0.4135
vn 0.5801 -0.6184 -0.5302
vn 0.5972 -0.4730 -0.6479
vn 0.6282 -0.4650 -0.6238
vn 0.5883 -0.2527 -0.7681
vn 0.6226 -0.2644 -0.7366
vn 0.5501 -0.0665 -0.8324
vn 0.6009 -0.0796 -0.7954
vn 0.5079 0.0710 -0.8585
vn 0.5750 0.0681 -0.8153
vn 0.5336 0.2203 -0.8166
vn 0.5204 0.2168 -0.8260
vn 0.5310 0.1058 -0.8407
vn 0.4768 0.3475 -0.8074
vn 0.3945 0.3170 -0.8625
vn 0.4207 0.2235 -0.8792
vn 0.3445 0.4473 -0.8254
vn 0.3040 0.4580 -0.8353
vn 0.2359 0.6404 -0.7310
vn 0.3155 0.7055 -0.6346
vn 0.3708 0.5179 -0.7709
vn 0.1642 0.8220 -0.5453
vn 0.2422 0.8532 -0.4620
vn 0.1038 0.9291 -0.3550
vn 0.1827 0.9334 -0.3088
vn 0.0621 0.9764 -0.2068
vn 0.1377 0.9752 -0.1730
vn 0.0375 0.9960 -0.0811
vn 0.0291 0.9989 0.0360
vn 0.0312 0.9879 0.1516
vn 0.0420 0.9683 0.2461
vn 0.1062 0.9694 0.2213
vn 0.0629 0.9337 0.3525
vn 0.1199 0.9406 0.3176
vn 0.0937 0.8808 0.4642
vn 0.1409 0.8887 0.4363
vn 0.1351 0.8090 0.5721
vn 0.1743 0.8162 0.5508
vn 0.2937 0.7713 0.5646
vn 0.2560 0.8750 0.4109
vn 0.3961 0.6903 0.6055
vn 0.3782 0.8248 0.4204
vn 0.3885 0.5546 0.7359
vn 0.3774 0.4549 0.8066
vn 0.5274 0.4283 0.7338
vn 0.5529 0.5660 0.6115
vn 0.4775 0.3316 0.8137
vn 0.3748 0.3469 0.8598
vn 0.4305 0.1905 0.8822
vn 0.6724 0.0771 0.7361
vn 0.7695 0.1642 0.6172
vn 0.5412 -0.0550 0.8391
vn 0.6592 -0.3334 0.6740
vn 0.8109 -0.2460 0.5310
vn 0.7130 -0.5088 0.4824
vn 0.8255 -0.4480 0.3433
vn 0.7244 -0.6005 0.3387
vn 0.8051 -0.5441 0.2362
vn 0.7075 -0.6731 0.2151
vn 0.7684 -0.6239 0.1423
vn 0.7096 -0.7029 0.0485
vn 0.7568 -0.6534 -0.0161
vn 0.8243 -0.5619 0.0686
vn 0.6729 -0.7338 -0.0935
vn 0.7034 -0.6952 -0.1482
vn 0.8048 -0.5875 -0.0844
vn 0.7379 -0.6333 -0.2334
vn 0.8372 -0.5267 -0.1475
vn 0.6222 -0.7139 -0.3212
vn 0.6278 -0.5570 -0.5436
vn 0.7621 -0.4755 -0.4393
vn 0.5941 -0.5282 -0.6066
vn 0.5561 -0.2685 -0.7865
vn 0.5540 -0.2274 -0.8008
vn 0.5276 -0.0297 -0.8490
vn 0.4443 0.0674 -0.8934
vn 0.4233 0.1635 -0.8911
vn 0.5088 0.1081 -0.8541
vn 0.6798 -0.1632 -0.7150
vn 0.6018 0.1064 -0.7915
vn 0.7869 -0.1423 -0.6005
vn 0.6942 0.2112 -0.6881
vn 0.8792 -0.0483 -0.4740
vn 0.7294 0.4306 -0.5315
vn 0.9291 0.1721 -0.3274
vn 0.5064 0.5435 -0.6695
vn 0.4647 0.7187 -0.5173
vn 0.6784 0.6267 -0.3835
vn 0.3860 0.8406 -0.3800
vn 0.5852 0.7634 -0.2736
vn 0.2916 0.9203 -0.2610
vn 0.4643 0.8729 -0.1499
vn 0.2037 0.9703 -0.1309
vn 0.3224 0.9464 -0.0175
vn 0.2818 0.9425 0.1798
vn 0.4165 0.9028 0.1069
vn 0.5969 0.8016 -0.0333
vn 0.4737 0.8489 0.2344
vn 0.7134 0.6919 0.1109
vn 0.7712 0.6158 -0.1615
vn 0.9217 0.3867 -0.0299
vn 0.8084 0.4921 0.3230
vn 0.9812 0.1139 0.1560
vn 0.9922 0.1046 -0.0684
vn 0.8868 0.4037 -0.2251
vn 0.9871 -0.1442 0.0697
vn 0.9523 -0.0609 0.2989
vn 0.9506 -0.2688 0.1550
vn 0.9504 -0.3107 0.0119
vn 0.9859 -0.1226 -0.1139
vn 0.9175 -0.3920 0.0676
vn 0.9036 -0.3560 0.2381
vn 0.8696 -0.4709 0.1487
vn 0.8708 -0.4915 -0.0147
vn 0.8944 -0.4416 -0.0713
vn 0.9255 -0.3169 -0.2072
vn 0.8591 -0.4023 -0.3164
vn 0.9041 -0.1479 0.4009
vn 0.8152 0.2851 0.5042
vn 0.5356 0.7336 0.4183
vn 0.3301 0.9034 0.2739
vn 0.2185 0.9338 0.2832
vn 0.1877 0.9621 0.1977
vn -0.4922 -0.7376 -0.4622
vn -0.4034 -0.6571 -0.6368
vn -0.4165 -0.6220 -0.6631
vn -0.3314 -0.5634 -0.7568
vn -0.3471 -0.5544 -0.7565
vn -0.2731 -0.4993 -0.8222
vn -0.2825 -0.4824 -0.8291
vn -0.1867 -0.4097 -0.8929
vn -0.1928 -0.4136 -0.8898
vn -0.1113 -0.3565 -0.9276
vn -0.1135 -0.3549 -0.9280
vn -0.0195 -0.2819 -0.9593
vn -0.0148 -0.2684 -0.9632
vn 0.0936 -0.1831 -0.9786
vn 0.0959 -0.1742 -0.9800
vn 0.1833 -0.1084 -0.9771
vn 0.1875 -0.1086 -0.9762
vn 0.2859 -0.0301 -0.9578
vn 0.2910 -0.0305 -0.9562
vn 0.3830 0.0331 -0.9232
vn 0.3760 0.0239 -0.9263
vn 0.5022 0.1193 -0.8565
vn 0.4830 0.0993 -0.8700
vn 0.6400 0.2268 -0.7341
vn 0.6251 0.2002 -0.7545
vn 0.7660 0.3486 -0.5401
vn 0.7716 0.3308 -0.5434
vn 0.8375 0.4425 -0.3206
vn 0.8414 0.4535 -0.2940
vn 0.8469 0.5131 -0.1397
vn 0.8409 0.5253 -0.1307
vn 0.8513 0.5180 -0.0837
vn 0.8566 0.5062 -0.0999
vn 0.8652 0.5009 -0.0228
vn 0.8991 0.4374 -0.0190
vn 0.9008 0.4205 0.1087
vn 0.9672 0.2262 0.1159
vn 0.9545 0.1962 0.2247
vn 0.9676 -0.0879 0.2367
vn 0.9042 -0.0526 0.4238
vt 0.283303 0.267819
vt 0.275605 0.246259
vt 0.286507 0.241124
vt 0.296821 0.258164
vt 0.262263 0.265369
vt 0.258349 0.248083
vt 0.275179 0.286654
vt 0.258235 0.280473
vt 0.298143 0.282869
vt 0.287627 0.297590
vt 0.307416 0.272233
vt 0.365547 0.399060
vt 0.361715 0.422352
vt 0.345896 0.425465
vt 0.346380 0.406644
vt 0.343000 0.389912
vt 0.357947 0.381086
vt 0.380467 0.382964
vt 0.391797 0.393369
vt 0.381998 0.407112
vt 0.376006 0.424728
vt 0.372319 0.370411
vt 0.275057 0.429963
vt 0.285954 0.416641
vt 0.291152 0.426463
vt 0.284033 0.436353
vt 0.272559 0.444447
vt 0.260463 0.447083
vt 0.257252 0.435302
vt 0.279854 0.445420
vt 0.354127 0.717581
vt 0.351527 0.709885
vt 0.357447 0.709209
vt 0.358298 0.718814
vt 0.356795 0.724120
vt 0.351981 0.720794
vt 0.346389 0.711662
vt 0.207343 0.024049
vt 0.204800 0.023901
vt 0.204225 0.020462
vt 0.207560 0.021548
vt 0.212900 0.026081
vt 0.210923 0.028081
vt 0.208759 0.029708
vt 0.519157 0.024143
vt 0.525095 0.022644
vt 0.525607 0.025387
vt 0.517577 0.026101
vt 0.514776 0.024652
vt 0.517028 0.022838
vt 0.524073 0.019752
vt 0.212025 0.004997
vt 0.210450 0.006716
vt 0.208081 0.005064
vt 0.210742 0.003346
vt 0.215447 0.002032
vt 0.215498 0.004678
vt 0.214826 0.007381
vt 0.820425 0.581245
vt 0.821599 0.586443
vt 0.818091 0.586840
vt 0.817964 0.580034
vt 0.822187 0.579576
vt 0.824885 0.585965
vt 0.649552 0.012434
vt 0.650779 0.010092
vt 0.653333 0.012088
vt 0.651202 0.014429
vt 0.679007 0.009658
vt 0.677516 0.011813
vt 0.674650 0.009748
vt 0.677177 0.007615
vt 0.827964 0.446184
vt 0.830350 0.445643
vt 0.829324 0.452146
vt 0.826414 0.451075
vt 0.823404 0.449917
vt 0.826410 0.444133
vt 0.039013 0.420300
vt 0.040194 0.426200
vt 0.030583 0.428263
vt 0.033014 0.418736
vt 0.040977 0.406183
vt 0.047176 0.411562
vt 0.052173 0.417606
vt 0.624567 0.529391
vt 0.625735 0.528346
vt 0.626055 0.532317
vt 0.623973 0.532223
vt 0.621779 0.531535
vt 0.623417 0.528248
vt 0.624437 0.526804
vt 0.039187 0.507439
vt 0.043071 0.511364
vt 0.039950 0.513505
vt 0.036321 0.507368
vt 0.036390 0.503471
vt 0.040323 0.504600
vt 0.811078 0.979787
vt 0.812342 0.982844
vt 0.806206 0.984720
vt 0.806119 0.980294
vt 0.924911 0.028633
vt 0.925368 0.023797
vt 0.931601 0.024910
vt 0.928978 0.030955
vt 0.917925 0.030281
vt 0.916146 0.024326
vt 0.921172 0.035693
vt 0.891133 0.253796
vt 0.900997 0.248835
vt 0.908952 0.254956
vt 0.903985 0.263811
vt 0.700250 0.053065
vt 0.690485 0.068068
vt 0.678618 0.061085
vt 0.685226 0.050295
vt 0.687333 0.042830
vt 0.698099 0.042884
vt 0.713148 0.065519
vt 0.702557 0.078882
vt 0.715655 0.045368
vt 0.725593 0.055729
vt 0.992759 0.304814
vt 0.976506 0.295838
vt 0.978587 0.278140
vt 0.993039 0.282102
vt 0.983543 0.322245
vt 0.970496 0.312291
vt 0.694687 0.219508
vt 0.708956 0.205803
vt 0.720612 0.214812
vt 0.711437 0.227842
vt 0.691489 0.240353
vt 0.675222 0.240203
vt 0.674886 0.223561
vt 0.705991 0.242790
vt 0.496499 0.826795
vt 0.480989 0.818972
vt 0.489050 0.801309
vt 0.502243 0.804679
vt 0.520592 0.804148
vt 0.518565 0.821008
vt 0.523688 0.837667
vt 0.506385 0.846310
vt 0.493389 0.859673
vt 0.482544 0.844554
vt 0.471662 0.834979
vt 0.460614 0.827334
vt 0.469202 0.812445
vt 0.472215 0.860489
vt 0.461998 0.850085
vt 0.451214 0.841987
vt 0.440069 0.834406
vt 0.448695 0.819766
vt 0.452938 0.864213
vt 0.442042 0.856078
vt 0.431483 0.849018
vt 0.687463 0.027490
vt 0.686687 0.015156
vt 0.702513 0.015196
vt 0.702847 0.027497
vt 0.457237 0.805239
vt 0.466552 0.789441
vt 0.477877 0.795945
vt 0.486657 0.778401
vt 0.497229 0.783219
vt 0.476388 0.772776
vt 0.486312 0.755976
vt 0.495346 0.760726
vt 0.496066 0.739487
vt 0.505421 0.723696
vt 0.514702 0.728894
vt 0.504780 0.744163
vt 0.525180 0.733894
vt 0.514863 0.748889
vt 0.505603 0.765453
vt 0.526457 0.753014
vt 0.517379 0.769055
vt 0.509327 0.786197
vt 0.530117 0.771365
vt 0.524175 0.787739
vt 0.542304 0.772660
vt 0.538104 0.787413
vt 0.536001 0.802614
vt 0.549132 0.786763
vt 0.548282 0.800621
vt 0.549162 0.814089
vt 0.536216 0.817486
vt 0.551511 0.826799
vt 0.539234 0.831808
vt 0.079141 0.817084
vt 0.066383 0.809453
vt 0.069710 0.798627
vt 0.083922 0.804843
vt 0.544545 0.845130
vt 0.530126 0.852494
vt 0.551614 0.856584
vt 0.538831 0.865482
vt 0.526920 0.875621
vt 0.516000 0.862104
vt 0.516323 0.887436
vt 0.504770 0.874275
vt 0.507927 0.899911
vt 0.495352 0.887621
vt 0.483563 0.873843
vt 0.488529 0.899295
vt 0.475978 0.886319
vt 0.464197 0.874100
vt 0.470264 0.896818
vt 0.458108 0.885910
vt 0.445910 0.876639
vt 0.701729 0.001579
vt 0.686908 0.001932
vt 0.832164 0.027791
vt 0.820417 0.036549
vt 0.810971 0.025571
vt 0.823286 0.016198
vt 0.945285 0.375592
vt 0.954941 0.363974
vt 0.964794 0.374446
vt 0.954732 0.386017
vt 0.718288 0.014400
vt 0.718279 0.027491
vt 0.964521 0.351013
vt 0.975146 0.361543
vt 0.984996 0.371979
vt 0.974476 0.383132
vt 0.642084 0.255607
vt 0.641582 0.241719
vt 0.658353 0.240805
vt 0.658228 0.256666
vt 0.674073 0.257809
vt 0.689907 0.258766
vt 0.704844 0.259319
vt 0.721080 0.245794
vt 0.720209 0.259694
vt 0.514157 0.708986
vt 0.522390 0.695115
vt 0.533282 0.701400
vt 0.524404 0.714773
vt 0.544231 0.707073
vt 0.535153 0.720131
vt 0.553890 0.711628
vt 0.545508 0.724672
vt 0.536183 0.738268
vt 0.554554 0.728416
vt 0.546290 0.741823
vt 0.537894 0.755974
vt 0.555400 0.744752
vt 0.548439 0.758384
vt 0.563048 0.746757
vt 0.557009 0.759891
vt 0.552147 0.773221
vt 0.859421 0.717527
vt 0.858145 0.703394
vt 0.867591 0.701527
vt 0.869563 0.714666
vt 0.871879 0.727289
vt 0.861143 0.731307
vt 0.881734 0.711080
vt 0.884922 0.722789
vt 0.887721 0.733807
vt 0.874414 0.739250
vt 0.863405 0.744737
vt 0.890571 0.744093
vt 0.877302 0.750494
vt 0.866001 0.757275
vt 0.893706 0.753820
vt 0.880651 0.760759
vt 0.048892 0.812947
vt 0.052197 0.803674
vt 0.062402 0.819134
vt 0.037357 0.799227
vt 0.039949 0.789350
vt 0.055081 0.793497
vt 0.041953 0.778693
vt 0.057520 0.782575
vt 0.072632 0.787149
vt 0.059420 0.771274
vt 0.074940 0.775229
vt 0.090205 0.779403
vt 0.087512 0.792347
vt 0.076598 0.763084
vt 0.091688 0.766369
vt 0.560468 0.866489
vt 0.570554 0.874881
vt 0.560647 0.884994
vt 0.549357 0.876146
vt 0.550616 0.896335
vt 0.538485 0.886984
vt 0.541299 0.908416
vt 0.528567 0.898835
vt 0.534466 0.919599
vt 0.521089 0.910569
vt 0.529673 0.929238
vt 0.515912 0.920898
vt 0.502168 0.910889
vt 0.785985 0.072189
vt 0.772504 0.081645
vt 0.765428 0.074110
vt 0.779168 0.064462
vt 0.793787 0.054777
vt 0.800345 0.063041
vt 0.483958 0.908691
vt 0.770873 0.056402
vt 0.785343 0.046215
vt 0.798756 0.035645
vt 0.808065 0.045364
vt 0.776288 0.036149
vt 0.789539 0.024985
vt 0.932283 0.341484
vt 0.940734 0.330109
vt 0.952755 0.341039
vt 0.943575 0.353223
vt 0.801152 0.014051
vt 0.778321 0.013565
vt 0.790150 0.002209
vt 0.962032 0.327566
vt 0.974162 0.336987
vt 0.657780 0.225664
vt 0.641285 0.227077
vt 0.994526 0.336049
vt 0.984556 0.348951
vt 0.948619 0.318081
vt 0.955775 0.303699
vt 0.935241 0.307004
vt 0.941186 0.293968
vt 0.945891 0.279594
vt 0.960725 0.288053
vt 0.947908 0.265516
vt 0.962967 0.272377
vt 0.963327 0.256452
vt 0.978739 0.261132
vt 0.948273 0.250689
vt 0.948475 0.236776
vt 0.963054 0.241676
vt 0.933877 0.258251
vt 0.935855 0.245287
vt 0.936804 0.232416
vt 0.937141 0.220031
vt 0.948388 0.223171
vt 0.926424 0.241185
vt 0.928318 0.229353
vt 0.179820 0.006003
vt 0.187779 0.001893
vt 0.196236 0.010350
vt 0.189182 0.014763
vt 0.929219 0.217505
vt 0.930346 0.204794
vt 0.938107 0.206907
vt 0.920484 0.227230
vt 0.921498 0.215912
vt 0.922812 0.203757
vt 0.924718 0.191106
vt 0.932095 0.191591
vt 0.784174 0.698057
vt 0.781741 0.710124
vt 0.775772 0.710072
vt 0.777819 0.697993
vt 0.779643 0.684987
vt 0.786392 0.684932
vt 0.781408 0.671385
vt 0.788346 0.671387
vt 0.769458 0.696646
vt 0.771425 0.684089
vt 0.773377 0.670742
vt 0.775658 0.656976
vt 0.783548 0.657565
vt 0.761726 0.682352
vt 0.764283 0.669696
vt 0.766941 0.655941
vt 0.769869 0.642008
vt 0.778235 0.643242
vt 0.751031 0.666521
vt 0.754192 0.653115
vt 0.758027 0.639293
vt 0.762340 0.625680
vt 0.773194 0.628284
vt 0.739457 0.647867
vt 0.744390 0.634389
vt 0.750051 0.621211
vt 0.756051 0.607893
vt 0.767067 0.612028
vt 0.733204 0.629616
vt 0.739764 0.616509
vt 0.747080 0.603587
vt 0.754721 0.590294
vt 0.762593 0.594291
vt 0.732192 0.612288
vt 0.740041 0.599275
vt 0.747756 0.586061
vt 0.754954 0.572651
vt 0.761730 0.576828
vt 0.733677 0.594736
vt 0.741526 0.581675
vt 0.748845 0.568516
vt 0.756169 0.555527
vt 0.761979 0.559313
vt 0.736289 0.577577
vt 0.743701 0.564623
vt 0.751323 0.551876
vt 0.759477 0.539358
vt 0.763914 0.542763
vt 0.739506 0.560900
vt 0.747477 0.548345
vt 0.756159 0.536068
vt 0.764505 0.523993
vt 0.767331 0.527021
vt 0.314204 0.632586
vt 0.311970 0.617204
vt 0.316973 0.616588
vt 0.318905 0.631996
vt 0.321028 0.646971
vt 0.316268 0.647652
vt 0.322817 0.661197
vt 0.318093 0.661828
vt 0.325083 0.631315
vt 0.326923 0.646180
vt 0.328235 0.660475
vt 0.329900 0.674508
vt 0.324796 0.675299
vt 0.333671 0.645367
vt 0.334348 0.659713
vt 0.335432 0.673748
vt 0.338171 0.687751
vt 0.332870 0.688710
vt 0.341928 0.658924
vt 0.342658 0.673050
vt 0.344655 0.686816
vt 0.348042 0.699252
vt 0.342236 0.700567
vt 0.352440 0.672414
vt 0.353163 0.686001
vt 0.355035 0.698171
vt 0.361825 0.685549
vt 0.362365 0.697741
vt 0.363323 0.708880
vt 0.362940 0.718606
vt 0.368894 0.697945
vt 0.368831 0.709127
vt 0.367674 0.719078
vt 0.365536 0.726598
vt 0.361281 0.725131
vt 0.373917 0.709720
vt 0.372195 0.719923
vt 0.369651 0.727988
vt 0.367097 0.733493
vt 0.363244 0.731647
vt 0.376400 0.720929
vt 0.373459 0.729533
vt 0.370391 0.735338
vt 0.367980 0.739092
vt 0.364920 0.737420
vt 0.376672 0.730803
vt 0.373251 0.736892
vt 0.656492 0.022152
vt 0.653929 0.019932
vt 0.656929 0.017106
vt 0.659357 0.019518
vt 0.659027 0.014515
vt 0.661453 0.017004
vt 0.652161 0.017081
vt 0.654934 0.014470
vt 0.656691 0.012025
vt 0.654430 0.009776
vt 0.655527 0.007212
vt 0.658190 0.009604
vt 0.660649 0.012093
vt 0.662310 0.009589
vt 0.664796 0.012114
vt 0.663180 0.014568
vt 0.659806 0.007069
vt 0.656960 0.004619
vt 0.658895 0.002202
vt 0.661721 0.004600
vt 0.664200 0.007076
vt 0.664117 0.002241
vt 0.666478 0.004627
vt 0.668594 0.007155
vt 0.666546 0.009629
vt 0.670722 0.009709
vt 0.669104 0.012143
vt 0.667578 0.014576
vt 0.672241 0.014624
vt 0.670944 0.017026
vt 0.669423 0.019265
vt 0.665975 0.016991
vt 0.667696 0.021358
vt 0.664220 0.019331
vt 0.363203 0.740098
vt 0.359445 0.738129
vt 0.361144 0.735265
vt 0.662144 0.021505
vt 0.354895 0.735422
vt 0.356906 0.732789
vt 0.359048 0.729560
vt 0.352073 0.729615
vt 0.354542 0.726980
vt 0.345612 0.723920
vt 0.348820 0.722197
vt 0.338895 0.714769
vt 0.342438 0.713252
vt 0.332942 0.703103
vt 0.337244 0.701874
vt 0.328105 0.689684
vt 0.328954 0.704278
vt 0.323822 0.690594
vt 0.320268 0.676144
vt 0.320226 0.691488
vt 0.316606 0.676885
vt 0.314431 0.662437
vt 0.773963 0.514832
vt 0.780343 0.502055
vt 0.783907 0.504695
vt 0.777800 0.517670
vt 0.771554 0.530122
vt 0.312725 0.648165
vt 0.782487 0.520451
vt 0.776431 0.533169
vt 0.769261 0.546194
vt 0.781741 0.536260
vt 0.775281 0.549775
vt 0.768524 0.563260
vt 0.781512 0.553094
vt 0.775454 0.566856
vt 0.769182 0.580598
vt 0.782681 0.569789
vt 0.777248 0.583889
vt 0.772031 0.598039
vt 0.784563 0.586162
vt 0.780290 0.600346
vt 0.776657 0.614465
vt 0.787402 0.601716
vt 0.784067 0.615619
vt 0.781099 0.629452
vt 0.791150 0.616381
vt 0.788422 0.630116
vt 0.785890 0.643896
vt 0.794918 0.630145
vt 0.792620 0.643835
vt 0.790421 0.657618
vt 0.928667 0.165171
vt 0.930752 0.152024
vt 0.937661 0.151788
vt 0.935700 0.164988
vt 0.933808 0.178345
vt 0.926652 0.178261
vt 0.943750 0.166027
vt 0.941704 0.179863
vt 0.939635 0.193547
vt 0.950692 0.181794
vt 0.949356 0.195920
vt 0.948555 0.209588
vt 0.962306 0.198474
vt 0.962434 0.212755
vt 0.962740 0.227032
vt 0.976694 0.215292
vt 0.977585 0.230044
vt 0.978340 0.245174
vt 0.991414 0.231703
vt 0.992554 0.247230
vt 0.992997 0.263671
vt 0.721069 0.194364
vt 0.731474 0.183870
vt 0.742017 0.193408
vt 0.732052 0.203873
vt 0.752163 0.200984
vt 0.742836 0.211838
vt 0.732002 0.222783
vt 0.751157 0.218559
vt 0.742794 0.228545
vt 0.737879 0.238322
vt 0.724060 0.234426
vt 0.986657 0.002172
vt 0.997557 0.012899
vt 0.989742 0.024347
vt 0.977531 0.011298
vt 0.735531 0.248438
vt 0.751343 0.240667
vt 0.749492 0.249973
vt 0.748748 0.260049
vt 0.734378 0.260051
vt 0.763561 0.251247
vt 0.763015 0.259790
vt 0.530318 0.681751
vt 0.537980 0.668824
vt 0.549639 0.675576
vt 0.541693 0.688407
vt 0.560395 0.681356
vt 0.552538 0.694240
vt 0.568725 0.685509
vt 0.561484 0.698604
vt 0.576252 0.689029
vt 0.569389 0.702213
vt 0.562266 0.715372
vt 0.576497 0.705130
vt 0.569780 0.718361
vt 0.562757 0.731605
vt 0.576099 0.720469
vt 0.569499 0.733701
vt 0.856246 0.674742
vt 0.855174 0.660185
vt 0.863140 0.659617
vt 0.864589 0.673824
vt 0.865940 0.687861
vt 0.857067 0.689095
vt 0.874753 0.672313
vt 0.876753 0.685824
vt 0.878889 0.698799
vt 0.889768 0.682798
vt 0.892923 0.695094
vt 0.896222 0.706862
vt 0.908242 0.690952
vt 0.911679 0.702567
vt 0.914879 0.713515
vt 0.899380 0.718037
vt 0.917831 0.723686
vt 0.902293 0.728424
vt 0.920574 0.733263
vt 0.905111 0.738183
vt 0.923132 0.742368
vt 0.908157 0.747640
vt 0.021997 0.795809
vt 0.006877 0.793270
vt 0.009396 0.784179
vt 0.024516 0.786373
vt 0.010859 0.773847
vt 0.026243 0.775833
vt 0.012193 0.763099
vt 0.027701 0.764982
vt 0.043547 0.767810
vt 0.028744 0.753940
vt 0.044791 0.756607
vt 0.060858 0.759703
vt 0.045736 0.745063
vt 0.061911 0.747848
vt 0.077619 0.750728
vt 0.062619 0.735724
vt 0.078187 0.738193
vt 0.092535 0.740226
vt 0.092392 0.753291
vt 0.105484 0.741441
vt 0.105600 0.755024
vt 0.581445 0.882261
vt 0.572552 0.892388
vt 0.584868 0.898735
vt 0.576568 0.910076
vt 0.563341 0.903862
vt 0.568896 0.922251
vt 0.554597 0.915983
vt 0.563283 0.932757
vt 0.548356 0.926667
vt 0.558968 0.942030
vt 0.543997 0.936083
vt 0.748525 0.102142
vt 0.737587 0.113912
vt 0.731159 0.106594
vt 0.741981 0.094713
vt 0.753363 0.083716
vt 0.760043 0.091390
vt 0.734196 0.086939
vt 0.744858 0.075879
vt 0.756557 0.066182
vt 0.735331 0.066108
vt 0.747531 0.056235
vt 0.762063 0.046727
vt 0.738992 0.046553
vt 0.753005 0.036854
vt 0.766212 0.025737
vt 0.729473 0.038626
vt 0.742514 0.028940
vt 0.921981 0.295758
vt 0.927501 0.283689
vt 0.915035 0.273367
vt 0.918891 0.262016
vt 0.931411 0.270769
vt 0.922541 0.251689
vt 0.913914 0.246952
vt 0.918199 0.237915
vt 0.906610 0.243543
vt 0.911160 0.236055
vt 0.913870 0.226971
vt 0.915217 0.216296
vt 0.773663 0.720810
vt 0.770452 0.729884
vt 0.761523 0.725518
vt 0.765089 0.717759
vt 0.768315 0.708530
vt 0.753366 0.711970
vt 0.756377 0.703719
vt 0.759215 0.693875
vt 0.741607 0.696724
vt 0.745076 0.688931
vt 0.747923 0.678555
vt 0.728155 0.682123
vt 0.731129 0.672460
vt 0.734816 0.661093
vt 0.715696 0.667269
vt 0.721124 0.655682
vt 0.727083 0.643017
vt 0.710751 0.650990
vt 0.717595 0.638599
vt 0.724651 0.625357
vt 0.709670 0.633483
vt 0.717518 0.620628
vt 0.725534 0.607585
vt 0.711731 0.615513
vt 0.720075 0.602977
vt 0.728405 0.590315
vt 0.715759 0.598170
vt 0.724085 0.585953
vt 0.731911 0.573550
vt 0.308292 0.586622
vt 0.306492 0.571466
vt 0.312670 0.570760
vt 0.314154 0.585811
vt 0.315617 0.601076
vt 0.310168 0.601824
vt 0.321341 0.585029
vt 0.322522 0.600326
vt 0.323602 0.616010
vt 0.330581 0.599573
vt 0.331509 0.615248
vt 0.332698 0.630470
vt 0.340431 0.614205
vt 0.341069 0.629480
vt 0.341487 0.644518
vt 0.350971 0.628353
vt 0.351712 0.643372
vt 0.352181 0.658052
vt 0.362887 0.642361
vt 0.362711 0.657273
vt 0.362096 0.671772
vt 0.370209 0.657192
vt 0.369179 0.671569
vt 0.368811 0.685499
vt 0.375470 0.671762
vt 0.374873 0.685612
vt 0.374677 0.698250
vt 0.380336 0.685727
vt 0.379788 0.698617
vt 0.378444 0.710371
vt 0.384142 0.698962
vt 0.382634 0.710987
vt 0.380203 0.721885
vt 0.385999 0.711514
vt 0.383107 0.722576
vt 0.379279 0.731805
vt 0.375378 0.737915
vt 0.827814 0.585501
vt 0.830417 0.595095
vt 0.826992 0.595911
vt 0.824657 0.579074
vt 0.832938 0.606245
vt 0.829259 0.607321
vt 0.825225 0.608239
vt 0.823371 0.596593
vt 0.821145 0.608747
vt 0.819668 0.597041
vt 0.817021 0.608958
vt 0.816024 0.597241
vt 0.815001 0.587152
vt 0.815373 0.580028
vt 0.812248 0.597261
vt 0.811751 0.587258
vt 0.812676 0.580125
vt 0.808763 0.587446
vt 0.809827 0.580258
vt 0.651900 0.004934
vt 0.653340 0.002311
vt 0.651075 0.007516
vt 0.951058 0.026483
vt 0.948147 0.033801
vt 0.945182 0.032504
vt 0.948158 0.025483
vt 0.950149 0.020543
vt 0.952802 0.021600
vt 0.942166 0.030837
vt 0.944930 0.024219
vt 0.946934 0.019307
vt 0.941342 0.022754
vt 0.943109 0.017986
vt 0.944575 0.014183
vt 0.948404 0.015559
vt 0.951499 0.016860
vt 0.938570 0.016431
vt 0.939746 0.012608
vt 0.940969 0.009339
vt 0.945890 0.011122
vt 0.949561 0.012541
vt 0.942229 0.006802
vt 0.947020 0.008656
vt 0.669311 0.002380
vt 0.671220 0.004796
vt 0.675045 0.002584
vt 0.676321 0.005105
vt 0.672893 0.007337
vt 0.673375 0.012179
vt 0.677241 0.014322
vt 0.676494 0.016909
vt 0.683530 0.015682
vt 0.682635 0.018580
vt 0.681291 0.021182
vt 0.675396 0.019274
vt 0.352091 0.739627
vt 0.345874 0.735535
vt 0.347540 0.733718
vt 0.353341 0.737729
vt 0.673821 0.021407
vt 0.349702 0.731740
vt 0.358048 0.740298
vt 0.340527 0.727311
vt 0.342961 0.725673
vt 0.332792 0.717548
vt 0.335482 0.716339
vt 0.325570 0.705437
vt 0.794992 0.475992
vt 0.802123 0.463948
vt 0.804507 0.465421
vt 0.797684 0.478025
vt 0.790643 0.491357
vt 0.787523 0.488968
vt 0.801094 0.480352
vt 0.794500 0.493844
vt 0.788192 0.507408
vt 0.798695 0.496317
vt 0.792774 0.510168
vt 0.787523 0.523221
vt 0.797828 0.512617
vt 0.792766 0.525770
vt 0.787367 0.539269
vt 0.798468 0.528125
vt 0.793484 0.541969
vt 0.788163 0.555973
vt 0.799855 0.544324
vt 0.794798 0.558434
vt 0.789508 0.572262
vt 0.800985 0.560586
vt 0.796052 0.574352
vt 0.791454 0.587849
vt 0.802427 0.575689
vt 0.797947 0.589108
vt 0.794229 0.602705
vt 0.803761 0.589552
vt 0.800258 0.602933
vt 0.797407 0.616434
vt 0.934787 0.125539
vt 0.936998 0.112282
vt 0.943478 0.112139
vt 0.941382 0.125335
vt 0.939410 0.138510
vt 0.932707 0.138821
vt 0.948761 0.125854
vt 0.946983 0.139072
vt 0.945481 0.152700
vt 0.955274 0.140371
vt 0.953859 0.154120
vt 0.952399 0.167896
vt 0.964024 0.155728
vt 0.963304 0.169964
vt 0.962655 0.184072
vt 0.975509 0.171585
vt 0.975343 0.186314
vt 0.975849 0.200747
vt 0.988256 0.186940
vt 0.989013 0.201579
vt 0.990344 0.216372
vt 0.749736 0.163170
vt 0.759078 0.152920
vt 0.768552 0.161676
vt 0.759562 0.172185
vt 0.750967 0.182856
vt 0.740923 0.173390
vt 0.769475 0.179665
vt 0.760811 0.190165
vt 0.778653 0.186563
vt 0.769630 0.196704
vt 0.760879 0.207249
vt 0.778308 0.202241
vt 0.769054 0.211743
vt 0.761068 0.221986
vt 0.795637 0.873856
vt 0.795231 0.859591
vt 0.805155 0.858260
vt 0.805811 0.870879
vt 0.771870 0.223831
vt 0.767461 0.233721
vt 0.754652 0.231528
vt 0.765025 0.242794
vt 0.780511 0.235182
vt 0.778457 0.243612
vt 0.777468 0.251641
vt 0.790275 0.243171
vt 0.790009 0.250929
vt 0.789633 0.258228
vt 0.777044 0.259359
vt 0.452786 0.422159
vt 0.446783 0.428209
vt 0.439025 0.419633
vt 0.445825 0.412994
vt 0.459697 0.431298
vt 0.454065 0.436530
vt 0.448081 0.441857
vt 0.440612 0.434563
vt 0.871130 0.887607
vt 0.871605 0.894236
vt 0.861144 0.891615
vt 0.860174 0.885417
vt 0.763745 0.004312
vt 0.761742 0.016568
vt 0.756035 0.014358
vt 0.757838 0.002111
vt 0.858903 0.879270
vt 0.857639 0.872342
vt 0.868780 0.873062
vt 0.869759 0.880977
vt 0.756845 0.028827
vt 0.751259 0.026465
vt 0.846277 0.879750
vt 0.845284 0.872777
vt 0.844462 0.863914
vt 0.856714 0.863568
vt 0.833082 0.882103
vt 0.832161 0.874807
vt 0.831202 0.865447
vt 0.830563 0.854699
vt 0.843756 0.853573
vt 0.818822 0.877871
vt 0.817651 0.867856
vt 0.817020 0.856337
vt 0.816881 0.843806
vt 0.830246 0.842695
vt 0.804801 0.844650
vt 0.805327 0.830849
vt 0.817175 0.830694
vt 0.795231 0.844978
vt 0.795775 0.830562
vt 0.797004 0.816192
vt 0.806769 0.816942
vt 0.787502 0.192584
vt 0.788059 0.176789
vt 0.797171 0.183098
vt 0.797534 0.167640
vt 0.806871 0.174297
vt 0.778421 0.169444
vt 0.787696 0.159875
vt 0.797346 0.150879
vt 0.807184 0.158879
vt 0.777898 0.151922
vt 0.787709 0.142694
vt 0.798078 0.133957
vt 0.807325 0.142380
vt 0.768603 0.143221
vt 0.779010 0.133901
vt 0.789840 0.125076
vt 0.800965 0.116340
vt 0.808767 0.125616
vt 0.988203 0.158276
vt 0.987889 0.172638
vt 0.976016 0.157139
vt 0.976524 0.142818
vt 0.988506 0.144192
vt 0.794568 0.106196
vt 0.806086 0.097785
vt 0.812469 0.108003
vt 0.964863 0.141699
vt 0.965818 0.127862
vt 0.977137 0.128956
vt 0.967001 0.114083
vt 0.978006 0.115150
vt 0.956778 0.126796
vt 0.958417 0.113286
vt 0.960145 0.099635
vt 0.968526 0.100439
vt 0.950636 0.112568
vt 0.952511 0.099010
vt 0.954324 0.085192
vt 0.961908 0.085952
vt 0.945684 0.098807
vt 0.947806 0.084968
vt 0.950111 0.070955
vt 0.956431 0.071499
vt 0.939544 0.098885
vt 0.942109 0.085065
vt 0.944784 0.070977
vt 0.947548 0.056608
vt 0.952782 0.056859
vt 0.811752 0.562227
vt 0.807755 0.576066
vt 0.806752 0.561878
vt 0.811203 0.547648
vt 0.815848 0.548103
vt 0.815556 0.533276
vt 0.819982 0.533783
vt 0.805808 0.546320
vt 0.810347 0.532083
vt 0.814416 0.517640
vt 0.819556 0.518680
vt 0.804506 0.530223
vt 0.808843 0.516241
vt 0.813014 0.502029
vt 0.818167 0.503161
vt 0.803119 0.514578
vt 0.807930 0.500446
vt 0.813328 0.486358
vt 0.817770 0.487693
vt 0.803305 0.498578
vt 0.808981 0.484686
vt 0.814509 0.471421
vt 0.818371 0.472952
vt 0.804859 0.482640
vt 0.811005 0.469660
vt 0.816485 0.457880
vt 0.819617 0.459336
vt 0.807527 0.467422
vt 0.813418 0.456186
vt 0.818034 0.447610
vt 0.820661 0.448784
vt 0.810706 0.454694
vt 0.815591 0.446909
vt 0.338428 0.728715
vt 0.330563 0.718629
vt 0.823047 0.460729
vt 0.826373 0.461915
vt 0.822236 0.474089
vt 0.829844 0.462819
vt 0.826628 0.474885
vt 0.822399 0.488649
vt 0.830410 0.475453
vt 0.826743 0.489230
vt 0.823118 0.503877
vt 0.830268 0.489544
vt 0.827043 0.504134
vt 0.823914 0.519117
vt 0.953954 0.027779
vt 0.958548 0.014337
vt 0.963259 0.015280
vt 0.958837 0.028403
vt 0.955503 0.042570
vt 0.950492 0.042135
vt 0.964436 0.029742
vt 0.961373 0.043723
vt 0.958799 0.057737
vt 0.967944 0.045165
vt 0.965596 0.058947
vt 0.963678 0.072357
vt 0.973382 0.060182
vt 0.971758 0.073446
vt 0.970134 0.086891
vt 0.982021 0.074773
vt 0.980580 0.088110
vt 0.979181 0.101588
vt 0.828907 0.081890
vt 0.840361 0.074370
vt 0.846570 0.084789
vt 0.835286 0.092373
vt 0.823855 0.100117
vt 0.817455 0.089648
vt 0.842128 0.101976
vt 0.830982 0.109788
vt 0.819820 0.117539
vt 0.838491 0.118233
vt 0.827956 0.126229
vt 0.817545 0.134233
vt 0.836205 0.133264
vt 0.826619 0.141779
vt 0.816935 0.150334
vt 0.835569 0.147916
vt 0.826187 0.156706
vt 0.816528 0.165501
vt 0.799571 0.788471
vt 0.800847 0.774627
vt 0.810552 0.775281
vt 0.809461 0.789288
vt 0.808290 0.803087
vt 0.798197 0.802269
vt 0.820669 0.789652
vt 0.819550 0.803503
vt 0.818221 0.817308
vt 0.831747 0.803474
vt 0.830834 0.816905
vt 0.830362 0.829960
vt 0.843527 0.816165
vt 0.843175 0.829096
vt 0.843313 0.841743
vt 0.854676 0.828341
vt 0.855136 0.841161
vt 0.855880 0.853046
vt 0.865790 0.840539
vt 0.866972 0.852724
vt 0.868015 0.863694
vt 0.437431 0.456762
vt 0.432614 0.466766
vt 0.424517 0.462512
vt 0.429148 0.451507
vt 0.434641 0.442236
vt 0.442492 0.448519
vt 0.421232 0.446513
vt 0.426208 0.435714
vt 0.432350 0.426982
vt 0.417526 0.429209
vt 0.423238 0.419080
vt 0.430319 0.410552
vt 0.413844 0.411062
vt 0.421166 0.401200
vt 0.430404 0.392494
vt 0.438318 0.403053
vt 0.412098 0.391631
vt 0.422651 0.382201
vt 0.545595 0.655980
vt 0.553115 0.643296
vt 0.564864 0.650094
vt 0.557346 0.662809
vt 0.574915 0.655341
vt 0.567878 0.668422
vt 0.582484 0.658924
vt 0.575793 0.672340
vt 0.589323 0.661978
vt 0.582966 0.675627
vt 0.595158 0.664408
vt 0.589204 0.678235
vt 0.582883 0.691764
vt 0.594467 0.680200
vt 0.588508 0.693755
vt 0.582252 0.707107
vt 0.854236 0.645631
vt 0.852725 0.631075
vt 0.859973 0.630631
vt 0.861905 0.645190
vt 0.868306 0.629793
vt 0.870831 0.644198
vt 0.872935 0.658397
vt 0.880852 0.642484
vt 0.883880 0.656464
vt 0.886740 0.669938
vt 0.896714 0.653434
vt 0.900771 0.666470
vt 0.904562 0.678867
vt 0.914780 0.662116
vt 0.919478 0.674464
vt 0.923602 0.686501
vt 0.932190 0.670182
vt 0.937437 0.682364
vt 0.941790 0.694434
vt 0.927276 0.698352
vt 0.945465 0.706260
vt 0.930592 0.709731
vt 0.948817 0.717543
vt 0.933661 0.720247
vt 0.951775 0.728317
vt 0.936418 0.730244
vt 0.954380 0.738237
vt 0.938730 0.740038
vt 0.501966 0.016889
vt 0.504734 0.032016
vt 0.494869 0.035001
vt 0.492657 0.019801
vt 0.491059 0.004975
vt 0.499808 0.002051
vt 0.484338 0.037123
vt 0.482103 0.021501
vt 0.480845 0.006366
vt 0.473478 0.038422
vt 0.471332 0.022639
vt 0.470178 0.007506
vt 0.462054 0.038990
vt 0.460103 0.023253
vt 0.459209 0.008199
vt 0.448538 0.023380
vt 0.447854 0.008120
vt 0.013182 0.752113
vt 0.013796 0.740847
vt 0.029536 0.742609
vt 0.014476 0.729068
vt 0.030284 0.730834
vt 0.046516 0.733164
vt 0.031064 0.718746
vt 0.047221 0.720966
vt 0.063208 0.723292
vt 0.047939 0.708343
vt 0.063707 0.710375
vt 0.078567 0.712355
vt 0.078451 0.725453
vt 0.091786 0.713799
vt 0.092303 0.727190
vt 0.103328 0.714286
vt 0.104719 0.727930
vt 0.597753 0.904194
vt 0.611174 0.909119
vt 0.604882 0.919421
vt 0.590625 0.915154
vt 0.599011 0.930682
vt 0.583789 0.927032
vt 0.594056 0.941695
vt 0.578542 0.937705
vt 0.590317 0.950997
vt 0.574662 0.946765
vt 0.726592 0.126075
vt 0.716379 0.138712
vt 0.709757 0.131629
vt 0.720298 0.119195
vt 0.702648 0.124375
vt 0.713346 0.111962
vt 0.723882 0.099159
vt 0.703863 0.103097
vt 0.714098 0.089835
vt 0.724609 0.076926
vt 0.692300 0.092927
vt 0.693744 0.116432
vt 0.682310 0.107148
vt 0.670928 0.097780
vt 0.680964 0.083115
vt 0.659740 0.088808
vt 0.669882 0.074626
vt 0.649403 0.080351
vt 0.659362 0.067073
vt 0.667455 0.055536
vt 0.672806 0.047193
vt 0.216017 0.273655
vt 0.206936 0.283872
vt 0.197566 0.273129
vt 0.205389 0.264551
vt 0.211207 0.258510
vt 0.222850 0.266651
vt 0.216976 0.253059
vt 0.228730 0.261521
vt 0.194298 0.254391
vt 0.200017 0.248556
vt 0.205595 0.243136
vt 0.210379 0.238818
vt 0.222139 0.249114
vt 0.189533 0.237439
vt 0.195113 0.231858
vt 0.199603 0.227132
vt 0.703335 0.704304
vt 0.705197 0.697945
vt 0.720829 0.702923
vt 0.718407 0.709136
vt 0.185416 0.220364
vt 0.189520 0.215621
vt 0.688399 0.701176
vt 0.689738 0.694666
vt 0.691683 0.687717
vt 0.706998 0.691261
vt 0.674143 0.698905
vt 0.676166 0.692273
vt 0.678845 0.684346
vt 0.682778 0.675524
vt 0.694096 0.680757
vt 0.665705 0.689901
vt 0.669418 0.680804
vt 0.674504 0.670873
vt 0.680834 0.660431
vt 0.688324 0.666011
vt 0.663008 0.677490
vt 0.668620 0.666689
vt 0.675058 0.655576
vt 0.682325 0.644156
vt 0.687929 0.649485
vt 0.301740 0.481009
vt 0.300653 0.467558
vt 0.308439 0.465494
vt 0.308923 0.479489
vt 0.309093 0.494142
vt 0.302815 0.495247
vt 0.309625 0.509384
vt 0.303628 0.510017
vt 0.317664 0.477893
vt 0.317614 0.492783
vt 0.317639 0.508356
vt 0.317976 0.524051
vt 0.310416 0.524914
vt 0.327174 0.491555
vt 0.326532 0.507389
vt 0.326832 0.523064
vt 0.327570 0.538956
vt 0.318914 0.539732
vt 0.337006 0.506644
vt 0.336654 0.522560
vt 0.337168 0.538329
vt 0.337977 0.553671
vt 0.328283 0.554282
vt 0.348099 0.522714
vt 0.348517 0.538145
vt 0.349267 0.553363
vt 0.349815 0.568269
vt 0.338738 0.568688
vt 0.361989 0.538822
vt 0.362303 0.553595
vt 0.362419 0.568282
vt 0.362340 0.582951
vt 0.350167 0.583195
vt 0.375769 0.554344
vt 0.374944 0.568919
vt 0.374193 0.583487
vt 0.373278 0.598075
vt 0.362162 0.597701
vt 0.385542 0.570122
vt 0.383872 0.584594
vt 0.381730 0.598992
vt 0.380156 0.613592
vt 0.372498 0.612820
vt 0.391551 0.585939
vt 0.388895 0.600192
vt 0.386812 0.614544
vt 0.385335 0.629124
vt 0.378876 0.628236
vt 0.395694 0.601669
vt 0.393141 0.615717
vt 0.391212 0.630207
vt 0.389540 0.644525
vt 0.383830 0.643694
vt 0.398427 0.617200
vt 0.395803 0.631249
vt 0.393968 0.645351
vt 0.391554 0.659171
vt 0.387550 0.658578
vt 0.846863 0.670552
vt 0.849688 0.684327
vt 0.844316 0.685341
vt 0.841644 0.671777
vt 0.838706 0.658271
vt 0.843653 0.656973
vt 0.836048 0.645044
vt 0.840596 0.643696
vt 0.835436 0.672893
vt 0.833080 0.659452
vt 0.830720 0.646141
vt 0.828740 0.633274
vt 0.833828 0.632189
vt 0.826924 0.660361
vt 0.825085 0.646960
vt 0.823598 0.633948
vt 0.822449 0.621218
vt 0.827060 0.620631
vt 0.819337 0.647426
vt 0.818420 0.634303
vt 0.817879 0.621474
vt 0.813298 0.634240
vt 0.813156 0.621314
vt 0.812819 0.608886
vt 0.808694 0.620849
vt 0.808872 0.608618
vt 0.808741 0.597249
vt 0.943801 0.042388
vt 0.937605 0.050878
vt 0.934493 0.048895
vt 0.940742 0.040666
vt 0.931340 0.046182
vt 0.937732 0.038433
vt 0.928243 0.043104
vt 0.934825 0.035953
vt 0.938873 0.028835
vt 0.931808 0.033359
vt 0.935434 0.026770
vt 0.937353 0.021092
vt 0.932139 0.019335
vt 0.932656 0.014680
vt 0.924741 0.018183
vt 0.924586 0.013488
vt 0.924795 0.009180
vt 0.933410 0.010734
vt 0.925283 0.005249
vt 0.934324 0.007177
vt 0.925868 0.002124
vt 0.935386 0.004307
vt 0.834461 0.454219
vt 0.832897 0.463525
vt 0.832035 0.453066
vt 0.936552 0.002172
vt 0.943608 0.004939
vt 0.682291 0.003594
vt 0.683384 0.006411
vt 0.913808 0.004902
vt 0.914253 0.001607
vt 0.913910 0.008957
vt 0.901538 0.010538
vt 0.901102 0.006141
vt 0.833538 0.476003
vt 0.914377 0.013530
vt 0.902826 0.015364
vt 0.968679 0.002929
vt 0.973439 0.004642
vt 0.968271 0.016764
vt 0.964206 0.001816
vt 0.889824 0.019144
vt 0.904241 0.020656
vt 0.891469 0.024792
vt 0.878674 0.030493
vt 0.876569 0.024563
vt 0.875095 0.019229
vt 0.888557 0.014213
vt 0.970709 0.031288
vt 0.974169 0.018258
vt 0.980737 0.019811
vt 0.977628 0.032730
vt 0.975163 0.046503
vt 0.986136 0.034264
vt 0.984422 0.047911
vt 0.983224 0.061524
vt 0.994908 0.049396
vt 0.994584 0.063124
vt 0.993807 0.076529
vt 0.857692 0.077212
vt 0.868526 0.069284
vt 0.874777 0.076895
vt 0.864072 0.085743
vt 0.853064 0.094086
vt 0.851610 0.066992
vt 0.869837 0.092229
vt 0.859520 0.101405
vt 0.849048 0.110057
vt 0.865500 0.106918
vt 0.855575 0.115984
vt 0.845845 0.124587
vt 0.862319 0.120256
vt 0.853406 0.129417
vt 0.844587 0.138885
vt 0.802038 0.746901
vt 0.802302 0.732805
vt 0.810619 0.732653
vt 0.811147 0.746882
vt 0.811172 0.761168
vt 0.801677 0.760808
vt 0.821020 0.746520
vt 0.821571 0.761137
vt 0.821420 0.775608
vt 0.832200 0.760719
vt 0.832776 0.775353
vt 0.832595 0.789561
vt 0.843105 0.774649
vt 0.843589 0.788968
vt 0.843747 0.802965
vt 0.852788 0.787978
vt 0.853784 0.802015
vt 0.854374 0.815392
vt 0.862386 0.800625
vt 0.863854 0.814363
vt 0.865056 0.827573
vt 0.871223 0.812795
vt 0.874113 0.826433
vt 0.875123 0.839620
vt 0.421773 0.475198
vt 0.420134 0.488360
vt 0.411885 0.486330
vt 0.413831 0.472405
vt 0.417042 0.458692
vt 0.875840 0.852714
vt 0.404459 0.469784
vt 0.407776 0.455265
vt 0.412476 0.441385
vt 0.397385 0.451442
vt 0.402063 0.436030
vt 0.407531 0.422436
vt 0.389904 0.430326
vt 0.395684 0.415010
vt 0.403258 0.402537
vt 0.402925 0.381725
vt 0.393804 0.371050
vt 0.406629 0.360789
vt 0.414759 0.371684
vt 0.385546 0.359807
vt 0.398438 0.349793
vt 0.364663 0.357145
vt 0.377614 0.347545
vt 0.390010 0.338458
vt 0.357387 0.343675
vt 0.369859 0.334868
vt 0.381222 0.326656
vt 0.362414 0.321954
vt 0.372313 0.314738
vt 0.560590 0.630701
vt 0.568047 0.618145
vt 0.579360 0.624508
vt 0.572208 0.637313
vt 0.588221 0.628828
vt 0.581713 0.642122
vt 0.594664 0.631672
vt 0.588750 0.645350
vt 0.600677 0.634149
vt 0.595214 0.648139
vt 0.606008 0.636155
vt 0.600952 0.650430
vt 0.610428 0.637591
vt 0.605448 0.651980
vt 0.599944 0.666130
vt 0.849581 0.601403
vt 0.847888 0.586310
vt 0.853458 0.586012
vt 0.855603 0.601099
vt 0.857837 0.615999
vt 0.851134 0.616415
vt 0.862571 0.600411
vt 0.865602 0.615228
vt 0.870318 0.599172
vt 0.873990 0.613823
vt 0.877526 0.628354
vt 0.883245 0.611605
vt 0.887895 0.625901
vt 0.892398 0.639782
vt 0.898225 0.622414
vt 0.903950 0.636033
vt 0.909573 0.649391
vt 0.913474 0.632035
vt 0.920152 0.645179
vt 0.926466 0.657864
vt 0.928567 0.640914
vt 0.935536 0.653795
vt 0.942147 0.666348
vt 0.942918 0.650023
vt 0.950321 0.662842
vt 0.957420 0.675788
vt 0.948471 0.678856
vt 0.963851 0.688846
vt 0.953934 0.691333
vt 0.969580 0.701846
vt 0.958647 0.703547
vt 0.974858 0.714729
vt 0.962866 0.715378
vt 0.979419 0.726831
vt 0.966528 0.726604
vt 0.516520 0.042352
vt 0.522406 0.055825
vt 0.513217 0.061004
vt 0.507865 0.046740
vt 0.969388 0.737040
vt 0.503019 0.064992
vt 0.498148 0.050178
vt 0.492011 0.068168
vt 0.487683 0.052814
vt 0.480085 0.070312
vt 0.476438 0.054498
vt 0.467506 0.071460
vt 0.464609 0.055325
vt 0.454660 0.071631
vt 0.452328 0.055578
vt 0.450151 0.039249
vt 0.439735 0.055387
vt 0.438023 0.039296
vt 0.436642 0.023374
vt 0.425526 0.038837
vt 0.424400 0.023205
vt 0.423822 0.007889
vt 0.435980 0.008018
vt 0.411800 0.022836
vt 0.411324 0.007682
vt 0.015193 0.717012
vt 0.015833 0.704628
vt 0.031800 0.706300
vt 0.016659 0.691924
vt 0.032670 0.693523
vt 0.048704 0.695348
vt 0.033589 0.680534
vt 0.049522 0.681980
vt 0.064996 0.683319
vt 0.064322 0.697088
vt 0.078843 0.684466
vt 0.078664 0.698666
vt 0.090502 0.685425
vt 0.091056 0.699972
vt 0.100610 0.685809
vt 0.101889 0.700325
vt 0.624923 0.914136
vt 0.638918 0.919742
vt 0.633954 0.928115
vt 0.619383 0.923416
vt 0.628967 0.937443
vt 0.614043 0.933836
vt 0.624622 0.947271
vt 0.609328 0.944495
vt 0.621112 0.956755
vt 0.605671 0.954100
vt 0.706672 0.150964
vt 0.697443 0.163593
vt 0.690457 0.156931
vt 0.699713 0.144154
vt 0.682881 0.150248
vt 0.692407 0.137446
vt 0.674202 0.142852
vt 0.683671 0.129944
vt 0.663266 0.134204
vt 0.672657 0.120949
vt 0.651875 0.125045
vt 0.661480 0.111763
vt 0.641047 0.115748
vt 0.650496 0.102624
vt 0.630813 0.107558
vt 0.640024 0.094066
vt 0.183805 0.306642
vt 0.172365 0.317925
vt 0.163558 0.307788
vt 0.174982 0.295898
vt 0.186732 0.284038
vt 0.195683 0.295338
vt 0.165220 0.285439
vt 0.176738 0.273054
vt 0.186868 0.262228
vt 0.165628 0.262990
vt 0.175845 0.251674
vt 0.183642 0.243474
vt 0.164361 0.241946
vt 0.173533 0.232734
vt 0.180049 0.225887
vt 0.163798 0.222884
vt 0.172123 0.213805
vt 0.177068 0.208368
vt 0.153300 0.234248
vt 0.153711 0.253935
vt 0.142107 0.246582
vt 0.245299 0.451473
vt 0.229034 0.457338
vt 0.223545 0.446304
vt 0.240093 0.440343
vt 0.217968 0.434562
vt 0.233981 0.428965
vt 0.250154 0.422955
vt 0.266114 0.415887
vt 0.228078 0.416704
vt 0.243470 0.410551
vt 0.258358 0.403704
vt 0.272078 0.395194
vt 0.278714 0.405061
vt 0.237786 0.400932
vt 0.252437 0.394305
vt 0.265992 0.386168
vt 0.278810 0.376779
vt 0.284489 0.384563
vt 0.247439 0.386326
vt 0.260769 0.378340
vt 0.273552 0.368472
vt 0.286543 0.356209
vt 0.291478 0.364500
vt 0.255095 0.369528
vt 0.267906 0.359485
vt 0.280892 0.347428
vt 0.293705 0.333931
vt 0.299421 0.342436
vt 0.262125 0.350424
vt 0.274885 0.338321
vt 0.287097 0.324610
vt 0.298092 0.309777
vt 0.305681 0.320012
vt 0.266103 0.326645
vt 0.277512 0.312868
vt 0.256040 0.316339
vt 0.266463 0.302074
vt 0.244812 0.308564
vt 0.253027 0.295261
vt 0.518059 0.093333
vt 0.503229 0.097911
vt 0.497428 0.083629
vt 0.509841 0.079649
vt 0.521417 0.074510
vt 0.531546 0.087637
vt 0.243475 0.278547
vt 0.245370 0.264558
vt 0.531853 0.067806
vt 0.243879 0.249930
vt 0.530423 0.049224
vt 0.540109 0.059808
vt 0.240052 0.235342
vt 0.253082 0.232151
vt 0.233155 0.252108
vt 0.230765 0.238765
vt 0.245026 0.217442
vt 0.255656 0.212997
vt 0.266343 0.228648
vt 0.234333 0.221709
vt 0.227078 0.209162
vt 0.235872 0.204200
vt 0.226412 0.226092
vt 0.220373 0.214018
vt 0.226440 0.192205
vt 0.234677 0.186819
vt 0.245082 0.199189
vt 0.218891 0.197400
vt 0.210699 0.185991
vt 0.217345 0.180924
vt 0.213598 0.202325
vt 0.956298 0.659949
vt 0.948520 0.646757
vt 0.209186 0.169658
vt 0.216236 0.164342
vt 0.224919 0.175507
vt 0.203127 0.174673
vt 0.196156 0.163103
vt 0.201858 0.158166
vt 0.940774 0.633890
vt 0.935431 0.637124
vt 0.928139 0.624163
vt 0.933235 0.621009
vt 0.921013 0.611069
vt 0.926031 0.608081
vt 0.921447 0.627952
vt 0.914393 0.614699
vt 0.907887 0.601285
vt 0.914392 0.597872
vt 0.906871 0.618593
vt 0.900544 0.604905
vt 0.894721 0.591052
vt 0.901753 0.587731
vt 0.892533 0.608441
vt 0.887100 0.594385
vt 0.882175 0.580076
vt 0.889459 0.577135
vt 0.878846 0.597194
vt 0.874635 0.582612
vt 0.870883 0.567772
vt 0.877895 0.565625
vt 0.866966 0.584407
vt 0.863966 0.569262
vt 0.861235 0.554061
vt 0.867551 0.552754
vt 0.859865 0.585394
vt 0.857529 0.570197
vt 0.855204 0.554935
vt 0.852807 0.539780
vt 0.858278 0.538887
vt 0.851657 0.570795
vt 0.849689 0.555590
vt 0.847872 0.540420
vt 0.845508 0.525383
vt 0.850175 0.524719
vt 0.845045 0.555999
vt 0.843599 0.540864
vt 0.841485 0.525900
vt 0.838993 0.511491
vt 0.842610 0.510900
vt 0.624392 0.594410
vt 0.620007 0.608783
vt 0.615972 0.607662
vt 0.620504 0.593427
vt 0.624285 0.579519
vt 0.628160 0.580413
vt 0.627386 0.566737
vt 0.630904 0.567506
vt 0.615885 0.592079
vt 0.620051 0.578399
vt 0.623388 0.565783
vt 0.625669 0.554376
vt 0.629385 0.554972
vt 0.615346 0.577003
vt 0.618910 0.564717
vt 0.621626 0.553829
vt 0.623730 0.544160
vt 0.627066 0.544502
vt 0.614024 0.563391
vt 0.617462 0.552901
vt 0.620305 0.543633
vt 0.622530 0.536581
vt 0.625263 0.537052
vt 0.613209 0.551440
vt 0.616956 0.542848
vt 0.619952 0.536017
vt 0.613586 0.541427
vt 0.617413 0.535016
vt 0.620007 0.530674
vt 0.621911 0.527496
vt 0.622911 0.525827
vt 0.623611 0.524657
vt 0.625255 0.525782
vt 0.624259 0.523575
vt 0.626110 0.524953
vt 0.627843 0.527216
vt 0.626805 0.527762
vt 0.629249 0.531184
vt 0.627643 0.531835
vt 0.630019 0.536501
vt 0.627574 0.536885
vt 0.630262 0.544709
vt 0.632190 0.536292
vt 0.633176 0.544985
vt 0.632657 0.555618
vt 0.054668 0.001892
vt 0.062657 0.004032
vt 0.061711 0.006732
vt 0.053718 0.005322
vt 0.835215 0.486582
vt 0.837894 0.486162
vt 0.839822 0.497939
vt 0.836599 0.498421
vt 0.841271 0.485723
vt 0.843930 0.497274
vt 0.847015 0.510211
vt 0.848184 0.496523
vt 0.851674 0.509412
vt 0.855074 0.523859
vt 0.856409 0.508387
vt 0.860223 0.522732
vt 0.863976 0.537657
vt 0.865285 0.521309
vt 0.869565 0.536038
vt 0.873762 0.550933
vt 0.874795 0.534209
vt 0.879573 0.548769
vt 0.884457 0.563038
vt 0.884990 0.546422
vt 0.890397 0.560373
vt 0.896034 0.574074
vt 0.895612 0.557775
vt 0.901620 0.571222
vt 0.907697 0.584677
vt 0.906188 0.568618
vt 0.912559 0.581896
vt 0.919159 0.595089
vt 0.183437 0.139346
vt 0.177203 0.127195
vt 0.182063 0.122790
vt 0.188632 0.134769
vt 0.195142 0.146559
vt 0.189639 0.151313
vt 0.194781 0.129850
vt 0.201569 0.141416
vt 0.208651 0.152947
vt 0.208957 0.135734
vt 0.216612 0.146916
vt 0.224678 0.157956
vt 0.226771 0.139942
vt 0.234983 0.150926
vt 0.243899 0.162714
vt 0.233556 0.169189
vt 0.253227 0.174908
vt 0.243045 0.180881
vt 0.263629 0.188653
vt 0.253639 0.193924
vt 0.274415 0.203266
vt 0.264698 0.208193
vt 0.285651 0.219144
vt 0.275691 0.224116
vt 0.296666 0.235217
vt 0.296015 0.211800
vt 0.307593 0.227483
vt 0.318422 0.242153
vt 0.307311 0.250358
vt 0.328181 0.255332
vt 0.317318 0.263414
vt 0.337350 0.267745
vt 0.327203 0.275514
vt 0.317855 0.284559
vt 0.336880 0.287306
vt 0.327561 0.296065
vt 0.317185 0.307025
vt 0.308504 0.295490
vt 0.335946 0.306823
vt 0.324306 0.317284
vt 0.312073 0.329150
vt 0.330678 0.327876
vt 0.317519 0.338753
vt 0.304410 0.351190
vt 0.323746 0.349638
vt 0.310056 0.360379
vt 0.296695 0.371949
vt 0.316281 0.370755
vt 0.302929 0.380809
vt 0.290782 0.392717
vt 0.309108 0.392339
vt 0.296613 0.403772
vt 0.313591 0.406796
vt 0.301412 0.415974
vt 0.316157 0.421033
vt 0.304018 0.427977
vt 0.294309 0.434655
vt 0.655085 0.697123
vt 0.658287 0.687641
vt 0.663081 0.697818
vt 0.288036 0.441580
vt 0.306327 0.439576
vt 0.296932 0.444011
vt 0.307675 0.452137
vt 0.299206 0.455046
vt 0.317492 0.435291
vt 0.317574 0.449488
vt 0.317675 0.463582
vt 0.330840 0.430313
vt 0.329768 0.446466
vt 0.329156 0.461539
vt 0.328246 0.476330
vt 0.344065 0.443639
vt 0.342338 0.459674
vt 0.340427 0.475252
vt 0.338285 0.490736
vt 0.355912 0.459026
vt 0.353322 0.475124
vt 0.350637 0.491054
vt 0.348755 0.506884
vt 0.366744 0.476779
vt 0.363981 0.492876
vt 0.362431 0.508470
vt 0.361949 0.523878
vt 0.377495 0.495471
vt 0.376393 0.510379
vt 0.375974 0.525209
vt 0.376087 0.539843
vt 0.389109 0.512286
vt 0.388491 0.526719
vt 0.388085 0.541151
vt 0.387070 0.555600
vt 0.399151 0.528283
vt 0.398133 0.542664
vt 0.396397 0.557130
vt 0.394073 0.571573
vt 0.406343 0.544081
vt 0.404159 0.558718
vt 0.401350 0.573098
vt 0.398321 0.587542
vt 0.410899 0.560158
vt 0.407654 0.574614
vt 0.404427 0.589104
vt 0.401598 0.603342
vt 0.856549 0.726723
vt 0.859350 0.741278
vt 0.853980 0.742432
vt 0.851512 0.727755
vt 0.849202 0.713212
vt 0.854448 0.712378
vt 0.846915 0.699079
vt 0.852243 0.698332
vt 0.845190 0.728836
vt 0.842831 0.714172
vt 0.840439 0.700001
vt 0.837963 0.686419
vt 0.835467 0.715221
vt 0.833100 0.701054
vt 0.830786 0.687485
vt 0.828672 0.673872
vt 0.824907 0.702123
vt 0.822963 0.688431
vt 0.821585 0.674596
vt 0.820495 0.660901
vt 0.815119 0.689059
vt 0.814567 0.674943
vt 0.814094 0.661046
vt 0.813636 0.647465
vt 0.807927 0.674964
vt 0.808025 0.660842
vt 0.808066 0.647183
vt 0.808285 0.633764
vt 0.802503 0.660351
vt 0.802983 0.646557
vt 0.803880 0.633009
vt 0.804767 0.620076
vt 0.917570 0.064629
vt 0.908274 0.073186
vt 0.904259 0.069730
vt 0.913903 0.061328
vt 0.923339 0.053501
vt 0.926676 0.056713
vt 0.910056 0.056846
vt 0.920024 0.049672
vt 0.905806 0.051528
vt 0.916279 0.045146
vt 0.924840 0.039669
vt 0.911917 0.039704
vt 0.901175 0.045249
vt 0.896883 0.038070
vt 0.907997 0.033310
vt 0.893586 0.030979
vt 0.905652 0.026664
vt 0.915072 0.018533
vt 0.038423 0.001543
vt 0.049506 0.001543
vt 0.050436 0.007032
vt 0.038659 0.006608
vt 0.889834 0.052528
vt 0.885019 0.044470
vt 0.881310 0.036849
vt 0.895087 0.059195
vt 0.884820 0.068018
vt 0.879057 0.060843
vt 0.873694 0.051783
vt 0.899982 0.064905
vt 0.890096 0.073603
vt 0.880142 0.082668
vt 0.894745 0.078538
vt 0.885167 0.087902
vt 0.875444 0.097546
vt 0.890200 0.091727
vt 0.880863 0.101350
vt 0.871466 0.110903
vt 0.801748 0.704043
vt 0.801557 0.689181
vt 0.808024 0.689316
vt 0.808440 0.704093
vt 0.809637 0.718365
vt 0.802046 0.718601
vt 0.816377 0.703185
vt 0.818327 0.717478
vt 0.819937 0.731957
vt 0.827163 0.716349
vt 0.829209 0.730986
vt 0.830933 0.745866
vt 0.837714 0.729915
vt 0.839795 0.744861
vt 0.841748 0.759885
vt 0.847421 0.743636
vt 0.849776 0.758671
vt 0.851599 0.773520
vt 0.856631 0.757258
vt 0.858974 0.772113
vt 0.860928 0.786638
vt 0.865022 0.770397
vt 0.867509 0.784953
vt 0.869388 0.798852
vt 0.416207 0.516317
vt 0.414917 0.530494
vt 0.407981 0.529428
vt 0.409129 0.515023
vt 0.410063 0.500688
vt 0.417391 0.502075
vt 0.400009 0.513797
vt 0.401040 0.499443
vt 0.402178 0.484709
vt 0.389925 0.497726
vt 0.391545 0.482633
vt 0.394166 0.466898
vt 0.379625 0.479794
vt 0.382600 0.463464
vt 0.385800 0.446975
vt 0.369596 0.460334
vt 0.372465 0.443047
vt 0.358731 0.441906
vt 0.413004 0.545293
vt 0.862496 0.755731
vt 0.801905 0.674576
vt 0.899315 0.082208
vt 0.805572 0.608262
vt 0.330442 0.413805
vt 0.327783 0.398024
vt 0.322782 0.383147
vt 0.337319 0.374860
vt 0.351265 0.366374
vt 0.330585 0.361659
vt 0.344362 0.352727
vt 0.337283 0.339830
vt 0.350433 0.330511
vt 0.343533 0.318039
vt 0.354692 0.309762
vt 0.363656 0.303153
vt 0.346004 0.298538
vt 0.355055 0.291609
vt 0.346309 0.279853
vt 0.575480 0.605631
vt 0.582789 0.593318
vt 0.592971 0.598802
vt 0.586317 0.611664
vt 0.600001 0.601912
vt 0.594367 0.615439
vt 0.605722 0.604153
vt 0.600389 0.617957
vt 0.611130 0.606091
vt 0.605961 0.620097
vt 0.611042 0.621894
vt 0.615402 0.623244
vt 0.610796 0.590416
vt 0.605214 0.588390
vt 0.609981 0.575291
vt 0.599053 0.585834
vt 0.604126 0.573161
vt 0.608740 0.561535
vt 0.596868 0.569559
vt 0.603174 0.558927
vt 0.608884 0.549321
vt 0.624864 0.522571
vt 0.625450 0.521601
vt 0.627828 0.523333
vt 0.626983 0.524158
vt 0.630070 0.525886
vt 0.628935 0.526604
vt 0.632181 0.530067
vt 0.630655 0.530563
vt 0.634283 0.536121
vt 0.829726 0.007933
vt 0.834181 0.011973
vt 0.832998 0.013183
vt 0.828014 0.009502
vt 0.822332 0.004206
vt 0.824479 0.002197
vt 0.635499 0.545211
vt 0.839156 0.475296
vt 0.837845 0.466800
vt 0.839811 0.466265
vt 0.842115 0.474748
vt 0.845066 0.485169
vt 0.836541 0.475746
vt 0.845118 0.474043
vt 0.848737 0.484387
vt 0.852498 0.495562
vt 0.852358 0.483344
vt 0.856655 0.494371
vt 0.860963 0.507177
vt 0.860767 0.492909
vt 0.865373 0.505782
vt 0.870076 0.519710
vt 0.869521 0.504331
vt 0.874379 0.518113
vt 0.879655 0.532270
vt 0.878209 0.516556
vt 0.884040 0.530289
vt 0.889749 0.544120
vt 0.156452 0.093337
vt 0.150746 0.080339
vt 0.153925 0.077466
vt 0.159530 0.090152
vt 0.893365 0.542132
vt 0.899809 0.555421
vt 0.165188 0.102639
vt 0.163697 0.086696
vt 0.169769 0.098726
vt 0.175914 0.110741
vt 0.171064 0.114929
vt 0.175237 0.094582
vt 0.181712 0.106383
vt 0.188090 0.118134
vt 0.188016 0.101795
vt 0.194811 0.113208
vt 0.201745 0.124522
vt 0.203563 0.107345
vt 0.211002 0.118099
vt 0.218594 0.128805
vt 0.221501 0.110391
vt 0.229191 0.120882
vt 0.237269 0.131878
vt 0.245357 0.142912
vt 0.254192 0.154932
vt 0.589981 0.581186
vt 0.625966 0.520745
vt 0.626542 0.519791
vt 0.629398 0.521568
vt 0.628686 0.522413
vt 0.840370 0.017401
vt 0.839975 0.018551
vt 0.836287 0.017065
vt 0.837035 0.015693
vt 0.631219 0.525164
vt 0.832043 0.014731
vt 0.837838 0.014618
vt 0.835645 0.018558
vt 0.831031 0.016317
vt 0.825675 0.013171
vt 0.826727 0.011186
vt 0.842120 0.465735
vt 0.840342 0.459937
vt 0.842147 0.459219
vt 0.844657 0.464913
vt 0.848072 0.473171
vt 0.846892 0.464093
vt 0.850985 0.472316
vt 0.855916 0.482026
vt 0.853873 0.470954
vt 0.859472 0.480386
vt 0.864763 0.491370
vt 0.862633 0.478941
vt 0.868282 0.490091
vt 0.873184 0.502967
vt 0.140052 0.054448
vt 0.135156 0.042202
vt 0.138028 0.040228
vt 0.142953 0.052257
vt 0.148437 0.064810
vt 0.145609 0.067195
vt 0.146689 0.049964
vt 0.152339 0.062123
vt 0.157975 0.074419
vt 0.156882 0.059261
vt 0.162694 0.071169
vt 0.168805 0.082900
vt 0.168085 0.067623
vt 0.174491 0.078950
vt 0.181217 0.090322
vt 0.181354 0.074255
vt 0.188446 0.085196
vt 0.195912 0.096217
vt 0.197849 0.078187
vt 0.205749 0.088942
vt 0.213725 0.099787
vt 0.842857 0.020857
vt 0.842582 0.022165
vt 0.839073 0.021232
vt 0.839525 0.019803
vt 0.843104 0.019671
vt 0.835275 0.019970
vt 0.838665 0.022691
vt 0.835053 0.021521
vt 0.830280 0.019799
vt 0.830462 0.018100
vt 0.517153 0.032784
vt 0.512210 0.030762
vt 0.512774 0.029329
vt 0.517863 0.031262
vt 0.843723 0.458447
vt 0.845420 0.457640
vt 0.849150 0.463321
vt 0.524880 0.032759
vt 0.517963 0.029607
vt 0.525510 0.030532
vt 0.851169 0.462508
vt 0.856747 0.469524
vt 0.534165 0.030604
vt 0.525728 0.028071
vt 0.534231 0.027243
vt 0.543194 0.025621
vt 0.543171 0.029437
vt 0.533731 0.023602
vt 0.542373 0.021552
vt 0.134585 0.029203
vt 0.137904 0.027542
vt 0.141731 0.038286
vt 0.552106 0.023825
vt 0.552406 0.028168
vt 0.141897 0.026095
vt 0.146030 0.036292
vt 0.151168 0.047499
vt 0.150912 0.034078
vt 0.156156 0.044821
vt 0.161960 0.056197
vt 0.161781 0.041633
vt 0.168040 0.052444
vt 0.174610 0.063423
vt 0.175274 0.047415
vt 0.182776 0.057625
vt 0.190238 0.067806
vt 0.842252 0.023632
vt 0.841779 0.025253
vt 0.838318 0.024354
vt 0.509914 0.027681
vt 0.507281 0.025270
vt 0.509044 0.023867
vt 0.511014 0.026095
vt 0.513357 0.027925
vt 0.835288 0.023074
vt 0.512172 0.024507
vt 0.513933 0.026182
vt 0.517808 0.027760
vt 0.513439 0.023034
vt 0.512227 0.021345
vt 0.515518 0.018795
vt 0.516405 0.020753
vt 0.510551 0.022672
vt 0.144880 0.005977
vt 0.149364 0.012134
vt 0.145835 0.014169
vt 0.142128 0.007427
vt 0.521157 0.014494
vt 0.522904 0.017000
vt 0.529635 0.013160
vt 0.531480 0.016627
vt 0.142264 0.015874
vt 0.150497 0.022217
vt 0.146242 0.024316
vt 0.138782 0.017267
vt 0.532915 0.020096
vt 0.135463 0.018266
vt 0.155917 0.031579
vt 0.154881 0.019678
vt 0.161183 0.028268
vt 0.168044 0.037590
vt 0.273411 0.181116
vt 0.284393 0.196036
vt 0.263421 0.167519
vt 0.672768 0.704005
vt 0.661587 0.704513
vt 0.846522 0.571131
vt 0.487946 0.100218
vt 0.484220 0.086101
vt 0.472968 0.100777
vt 0.470577 0.086946
vt 0.458025 0.100293
vt 0.456667 0.086803
vt 0.443678 0.099321
vt 0.442816 0.085935
vt 0.441434 0.071145
vt 0.428953 0.084649
vt 0.428065 0.070284
vt 0.426813 0.054809
vt 0.414494 0.069162
vt 0.413568 0.054118
vt 0.412687 0.038492
vt 0.400109 0.053436
vt 0.399485 0.038014
vt 0.398861 0.022678
vt 0.386003 0.038098
vt 0.385794 0.022899
vt 0.001668 0.690596
vt 0.002755 0.677587
vt 0.017833 0.679064
vt 0.398530 0.007659
vt 0.003974 0.664630
vt 0.018945 0.666251
vt 0.034513 0.667520
vt 0.019905 0.653541
vt 0.035143 0.654638
vt 0.050573 0.655220
vt 0.050210 0.668508
vt 0.065433 0.655423
vt 0.065468 0.669275
vt 0.078066 0.655324
vt 0.078715 0.669889
vt 0.088359 0.655044
vt 0.089636 0.670326
vt 0.097604 0.654578
vt 0.099317 0.670404
vt 0.653094 0.926481
vt 0.667013 0.934078
vt 0.663416 0.941141
vt 0.648545 0.934179
vt 0.659446 0.948679
vt 0.644018 0.942553
vt 0.655590 0.956400
vt 0.639950 0.951150
vt 0.652043 0.963992
vt 0.636513 0.959839
vt 0.687673 0.175838
vt 0.676489 0.187365
vt 0.670743 0.181040
vt 0.681006 0.169322
vt 0.664166 0.174121
vt 0.673799 0.162419
vt 0.656342 0.166397
vt 0.665081 0.154907
vt 0.646271 0.157914
vt 0.654231 0.146520
vt 0.633282 0.149261
vt 0.642101 0.137272
vt 0.621172 0.141724
vt 0.631120 0.128257
vt 0.611406 0.135087
vt 0.621103 0.120868
vt 0.161216 0.329399
vt 0.149421 0.341465
vt 0.140505 0.332246
vt 0.152119 0.319861
vt 0.130894 0.322775
vt 0.142408 0.310263
vt 0.153805 0.297839
vt 0.132290 0.300798
vt 0.143422 0.288234
vt 0.154400 0.275819
vt 0.132485 0.279310
vt 0.143063 0.266860
vt 0.121224 0.271519
vt 0.131670 0.259426
vt 0.110517 0.265789
vt 0.120593 0.253438
vt 0.130946 0.240860
vt 0.207732 0.450626
vt 0.192285 0.455191
vt 0.186825 0.444216
vt 0.202330 0.439385
vt 0.182128 0.432164
vt 0.197066 0.427736
vt 0.212588 0.422662
vt 0.192806 0.419265
vt 0.208039 0.414187
vt 0.222995 0.407507
vt 0.204017 0.407139
vt 0.218488 0.400437
vt 0.233115 0.393438
vt 0.213775 0.392149
vt 0.228157 0.385207
vt 0.241985 0.377834
vt 0.222864 0.376666
vt 0.236424 0.369100
vt 0.249425 0.360622
vt 0.229061 0.358814
vt 0.241657 0.349976
vt 0.253893 0.339218
vt 0.232012 0.338645
vt 0.244321 0.328433
vt 0.223182 0.329883
vt 0.234600 0.320183
vt 0.219711 0.347662
vt 0.210966 0.338575
vt 0.215818 0.366634
vt 0.207130 0.355727
vt 0.198903 0.346520
vt 0.202436 0.373787
vt 0.194185 0.363261
vt 0.186625 0.354321
vt 0.181355 0.370657
vt 0.174384 0.361903
vt 0.429253 0.097722
vt 0.414995 0.095673
vt 0.414978 0.082926
vt 0.400768 0.093473
vt 0.400928 0.081198
vt 0.400643 0.068078
vt 0.386580 0.079835
vt 0.386437 0.067225
vt 0.386245 0.053152
vt 0.372175 0.066592
vt 0.372364 0.053004
vt 0.372598 0.038230
vt 0.358630 0.052747
vt 0.359344 0.038420
vt 0.359970 0.023752
vt 0.372804 0.023295
vt 0.346262 0.038368
vt 0.347135 0.024115
vt 0.005299 0.651818
vt 0.006612 0.639017
vt 0.020683 0.640813
vt 0.007813 0.626217
vt 0.021300 0.628080
vt 0.035536 0.629039
vt 0.035472 0.641802
vt 0.049599 0.628804
vt 0.050470 0.642048
vt 0.062585 0.627943
vt 0.064503 0.641659
vt 0.073232 0.626680
vt 0.076227 0.640844
vt 0.082278 0.625160
vt 0.085904 0.639802
vt 0.090296 0.623404
vt 0.094484 0.638573
vt 0.097384 0.621520
vt 0.101743 0.637234
vt 0.105295 0.653612
vt 0.678065 0.948386
vt 0.692251 0.955006
vt 0.689497 0.961761
vt 0.674712 0.955347
vt 0.686491 0.968424
vt 0.671245 0.962448
vt 0.683560 0.974871
vt 0.667883 0.969251
vt 0.663620 0.198170
vt 0.650102 0.208299
vt 0.645904 0.202481
vt 0.658956 0.192301
vt 0.641348 0.195496
vt 0.653470 0.185351
vt 0.636427 0.188156
vt 0.647260 0.177545
vt 0.629356 0.181156
vt 0.638621 0.169429
vt 0.619435 0.174833
vt 0.626432 0.161628
vt 0.607969 0.170269
vt 0.613614 0.155717
vt 0.597596 0.165413
vt 0.603674 0.150409
vt 0.137142 0.353673
vt 0.126042 0.365662
vt 0.117129 0.356555
vt 0.128517 0.344806
vt 0.107710 0.347199
vt 0.119121 0.335345
vt 0.097921 0.337997
vt 0.109400 0.326069
vt 0.121047 0.313393
vt 0.099956 0.317115
vt 0.111246 0.304362
vt 0.122124 0.291504
vt 0.101550 0.296401
vt 0.111567 0.283720
vt 0.182399 0.471136
vt 0.166809 0.476224
vt 0.163119 0.464463
vt 0.177363 0.459888
vt 0.197413 0.466189
vt 0.158785 0.451617
vt 0.172345 0.447793
vt 0.154081 0.441620
vt 0.167789 0.436687
vt 0.586370 0.021405
vt 0.573238 0.016318
vt 0.574032 0.008055
vt 0.587837 0.012859
vt 0.164362 0.429429
vt 0.178273 0.424135
vt 0.160822 0.422820
vt 0.174740 0.417186
vt 0.189204 0.412224
vt 0.170973 0.409679
vt 0.185429 0.404270
vt 0.199616 0.398575
vt 0.181007 0.396015
vt 0.194950 0.390077
vt 0.208981 0.383627
vt 0.189122 0.380713
vt 0.175492 0.387194
vt 0.168658 0.377857
vt 0.161938 0.393680
vt 0.155841 0.385176
vt 0.149989 0.377225
vt 0.162243 0.369553
vt 0.386442 0.091575
vt 0.385849 0.101346
vt 0.371087 0.098557
vt 0.371631 0.089571
vt 0.371955 0.078653
vt 0.356458 0.087380
vt 0.357210 0.077131
vt 0.357905 0.065742
vt 0.342514 0.074849
vt 0.343777 0.064290
vt 0.345092 0.052133
vt 0.329816 0.061932
vt 0.331504 0.050791
vt 0.333056 0.037794
vt 0.317968 0.048604
vt 0.319892 0.036785
vt 0.321336 0.023990
vt 0.334264 0.024208
vt 0.306606 0.035198
vt 0.308330 0.023411
vt 0.309050 0.011346
vt 0.321859 0.011186
vt 0.008992 0.613399
vt 0.021764 0.615331
vt 0.022074 0.602596
vt 0.034676 0.603136
vt 0.035236 0.616081
vt 0.046932 0.602394
vt 0.048404 0.615603
vt 0.057544 0.600939
vt 0.060151 0.614363
vt 0.066366 0.599254
vt 0.069881 0.612797
vt 0.074227 0.597358
vt 0.078194 0.611027
vt 0.081479 0.595143
vt 0.085875 0.609007
vt 0.087760 0.592805
vt 0.092733 0.606918
vt 0.705794 0.960628
vt 0.719298 0.965494
vt 0.717749 0.971639
vt 0.703601 0.967248
vt 0.715882 0.977737
vt 0.701209 0.973594
vt 0.713759 0.983590
vt 0.698492 0.979891
vt 0.636786 0.217392
vt 0.624243 0.227105
vt 0.620066 0.222556
vt 0.632835 0.211897
vt 0.615756 0.217734
vt 0.628489 0.206013
vt 0.611169 0.212774
vt 0.623664 0.200235
vt 0.606037 0.207808
vt 0.617938 0.194589
vt 0.600432 0.202967
vt 0.610659 0.189214
vt 0.593461 0.197632
vt 0.601573 0.184377
vt 0.124294 0.384586
vt 0.112345 0.394806
vt 0.105425 0.386913
vt 0.115973 0.376646
vt 0.134711 0.373025
vt 0.096977 0.378116
vt 0.106926 0.367630
vt 0.087421 0.368659
vt 0.097282 0.358140
vt 0.077644 0.359362
vt 0.087399 0.348796
vt 0.068041 0.350530
vt 0.077525 0.339574
vt 0.088322 0.328880
vt 0.068725 0.330572
vt 0.080120 0.319832
vt 0.091419 0.308665
vt 0.072694 0.311373
vt 0.083180 0.301091
vt 0.151307 0.478798
vt 0.149238 0.467135
vt 0.134716 0.470165
vt 0.131673 0.460076
vt 0.145142 0.454542
vt 0.558148 0.023120
vt 0.545699 0.017333
vt 0.545714 0.008517
vt 0.559744 0.011860
vt 0.571970 0.026821
vt 0.544613 0.001825
vt 0.559716 0.003978
vt 0.136080 0.440867
vt 0.122276 0.447709
vt 0.117725 0.442535
vt 0.131880 0.435224
vt 0.146681 0.428684
vt 0.150238 0.434737
vt 0.128189 0.429219
vt 0.142961 0.422151
vt 0.156816 0.415646
vt 0.139144 0.415314
vt 0.152868 0.408291
vt 0.166833 0.401931
vt 0.148459 0.400797
vt 0.135128 0.408535
vt 0.130646 0.401809
vt 0.143216 0.393073
vt 0.121514 0.416751
vt 0.118069 0.410732
vt 0.355823 0.095670
vt 0.340425 0.092099
vt 0.341422 0.084346
vt 0.324998 0.087573
vt 0.326421 0.080226
vt 0.328116 0.071472
vt 0.311915 0.075109
vt 0.313967 0.067210
vt 0.315983 0.058492
vt 0.300014 0.062459
vt 0.302308 0.054461
vt 0.304433 0.045691
vt 0.288776 0.050048
vt 0.291137 0.042134
vt 0.293437 0.032977
vt 0.278114 0.037908
vt 0.280534 0.029856
vt 0.282541 0.020637
vt 0.295415 0.022281
vt 0.283396 0.010673
vt 0.296157 0.011169
vt 0.022286 0.589824
vt 0.022504 0.577223
vt 0.033087 0.577625
vt 0.034008 0.590317
vt 0.042771 0.576740
vt 0.045119 0.589430
vt 0.051130 0.575231
vt 0.054665 0.587846
vt 0.058558 0.573127
vt 0.062749 0.586005
vt 0.065117 0.570624
vt 0.070023 0.583896
vt 0.071081 0.567797
vt 0.076673 0.581346
vt 0.076301 0.564657
vt 0.082444 0.578681
vt 0.733647 0.969336
vt 0.748434 0.972366
vt 0.747987 0.978132
vt 0.732666 0.975310
vt 0.747220 0.983561
vt 0.731366 0.981102
vt 0.745980 0.988725
vt 0.729821 0.986586
vt 0.612043 0.237889
vt 0.599526 0.248147
vt 0.595796 0.244529
vt 0.608027 0.233907
vt 0.591993 0.240498
vt 0.603765 0.229633
vt 0.588097 0.236166
vt 0.599334 0.225032
vt 0.584036 0.231365
vt 0.594966 0.220239
vt 0.579854 0.226435
vt 0.590163 0.215206
vt 0.575287 0.221831
vt 0.584612 0.210089
vt 0.099104 0.403518
vt 0.085735 0.411513
vt 0.081336 0.405198
vt 0.093778 0.396404
vt 0.075250 0.398025
vt 0.086445 0.388211
vt 0.067222 0.389880
vt 0.077390 0.379183
vt 0.058814 0.381957
vt 0.068161 0.370344
vt 0.051399 0.375577
vt 0.059387 0.362604
vt 0.044587 0.370707
vt 0.051491 0.356551
vt 0.059221 0.342910
vt 0.044688 0.352430
vt 0.051676 0.337169
vt 0.061166 0.322961
vt 0.045307 0.333245
vt 0.054013 0.317974
vt 0.064591 0.305606
vt 0.115889 0.466637
vt 0.099725 0.472486
vt 0.096508 0.467069
vt 0.112097 0.460349
vt 0.126862 0.452752
vt 0.093248 0.461691
vt 0.108174 0.454980
vt 0.089787 0.456629
vt 0.104115 0.449619
vt 0.086409 0.451359
vt 0.100315 0.444252
vt 0.113565 0.436729
vt 0.097023 0.438534
vt 0.110603 0.430789
vt 0.124947 0.423009
vt 0.107864 0.424965
vt 0.094646 0.433092
vt 0.323443 0.093176
vt 0.308048 0.087095
vt 0.309932 0.081654
vt 0.105298 0.419459
vt 0.293263 0.080621
vt 0.295370 0.075543
vt 0.297654 0.069533
vt 0.280638 0.068958
vt 0.283308 0.063514
vt 0.286134 0.057159
vt 0.268978 0.056885
vt 0.272319 0.051171
vt 0.275430 0.044928
vt 0.258823 0.044469
vt 0.262186 0.038918
vt 0.265334 0.032856
vt 0.249266 0.032380
vt 0.252704 0.027137
vt 0.255577 0.021380
vt 0.268063 0.025890
vt 0.257778 0.014932
vt 0.270109 0.018172
vt 0.258921 0.008187
vt 0.271051 0.009784
vt 0.022329 0.565091
vt 0.021626 0.553269
vt 0.029172 0.553585
vt 0.031480 0.565365
vt 0.035843 0.552624
vt 0.039714 0.564444
vt 0.041924 0.550871
vt 0.047106 0.562904
vt 0.047393 0.548356
vt 0.053543 0.560674
vt 0.052424 0.545059
vt 0.059342 0.557724
vt 0.056790 0.541611
vt 0.064296 0.554662
vt 0.060724 0.538516
vt 0.068628 0.551270
vt 0.763046 0.974343
vt 0.776766 0.976347
vt 0.776207 0.981999
vt 0.763091 0.979987
vt 0.775318 0.987420
vt 0.762377 0.985544
vt 0.774358 0.992348
vt 0.761089 0.990762
vt 0.773355 0.996807
vt 0.759645 0.995310
vt 0.587216 0.257180
vt 0.583634 0.253804
vt 0.572418 0.261812
vt 0.568974 0.258685
vt 0.580093 0.250093
vt 0.565540 0.255265
vt 0.576570 0.246083
vt 0.562404 0.251819
vt 0.573086 0.241716
vt 0.559435 0.248325
vt 0.569538 0.237308
vt 0.075038 0.424190
vt 0.060994 0.431203
vt 0.058838 0.427085
vt 0.072616 0.419279
vt 0.088623 0.416940
vt 0.056068 0.422580
vt 0.068943 0.413866
vt 0.063813 0.407656
vt 0.057220 0.400703
vt 0.049907 0.393883
vt 0.035387 0.402102
vt 0.043459 0.388579
vt 0.030616 0.399218
vt 0.037754 0.384678
vt 0.026197 0.396840
vt 0.032380 0.381868
vt 0.038527 0.367313
vt 0.027392 0.379912
vt 0.032902 0.364916
vt 0.038721 0.349655
vt 0.027739 0.363334
vt 0.033795 0.348101
vt 0.040057 0.331556
vt 0.081437 0.472446
vt 0.067357 0.478079
vt 0.064147 0.473700
vt 0.078191 0.467703
vt 0.061165 0.469248
vt 0.075059 0.462890
vt 0.058455 0.464695
vt 0.072269 0.457922
vt 0.056468 0.459866
vt 0.070094 0.452935
vt 0.083707 0.445926
vt 0.068357 0.447885
vt 0.081737 0.440636
vt 0.055156 0.454964
vt 0.278303 0.073470
vt 0.263579 0.065212
vt 0.266111 0.061361
vt 0.249700 0.056347
vt 0.252281 0.052933
vt 0.255423 0.048899
vt 0.239854 0.044965
vt 0.242576 0.041286
vt 0.245766 0.037071
vt 0.231396 0.034705
vt 0.234233 0.030650
vt 0.237187 0.026457
vt 0.224233 0.025944
vt 0.226533 0.021963
vt 0.228926 0.017771
vt 0.240381 0.021802
vt 0.231174 0.013462
vt 0.243215 0.016864
vt 0.232904 0.008932
vt 0.245306 0.011530
vt 0.233743 0.004573
vt 0.246379 0.006086
vt 0.020744 0.541106
vt 0.020037 0.528772
vt 0.024122 0.529157
vt 0.026276 0.541400
vt 0.028415 0.528654
vt 0.031643 0.540415
vt 0.032682 0.527329
vt 0.036756 0.538706
vt 0.036735 0.525495
vt 0.041330 0.536491
vt 0.040805 0.523432
vt 0.045802 0.533557
vt 0.044839 0.521052
vt 0.050204 0.530373
vt 0.788689 0.972945
vt 0.798337 0.974925
vt 0.797836 0.979946
vt 0.788304 0.978516
vt 0.776831 0.970841
vt 0.797509 0.984971
vt 0.787740 0.983948
vt 0.797319 0.989533
vt 0.787148 0.988977
vt 0.797213 0.993841
vt 0.786564 0.993541
vt 0.797098 0.997939
vt 0.786025 0.997850
vt 0.562729 0.269709
vt 0.555126 0.277084
vt 0.551740 0.275179
vt 0.559236 0.267225
vt 0.548546 0.272800
vt 0.555959 0.264525
vt 0.545925 0.270111
vt 0.552975 0.261676
vt 0.048778 0.440685
vt 0.036964 0.445049
vt 0.035381 0.441806
vt 0.047304 0.437380
vt 0.550236 0.258716
vt 0.033553 0.438116
vt 0.045462 0.433858
vt 0.031712 0.433769
vt 0.042925 0.430195
vt 0.024932 0.439539
vt 0.024261 0.433997
vt 0.024794 0.426679
vt 0.018834 0.433303
vt 0.020167 0.424810
vt 0.024291 0.412960
vt 0.028350 0.415546
vt 0.016356 0.423152
vt 0.020469 0.410861
vt 0.012803 0.421628
vt 0.016836 0.409278
vt 0.022073 0.395037
vt 0.013651 0.408013
vt 0.018320 0.393830
vt 0.022900 0.378717
vt 0.054138 0.483884
vt 0.041270 0.489061
vt 0.039077 0.485481
vt 0.051265 0.479850
vt 0.036972 0.481590
vt 0.048661 0.475770
vt 0.035070 0.477437
vt 0.046284 0.471296
vt 0.033438 0.472950
vt 0.044396 0.466709
vt 0.032237 0.468160
vt 0.042902 0.461845
vt 0.023607 0.477712
vt 0.022685 0.473396
vt 0.237404 0.048110
vt 0.226663 0.040839
vt 0.228931 0.038068
vt 0.217884 0.034240
vt 0.220046 0.031955
vt 0.222158 0.029337
vt 0.214474 0.023957
vt 0.216084 0.021280
vt 0.208666 0.019736
vt 0.209912 0.017641
vt 0.211187 0.015270
vt 0.217725 0.018213
vt 0.212465 0.012688
vt 0.219375 0.014917
vt 0.213792 0.010011
vt 0.221099 0.011391
vt 0.222411 0.007719
vt 0.223014 0.004291
vt 0.020195 0.518161
vt 0.020743 0.510647
vt 0.023358 0.510888
vt 0.023444 0.518428
vt 0.026059 0.510520
vt 0.026783 0.518053
vt 0.028867 0.509786
vt 0.030194 0.517323
vt 0.031680 0.508988
vt 0.033674 0.516324
vt 0.034177 0.508195
vt 0.037065 0.515016
vt 0.030936 0.503963
vt 0.033602 0.503501
vt 0.030934 0.500097
vt 0.034075 0.499765
vt 0.037659 0.500031
vt 0.042420 0.501670
vt 0.034654 0.496403
vt 0.038791 0.496899
vt 0.043898 0.498886
vt 0.813609 0.990715
vt 0.806478 0.992879
vt 0.806359 0.988898
vt 0.813033 0.986883
vt 0.817803 0.987923
vt 0.818652 0.991598
vt 0.813993 0.994285
vt 0.806558 0.996481
vt 0.549524 0.283589
vt 0.545723 0.288832
vt 0.542411 0.287006
vt 0.546314 0.281867
vt 0.539615 0.284117
vt 0.543380 0.279514
vt 0.028228 0.450830
vt 0.020472 0.452278
vt 0.019807 0.448716
vt 0.027070 0.447750
vt 0.038205 0.447930
vt 0.019076 0.444655
vt 0.025954 0.444076
vt 0.018693 0.439604
vt 0.014221 0.444351
vt 0.014192 0.439161
vt 0.014534 0.432403
vt 0.010242 0.438435
vt 0.010744 0.431350
vt 0.006606 0.437618
vt 0.007308 0.430208
vt 0.009708 0.420188
vt 0.004377 0.428991
vt 0.007101 0.418927
vt 0.011067 0.407074
vt 0.027337 0.489688
vt 0.028869 0.492840
vt 0.016897 0.492056
vt 0.015976 0.488651
vt 0.025860 0.485926
vt 0.015263 0.484842
vt 0.024641 0.482017
vt 0.014705 0.480826
vt 0.007164 0.486018
vt 0.007022 0.482447
vt 0.006829 0.478852
vt 0.014213 0.476885
vt 0.007526 0.489527
vt 0.001960 0.489108
vt 0.001555 0.485614
vt 0.001824 0.482355
vt 0.611624 0.001709
vt 0.613223 0.004750
vt 0.608616 0.005464
vt 0.607361 0.002418
vt 0.202494 0.024786
vt 0.201449 0.020315
vt 0.604849 0.005799
vt 0.604068 0.002668
vt 0.201583 0.017099
vt 0.204697 0.017956
vt 0.202069 0.014315
vt 0.205482 0.015647
vt 0.203050 0.011720
vt 0.206469 0.013275
vt 0.204421 0.009319
vt 0.207687 0.010960
vt 0.206080 0.007102
vt 0.209081 0.008720
vt 0.592694 0.001950
vt 0.592290 0.004915
vt 0.589410 0.004246
vt 0.590163 0.001673
vt 0.595356 0.002216
vt 0.595108 0.005302
vt 0.594659 0.008437
vt 0.591741 0.007874
vt 0.598132 0.002387
vt 0.598127 0.005603
vt 0.598035 0.008937
vt 0.597846 0.012791
vt 0.594227 0.011983
vt 0.601351 0.005810
vt 0.601623 0.009279
vt 0.601703 0.013189
vt 0.601547 0.017421
vt 0.597557 0.016993
vt 0.605523 0.009212
vt 0.605703 0.013218
vt 0.605620 0.017306
vt 0.605311 0.021599
vt 0.601178 0.021917
vt 0.609791 0.012794
vt 0.609810 0.016774
vt 0.609639 0.020949
vt 0.010104 0.443626
vt 0.006550 0.442676
vt 0.609484 0.008971
vt 0.614233 0.008208
vt 0.614464 0.011937
vt 0.618967 0.003444
vt 0.620096 0.006788
vt 0.003536 0.436620
vt 0.600685 0.026884
vt 0.596662 0.026889
vt 0.597155 0.021658
vt 0.014785 0.452048
vt 0.014499 0.448491
vt 0.593054 0.025738
vt 0.593373 0.020607
vt 0.593846 0.016035
vt 0.590312 0.018811
vt 0.590728 0.014676
vt 0.591231 0.011021
vt 0.031016 0.496748
vt 0.028126 0.500849
vt 0.027908 0.497677
vt 0.028322 0.504588
vt 0.025705 0.505290
vt 0.025335 0.501672
vt 0.588961 0.007074
vt 0.023352 0.506055
vt 0.022759 0.503207
vt 0.601050 0.002558
vt 0.008491 0.492722
vt 0.806461 0.976066
vt 0.831579 0.619654
vt 0.835584 0.618258
vt 0.838259 0.630807
vt 0.388560 0.686104
vt 0.387631 0.699185
vt 0.384992 0.685893
vt 0.385872 0.672408
vt 0.389502 0.672755
vt 0.381102 0.672079
vt 0.382413 0.658032
vt 0.376551 0.657538
vt 0.377636 0.642954
vt 0.371099 0.642399
vt 0.371817 0.627639
vt 0.362495 0.627514
vt 0.362174 0.612596
vt 0.350577 0.613208
vt 0.350326 0.598150
vt 0.339790 0.598864
vt 0.339328 0.583704
vt 0.329869 0.584313
vt 0.329070 0.569330
vt 0.320337 0.570049
vt 0.319502 0.555003
vt 0.311659 0.555622
vt 0.311071 0.540298
vt 0.305094 0.556002
vt 0.304496 0.540498
vt 0.304163 0.525206
vt 0.698638 0.621255
vt 0.707203 0.609896
vt 0.703434 0.627151
vt 0.695456 0.638402
vt 0.690176 0.632666
vt 0.702278 0.644927
vt 0.695070 0.655675
vt 0.704142 0.661899
vt 0.698186 0.671912
vt 0.711526 0.677028
vt 0.709093 0.684418
vt 0.725627 0.689826
vt 0.723308 0.696533
vt 0.739193 0.703915
vt 0.736032 0.709934
vt 0.749607 0.718252
vt 0.745694 0.723854
vt 0.732719 0.715766
vt 0.757279 0.731986
vt 0.753604 0.737082
vt 0.742636 0.728409
vt 0.234141 0.257872
vt 0.766227 0.737650
vt 0.762212 0.743880
vt 0.180310 0.204487
vt 0.240478 0.267950
vt 0.233959 0.272861
vt 0.806901 0.882194
vt 0.820295 0.886334
vt 0.847357 0.885830
vt 0.833981 0.888303
vt 0.848499 0.891785
vt 0.835212 0.894425
vt 0.824094 0.443177
vt 0.339914 0.226001
vt 0.326705 0.211166
vt 0.334643 0.201277
vt 0.352826 0.215314
vt 0.341500 0.185366
vt 0.356478 0.193503
vt 0.372442 0.195306
vt 0.373223 0.213297
vt 0.380055 0.228573
vt 0.362648 0.233920
vt 0.350071 0.239943
vt 0.467590 0.316014
vt 0.485730 0.321001
vt 0.478220 0.335368
vt 0.454714 0.332367
vt 0.439882 0.319907
vt 0.452615 0.307998
vt 0.457669 0.350589
vt 0.441896 0.355922
vt 0.435161 0.342114
vt 0.476152 0.349926
vt 0.425474 0.330662
vt 0.515573 0.263514
vt 0.503197 0.267796
vt 0.495120 0.260732
vt 0.511826 0.254092
vt 0.521150 0.238503
vt 0.532132 0.244988
vt 0.526243 0.255738
vt 0.524724 0.262860
vt 0.762819 0.416594
vt 0.754073 0.413121
vt 0.756303 0.407986
vt 0.762748 0.412518
vt 0.766332 0.411451
vt 0.768121 0.416761
vt 0.759439 0.403706
vt 0.636466 0.003125
vt 0.640132 0.001670
vt 0.640691 0.004863
vt 0.637689 0.005241
vt 0.635674 0.009410
vt 0.632555 0.007986
vt 0.639075 0.010800
vt 0.508740 0.015562
vt 0.510981 0.008821
vt 0.513409 0.009552
vt 0.510861 0.014451
vt 0.511741 0.016605
vt 0.509515 0.018423
vt 0.516095 0.010946
vt 0.306075 0.719029
vt 0.307398 0.721571
vt 0.304350 0.721568
vt 0.303998 0.719554
vt 0.301379 0.717578
vt 0.303063 0.715829
vt 0.300324 0.719623
vt 0.924482 0.461386
vt 0.921702 0.456914
vt 0.924226 0.455969
vt 0.925554 0.459660
vt 0.926269 0.455171
vt 0.927207 0.460003
vt 0.926601 0.462225
vt 0.736028 0.014809
vt 0.738440 0.017015
vt 0.735651 0.018556
vt 0.734224 0.016401
vt 0.729321 0.015307
vt 0.729851 0.012500
vt 0.729535 0.018223
vt 0.071616 0.261868
vt 0.067097 0.270187
vt 0.061987 0.262366
vt 0.066629 0.259037
vt 0.066797 0.247213
vt 0.074476 0.247577
vt 0.059243 0.248199
vt 0.616533 0.528133
vt 0.615408 0.526517
vt 0.619092 0.524817
vt 0.618756 0.526258
vt 0.620387 0.526627
vt 0.618281 0.529615
vt 0.621161 0.525070
vt 0.137902 0.578043
vt 0.142014 0.582958
vt 0.138572 0.584962
vt 0.136667 0.580353
vt 0.133440 0.580651
vt 0.134069 0.577116
vt 0.134737 0.586806
vt 0.933462 0.516367
vt 0.936181 0.522317
vt 0.929848 0.523112
vt 0.929347 0.518444
vt 0.920767 0.521860
vt 0.922443 0.516383
vt 0.925512 0.511370
vt 0.282274 0.840410
vt 0.275800 0.847475
vt 0.268272 0.841615
vt 0.269875 0.830680
vt 0.015231 0.021394
vt 0.016079 0.033793
vt 0.004490 0.035806
vt 0.001568 0.018098
vt 0.003210 0.008234
vt 0.014477 0.012890
vt 0.687949 0.870238
vt 0.701690 0.861994
vt 0.707972 0.876997
vt 0.692119 0.885397
vt 0.716731 0.888746
vt 0.703834 0.894566
vt 0.324293 0.921894
vt 0.316498 0.908605
vt 0.332837 0.901816
vt 0.345976 0.915374
vt 0.688171 0.317235
vt 0.673243 0.309091
vt 0.675262 0.293060
vt 0.695079 0.299358
vt 0.711543 0.292125
vt 0.721147 0.307067
vt 0.709526 0.316058
vt 0.674846 0.275360
vt 0.692223 0.277037
vt 0.706721 0.276298
vt 0.435770 0.765390
vt 0.445674 0.775298
vt 0.433929 0.790919
vt 0.419451 0.781126
vt 0.413919 0.758832
vt 0.427912 0.749139
vt 0.397714 0.781842
vt 0.397104 0.762816
vt 0.410721 0.801963
vt 0.392255 0.799517
vt 0.424285 0.806911
vt 0.445165 0.798179
vt 0.436314 0.812901
vt 0.415845 0.822575
vt 0.401815 0.818484
vt 0.428050 0.828254
vt 0.420288 0.843002
vt 0.407887 0.837426
vt 0.423624 0.862489
vt 0.412699 0.856766
vt 0.455373 0.782683
vt 0.457574 0.759410
vt 0.466474 0.766630
vt 0.477726 0.750493
vt 0.487686 0.734176
vt 0.496383 0.718051
vt 0.478937 0.727515
vt 0.487185 0.711325
vt 0.468917 0.743561
vt 0.460131 0.735061
vt 0.469936 0.719450
vt 0.448717 0.750297
vt 0.440629 0.738140
vt 0.452200 0.725108
vt 0.434964 0.726325
vt 0.446106 0.715675
vt 0.422434 0.735323
vt 0.418969 0.724507
vt 0.430760 0.716946
vt 0.409183 0.742294
vt 0.406657 0.730288
vt 0.395048 0.746533
vt 0.393903 0.733644
vt 0.380697 0.747890
vt 0.381206 0.734662
vt 0.380986 0.764412
vt 0.365349 0.762909
vt 0.367306 0.746796
vt 0.379240 0.780957
vt 0.362143 0.777859
vt 0.373990 0.796600
vt 0.356958 0.792520
vt 0.366942 0.811213
vt 0.350121 0.806118
vt 0.384617 0.815117
vt 0.377522 0.827238
vt 0.360093 0.822641
vt 0.393878 0.831999
vt 0.386640 0.843110
vt 0.371210 0.837483
vt 0.400478 0.849871
vt 0.392115 0.862199
vt 0.378671 0.854261
vt 0.404387 0.869872
vt 0.415768 0.875958
vt 0.395316 0.882553
vt 0.382316 0.875099
vt 0.625749 0.254743
vt 0.641744 0.269996
vt 0.625801 0.267572
vt 0.658152 0.272723
vt 0.858124 0.025523
vt 0.851989 0.010204
vt 0.865934 0.002152
vt 0.873325 0.016471
vt 0.721097 0.274444
vt 0.504158 0.702761
vt 0.511683 0.688578
vt 0.494553 0.696022
vt 0.501734 0.681817
vt 0.485877 0.689259
vt 0.493409 0.675682
vt 0.478287 0.703894
vt 0.470643 0.696911
vt 0.478664 0.683347
vt 0.462077 0.710965
vt 0.455870 0.703508
vt 0.464698 0.690948
vt 0.450905 0.697097
vt 0.459938 0.685697
vt 0.441309 0.707723
vt 0.658517 0.489343
vt 0.655554 0.501859
vt 0.647482 0.501451
vt 0.649964 0.488065
vt 0.653004 0.474605
vt 0.661962 0.477054
vt 0.673887 0.480943
vt 0.669805 0.492161
vt 0.665980 0.464894
vt 0.678055 0.469731
vt 0.656635 0.460949
vt 0.670114 0.452978
vt 0.682413 0.458623
vt 0.660318 0.447727
vt 0.674083 0.441680
vt 0.686626 0.447806
vt 0.663540 0.435264
vt 0.677532 0.431099
vt 0.689882 0.437692
vt 0.119831 0.486079
vt 0.129017 0.489687
vt 0.122173 0.503718
vt 0.114218 0.500156
vt 0.130972 0.508616
vt 0.123028 0.522227
vt 0.114347 0.516809
vt 0.138454 0.494396
vt 0.148269 0.500238
vt 0.140313 0.514611
vt 0.143989 0.479071
vt 0.154515 0.485267
vt 0.133249 0.474306
vt 0.164710 0.492674
vt 0.157690 0.506950
vt 0.350923 0.758648
vt 0.337799 0.752789
vt 0.342402 0.738711
vt 0.354469 0.743698
vt 0.346634 0.773155
vt 0.332594 0.766980
vt 0.341121 0.787313
vt 0.326586 0.780771
vt 0.334481 0.799607
vt 0.320151 0.792158
vt 0.328152 0.808795
vt 0.314257 0.800753
vt 0.343419 0.816194
vt 0.337436 0.824163
vt 0.322138 0.816325
vt 0.354198 0.831252
vt 0.772755 0.914286
vt 0.761223 0.900365
vt 0.771269 0.894764
vt 0.783213 0.908440
vt 0.795124 0.922121
vt 0.783344 0.928450
vt 0.805577 0.934867
vt 0.792908 0.941500
vt 0.770454 0.934602
vt 0.760671 0.920660
vt 0.369370 0.866727
vt 0.355866 0.857631
vt 0.364443 0.846205
vt 0.655395 0.042629
vt 0.640873 0.035998
vt 0.648852 0.022520
vt 0.663764 0.028133
vt 0.371530 0.888360
vt 0.359208 0.879162
vt 0.385747 0.895578
vt 0.360051 0.901528
vt 0.346939 0.891467
vt 0.658135 0.288644
vt 0.334725 0.879609
vt 0.346218 0.869183
vt 0.120320 0.002415
vt 0.131512 0.012327
vt 0.124087 0.027671
vt 0.111829 0.017123
vt 0.321165 0.888494
vt 0.309183 0.876247
vt 0.321438 0.868121
vt 0.306599 0.895150
vt 0.296136 0.882246
vt 0.300276 0.913407
vt 0.291387 0.899938
vt 0.281989 0.886675
vt 0.277354 0.903487
vt 0.268834 0.890562
vt 0.273758 0.875838
vt 0.285426 0.870597
vt 0.262045 0.880043
vt 0.255829 0.894161
vt 0.250329 0.883837
vt 0.257670 0.872421
vt 0.267707 0.867787
vt 0.247075 0.876347
vt 0.238604 0.888043
vt 0.235951 0.881112
vt 0.245400 0.871781
vt 0.255068 0.867135
vt 0.235006 0.877273
vt 0.224765 0.886883
vt 0.223960 0.883215
vt 0.234564 0.874167
vt 0.244628 0.868678
vt 0.223458 0.879458
vt 0.212164 0.888880
vt 0.211376 0.884338
vt 0.222840 0.873255
vt 0.233736 0.868363
vt 0.210776 0.877845
vt 0.199026 0.889473
vt 0.198699 0.883360
vt 0.187809 0.792385
vt 0.198540 0.783837
vt 0.203439 0.790586
vt 0.192020 0.798961
vt 0.180236 0.807670
vt 0.176230 0.801407
vt 0.168627 0.816626
vt 0.164730 0.810761
vt 0.168348 0.791553
vt 0.179395 0.782148
vt 0.157326 0.801672
vt 0.153466 0.820353
vt 0.146659 0.812130
vt 0.147083 0.791709
vt 0.157397 0.780754
vt 0.137226 0.803268
vt 0.136043 0.822987
vt 0.127303 0.815187
vt 0.127879 0.796388
vt 0.137322 0.784063
vt 0.118981 0.809306
vt 0.117440 0.827607
vt 0.110139 0.822489
vt 0.112266 0.805185
vt 0.120726 0.791877
vt 0.103627 0.818317
vt 0.100831 0.835114
vt 0.094576 0.830987
vt 0.097999 0.814815
vt 0.106549 0.801717
vt 0.089049 0.827403
vt 0.085435 0.843357
vt 0.080238 0.839894
vt 0.084397 0.824333
vt 0.093159 0.811671
vt 0.075924 0.837045
vt 0.071805 0.852747
vt 0.068145 0.850357
vt 0.072196 0.834585
vt 0.080191 0.821480
vt 0.064757 0.848136
vt 0.060372 0.863562
vt 0.057310 0.861557
vt 0.061085 0.845848
vt 0.068577 0.832367
vt 0.053784 0.859250
vt 0.049800 0.873925
vt 0.046359 0.871670
vt 0.702549 0.366203
vt 0.688413 0.360717
vt 0.690665 0.355559
vt 0.704779 0.361359
vt 0.718093 0.367024
vt 0.716002 0.371427
vt 0.730971 0.373054
vt 0.728881 0.377235
vt 0.713510 0.376987
vt 0.699844 0.372353
vt 0.726587 0.382168
vt 0.741596 0.384075
vt 0.739169 0.388793
vt 0.723787 0.388926
vt 0.710497 0.384146
vt 0.736347 0.394766
vt 0.750210 0.396438
vt 0.747262 0.401584
vt 0.733118 0.402504
vt 0.720332 0.398006
vt 0.744286 0.407741
vt 0.741938 0.414326
vt 0.730391 0.410326
vt 0.752206 0.418387
vt 0.761413 0.420820
vt 0.750935 0.423611
vt 0.740334 0.420535
vt 0.760584 0.425385
vt 0.767879 0.421208
vt 0.767991 0.425545
vt 0.760122 0.429647
vt 0.750119 0.428370
vt 0.767947 0.429486
vt 0.773013 0.424785
vt 0.773156 0.428476
vt 0.767982 0.432155
vt 0.759955 0.432713
vt 0.773079 0.430848
vt 0.776603 0.427238
vt 0.776334 0.429549
vt 0.772935 0.431889
vt 0.768006 0.433151
vt 0.930839 0.462504
vt 0.929428 0.462231
vt 0.928933 0.459380
vt 0.929999 0.459315
vt 0.930913 0.464769
vt 0.929302 0.464717
vt 0.928133 0.462211
vt 0.928186 0.459627
vt 0.927491 0.464442
vt 0.925602 0.463909
vt 0.926670 0.466502
vt 0.924366 0.465435
vt 0.928756 0.466986
vt 0.748170 0.019707
vt 0.747088 0.018579
vt 0.749113 0.016891
vt 0.750158 0.018239
vt 0.930603 0.467026
vt 0.927958 0.469045
vt 0.925611 0.468371
vt 0.923066 0.466999
vt 0.749851 0.013300
vt 0.752272 0.011480
vt 0.753407 0.013143
vt 0.751135 0.015033
vt 0.747778 0.015206
vt 0.745910 0.013257
vt 0.747930 0.011457
vt 0.745803 0.017098
vt 0.744031 0.015172
vt 0.743476 0.018984
vt 0.742020 0.017201
vt 0.744676 0.020189
vt 0.782600 0.421369
vt 0.784321 0.420901
vt 0.784672 0.424043
vt 0.782779 0.424647
vt 0.780840 0.425272
vt 0.780892 0.421987
vt 0.782511 0.427202
vt 0.780627 0.427693
vt 0.778838 0.426126
vt 0.778964 0.422812
vt 0.778521 0.428419
vt 0.776496 0.423733
vt 0.775837 0.419359
vt 0.778397 0.418233
vt 0.772477 0.420436
vt 0.771383 0.415529
vt 0.774446 0.414002
vt 0.768572 0.408912
vt 0.770970 0.406471
vt 0.762067 0.400454
vt 0.764372 0.397683
vt 0.752883 0.392100
vt 0.755160 0.388580
vt 0.743748 0.380154
vt 0.745413 0.377207
vt 0.756879 0.385883
vt 0.732643 0.370173
vt 0.043976 0.887385
vt 0.035610 0.899252
vt 0.033559 0.897898
vt 0.041800 0.885894
vt 0.052367 0.875685
vt 0.038892 0.883772
vt 0.054582 0.877034
vt 0.045645 0.888385
vt 0.063358 0.865492
vt 0.067511 0.868106
vt 0.058268 0.879354
vt 0.076509 0.855803
vt 0.082145 0.859599
vt 0.072533 0.871414
vt 0.091466 0.847456
vt 0.097566 0.851849
vt 0.087650 0.863573
vt 0.107533 0.839903
vt 0.114207 0.845368
vt 0.103517 0.856687
vt 0.125148 0.834152
vt 0.130676 0.840147
vt 0.119264 0.850451
vt 0.142180 0.830133
vt 0.145721 0.835254
vt 0.134309 0.844876
vt 0.157190 0.825878
vt 0.159816 0.829992
vt 0.148327 0.839158
vt 0.171386 0.820986
vt 0.187618 0.899758
vt 0.175299 0.905084
vt 0.174665 0.900388
vt 0.186901 0.894825
vt 0.199837 0.894299
vt 0.182974 0.812216
vt 0.200865 0.898763
vt 0.188607 0.904455
vt 0.212971 0.892825
vt 0.214723 0.898953
vt 0.202535 0.904855
vt 0.226846 0.893028
vt 0.230767 0.902244
vt 0.217999 0.907296
vt 0.243233 0.897864
vt 0.249640 0.910559
vt 0.236103 0.914236
vt 0.263226 0.907115
vt 0.270185 0.920681
vt 0.255799 0.923835
vt 0.284927 0.917269
vt 0.290671 0.931278
vt 0.275393 0.934722
vt 0.306532 0.927221
vt 0.732678 0.320130
vt 0.742757 0.332428
vt 0.732036 0.342158
vt 0.721527 0.329716
vt 0.743652 0.312582
vt 0.752963 0.324948
vt 0.732637 0.300275
vt 0.743372 0.294900
vt 0.752135 0.306796
vt 0.724897 0.287224
vt 0.738333 0.283690
vt 0.735791 0.272319
vt 0.749678 0.270568
vt 0.751688 0.280957
vt 0.763504 0.268928
vt 0.519059 0.674967
vt 0.526541 0.661826
vt 0.509030 0.668354
vt 0.516571 0.655274
vt 0.501263 0.662773
vt 0.509301 0.650149
vt 0.494787 0.657827
vt 0.503069 0.645514
vt 0.486577 0.670382
vt 0.481184 0.665780
vt 0.489495 0.653481
vt 0.472893 0.678291
vt 0.468542 0.673895
vt 0.476981 0.661777
vt 0.650207 0.527593
vt 0.647524 0.540518
vt 0.640874 0.541039
vt 0.643341 0.527925
vt 0.645359 0.514771
vt 0.652807 0.514638
vt 0.662781 0.515952
vt 0.659566 0.528398
vt 0.666068 0.503826
vt 0.679581 0.507650
vt 0.675342 0.519128
vt 0.683771 0.496564
vt 0.698955 0.501853
vt 0.694533 0.512674
vt 0.687857 0.485848
vt 0.703070 0.491244
vt 0.691974 0.475075
vt 0.706986 0.480519
vt 0.696136 0.464337
vt 0.710693 0.469825
vt 0.700202 0.453841
vt 0.714177 0.459319
vt 0.703322 0.444037
vt 0.717099 0.449696
vt 0.113919 0.534921
vt 0.104191 0.546193
vt 0.095932 0.540176
vt 0.105447 0.529256
vt 0.122446 0.541080
vt 0.112479 0.552527
vt 0.131763 0.528307
vt 0.140642 0.534963
vt 0.131088 0.547846
vt 0.149539 0.521245
vt 0.158752 0.528478
vt 0.149638 0.542121
vt 0.167120 0.514470
vt 0.176483 0.522642
vt 0.168089 0.536236
vt 0.174586 0.500887
vt 0.184143 0.509750
vt 0.325728 0.745657
vt 0.314360 0.737768
vt 0.319642 0.725646
vt 0.330843 0.732580
vt 0.319859 0.759416
vt 0.308034 0.750787
vt 0.313568 0.772698
vt 0.301227 0.763127
vt 0.307333 0.783247
vt 0.294895 0.772998
vt 0.301433 0.791397
vt 0.289279 0.780863
vt 0.743189 0.856200
vt 0.736164 0.842599
vt 0.744208 0.838487
vt 0.751635 0.851929
vt 0.759837 0.864999
vt 0.751142 0.869415
vt 0.769280 0.877715
vt 0.760329 0.881736
vt 0.741191 0.874903
vt 0.734073 0.861877
vt 0.749921 0.887255
vt 0.738502 0.894405
vt 0.729290 0.881855
vt 0.749983 0.906946
vt 0.317711 0.849149
vt 0.303530 0.839949
vt 0.311088 0.830005
vt 0.326172 0.838638
vt 0.341342 0.847904
vt 0.332098 0.858984
vt 0.307739 0.857732
vt 0.294561 0.848379
vt 0.296624 0.864864
vt 0.284903 0.855098
vt 0.276369 0.861342
vt 0.270232 0.854751
vt 0.263577 0.861659
vt 0.260523 0.856593
vt 0.265449 0.849012
vt 0.253592 0.863220
vt 0.231854 0.768813
vt 0.237862 0.762550
vt 0.244608 0.766064
vt 0.236629 0.772345
vt 0.227104 0.779155
vt 0.224312 0.775839
vt 0.216978 0.786747
vt 0.214029 0.782755
vt 0.215751 0.768698
vt 0.222008 0.762209
vt 0.207925 0.775924
vt 0.197320 0.766234
vt 0.202840 0.759439
vt 0.189100 0.773609
vt 0.176361 0.761253
vt 0.183784 0.754229
vt 0.167548 0.770035
vt 0.156314 0.760474
vt 0.164745 0.749864
vt 0.147031 0.772098
vt 0.138667 0.766111
vt 0.147310 0.753785
vt 0.129495 0.778775
vt 0.123323 0.774774
vt 0.131708 0.761399
vt 0.114800 0.788313
vt 0.109431 0.785017
vt 0.117158 0.771160
vt 0.101453 0.798595
vt 0.096365 0.795478
vt 0.104042 0.782019
vt 0.088485 0.808584
vt 0.647832 0.338366
vt 0.633810 0.332552
vt 0.636118 0.327378
vt 0.650044 0.333696
vt 0.664007 0.339992
vt 0.661984 0.344276
vt 0.678075 0.346122
vt 0.676267 0.349997
vt 0.659429 0.350149
vt 0.645146 0.344577
vt 0.673979 0.355554
vt 0.671199 0.362275
vt 0.656597 0.356981
vt 0.685554 0.367445
vt 0.682375 0.374922
vt 0.667895 0.369986
vt 0.696783 0.379578
vt 0.692787 0.388977
vt 0.678593 0.383951
vt 0.706718 0.393667
vt 0.703062 0.403164
vt 0.688700 0.399185
vt 0.717081 0.406625
vt 0.714967 0.413321
vt 0.700937 0.410135
vt 0.728445 0.416966
vt 0.726915 0.422659
vt 0.713444 0.419345
vt 0.739030 0.425922
vt 0.738176 0.429842
vt 0.725743 0.427067
vt 0.749673 0.431787
vt 0.749407 0.434102
vt 0.737671 0.432584
vt 0.759896 0.434378
vt 0.926238 0.446448
vt 0.924269 0.435981
vt 0.926067 0.435830
vt 0.927513 0.446247
vt 0.928317 0.454423
vt 0.927536 0.454664
vt 0.924300 0.446866
vt 0.921794 0.436315
vt 0.921568 0.447618
vt 0.918424 0.437038
vt 0.918581 0.448646
vt 0.914851 0.438205
vt 0.915866 0.449750
vt 0.911459 0.439634
vt 0.919602 0.457705
vt 0.922982 0.462388
vt 0.917885 0.458503
vt 0.913778 0.450746
vt 0.921599 0.463292
vt 0.920348 0.464299
vt 0.916772 0.459121
vt 0.951614 0.521537
vt 0.949137 0.515428
vt 0.950322 0.514636
vt 0.952794 0.520500
vt 0.921845 0.468306
vt 0.919167 0.465245
vt 0.949521 0.522975
vt 0.947014 0.516838
vt 0.952949 0.525417
vt 0.950981 0.527024
vt 0.947865 0.528705
vt 0.946222 0.524543
vt 0.745295 0.009355
vt 0.747694 0.007506
vt 0.750384 0.009723
vt 0.944535 0.533623
vt 0.943399 0.530402
vt 0.948949 0.531535
vt 0.949838 0.533704
vt 0.945567 0.536157
vt 0.743333 0.011044
vt 0.741614 0.013027
vt 0.737827 0.010331
vt 0.739404 0.008198
vt 0.740129 0.015112
vt 0.736847 0.012690
vt 0.739669 0.018979
vt 0.736223 0.020412
vt 0.740668 0.020582
vt 0.736983 0.021839
vt 0.781594 0.410068
vt 0.782922 0.409617
vt 0.785033 0.416508
vt 0.783353 0.416700
vt 0.781943 0.416968
vt 0.780371 0.410513
vt 0.780307 0.417489
vt 0.778851 0.411269
vt 0.776755 0.412539
vt 0.772966 0.404737
vt 0.774718 0.403251
vt 0.766314 0.395335
vt 0.767426 0.393813
vt 0.757739 0.384456
vt 0.028866 0.911623
vt 0.021088 0.922133
vt 0.019960 0.921000
vt 0.027614 0.910854
vt 0.037059 0.900105
vt 0.026050 0.909697
vt 0.039642 0.901864
vt 0.030993 0.913167
vt 0.048853 0.890352
vt 0.053218 0.893175
vt 0.043381 0.904513
vt 0.062923 0.882514
vt 0.067555 0.885991
vt 0.057658 0.896555
vt 0.077664 0.875017
vt 0.082717 0.879113
vt 0.072152 0.889921
vt 0.093147 0.867995
vt 0.098115 0.872485
vt 0.087431 0.883513
vt 0.108568 0.861306
vt 0.112381 0.865278
vt 0.101845 0.876103
vt 0.123064 0.854861
vt 0.125831 0.858151
vt 0.114942 0.868228
vt 0.137002 0.848503
vt 0.150873 0.916339
vt 0.138828 0.922653
vt 0.138148 0.918768
vt 0.150128 0.911983
vt 0.162356 0.906032
vt 0.163050 0.910621
vt 0.164099 0.915451
vt 0.151883 0.921135
vt 0.176251 0.909907
vt 0.177717 0.915735
vt 0.165555 0.921205
vt 0.190182 0.910375
vt 0.192512 0.917938
vt 0.179954 0.923085
vt 0.205296 0.912702
vt 0.209278 0.922951
vt 0.195981 0.927530
vt 0.222635 0.918382
vt 0.227631 0.930456
vt 0.213818 0.934461
vt 0.241671 0.926950
vt 0.246141 0.939499
vt 0.231951 0.942704
vt 0.260514 0.937167
vt 0.760594 0.357354
vt 0.769896 0.369317
vt 0.760816 0.378172
vt 0.750910 0.366544
vt 0.741320 0.354415
vt 0.751839 0.344872
vt 0.761848 0.337327
vt 0.770837 0.349548
vt 0.770646 0.330751
vt 0.779932 0.342331
vt 0.761804 0.319015
vt 0.769903 0.313888
vt 0.779413 0.324579
vt 0.761634 0.302550
vt 0.772299 0.298901
vt 0.779319 0.309262
vt 0.755116 0.291411
vt 0.767617 0.288258
vt 0.765120 0.278233
vt 0.778565 0.275623
vt 0.781154 0.284471
vt 0.777210 0.267320
vt 0.789538 0.265542
vt 0.790738 0.273268
vt 0.453873 0.406855
vt 0.459802 0.416302
vt 0.465809 0.426310
vt 0.467845 0.412974
vt 0.473061 0.423090
vt 0.830724 0.171724
vt 0.828319 0.166211
vt 0.837865 0.159141
vt 0.840184 0.165042
vt 0.844007 0.171705
vt 0.833784 0.178153
vt 0.847841 0.179220
vt 0.836966 0.185067
vt 0.821843 0.183329
vt 0.818998 0.177056
vt 0.824947 0.190217
vt 0.840480 0.193127
vt 0.828650 0.198307
vt 0.812446 0.194515
vt 0.809397 0.187224
vt 0.816432 0.202869
vt 0.832919 0.207816
vt 0.820845 0.212709
vt 0.784624 0.294270
vt 0.792916 0.281189
vt 0.795959 0.290203
vt 0.809130 0.217158
vt 0.804688 0.206475
vt 0.825884 0.223548
vt 0.814231 0.228446
vt 0.790558 0.304100
vt 0.798035 0.313954
vt 0.788163 0.319257
vt 0.819644 0.240092
vt 0.809699 0.245309
vt 0.804626 0.232938
vt 0.797863 0.328784
vt 0.788837 0.335282
vt 0.807897 0.338366
vt 0.798776 0.345519
vt 0.789469 0.353163
vt 0.808729 0.355070
vt 0.799145 0.363511
vt 0.779895 0.361066
vt 0.789379 0.371922
vt 0.808953 0.373349
vt 0.799185 0.382095
vt 0.779467 0.380441
vt 0.789415 0.390888
vt 0.809360 0.391773
vt 0.800008 0.400910
vt 0.781099 0.399943
vt 0.770558 0.389382
vt 0.792303 0.409995
vt 0.810867 0.410425
vt 0.803440 0.419928
vt 0.200333 0.938792
vt 0.218180 0.946307
vt 0.204712 0.950288
vt 0.191260 0.954642
vt 0.186777 0.943226
vt 0.178391 0.958983
vt 0.173721 0.947652
vt 0.182961 0.932151
vt 0.170246 0.936798
vt 0.161145 0.952076
vt 0.157687 0.941607
vt 0.167594 0.928282
vt 0.155286 0.933585
vt 0.145066 0.946780
vt 0.142721 0.938909
vt 0.153340 0.926782
vt 0.140969 0.932360
vt 0.130184 0.944195
vt 0.128536 0.937749
vt 0.139723 0.927077
vt 0.127418 0.933064
vt 0.116087 0.943195
vt 0.114886 0.938869
vt 0.126640 0.929245
vt 0.114137 0.935721
vt 0.102322 0.944978
vt 0.101575 0.942484
vt 0.113719 0.932913
vt 0.126117 0.925960
vt 0.101095 0.940305
vt 0.089112 0.949401
vt 0.088795 0.947990
vt 0.090929 0.887063
vt 0.104025 0.878517
vt 0.092762 0.889089
vt 0.081399 0.899453
vt 0.079834 0.897668
vt 0.070118 0.909465
vt 0.068715 0.907834
vt 0.076517 0.894212
vt 0.065671 0.904426
vt 0.057466 0.917400
vt 0.054676 0.914334
vt 0.061742 0.900273
vt 0.051077 0.910835
vt 0.043999 0.924495
vt 0.040912 0.921446
vt 0.047369 0.907628
vt 0.037574 0.918373
vt 0.031345 0.931305
vt 0.028363 0.928521
vt 0.034121 0.915536
vt 0.025475 0.926003
vt 0.020048 0.937255
vt 0.017717 0.934851
vt 0.022692 0.923690
vt 0.015735 0.932618
vt 0.012584 0.940422
vt 0.011392 0.938536
vt 0.014541 0.930945
vt 0.776227 0.401970
vt 0.777657 0.400819
vt 0.768404 0.392611
vt 0.022678 0.939750
vt 0.016150 0.945045
vt 0.014157 0.942688
vt 0.721977 0.009942
vt 0.721478 0.013282
vt 0.034001 0.933973
vt 0.025147 0.941980
vt 0.036440 0.936840
vt 0.027389 0.944067
vt 0.046567 0.927271
vt 0.048260 0.929287
vt 0.038306 0.938895
vt 0.058955 0.919151
vt 0.064775 0.963102
vt 0.052854 0.970964
vt 0.052500 0.968955
vt 0.064487 0.961764
vt 0.076564 0.955089
vt 0.076904 0.956136
vt 0.077504 0.957769
vt 0.065327 0.965124
vt 0.089729 0.951248
vt 0.090967 0.955071
vt 0.078863 0.961645
vt 0.103575 0.948952
vt 0.105496 0.955029
vt 0.093043 0.961026
vt 0.117775 0.949519
vt 0.120174 0.957273
vt 0.108044 0.962467
vt 0.132476 0.952061
vt 0.135981 0.962063
vt 0.123682 0.967106
vt 0.148520 0.956952
vt 0.153091 0.968678
vt 0.140698 0.973534
vt 0.165683 0.963763
vt 0.833312 0.428489
vt 0.844653 0.437529
vt 0.838144 0.447121
vt 0.826664 0.438242
vt 0.815128 0.429219
vt 0.822022 0.419564
vt 0.830169 0.410101
vt 0.840760 0.419282
vt 0.819745 0.401066
vt 0.828705 0.392530
vt 0.838411 0.402108
vt 0.818853 0.382849
vt 0.828503 0.374293
vt 0.838052 0.384182
vt 0.818620 0.364702
vt 0.828467 0.356523
vt 0.838470 0.366269
vt 0.818188 0.347547
vt 0.831555 0.263459
vt 0.837694 0.275375
vt 0.826937 0.281386
vt 0.821755 0.269251
vt 0.815804 0.257351
vt 0.825449 0.251669
vt 0.836863 0.246361
vt 0.842857 0.257949
vt 0.831454 0.234914
vt 0.843213 0.230043
vt 0.848685 0.241434
vt 0.837822 0.218624
vt 0.849345 0.213802
vt 0.854358 0.225496
vt 0.844644 0.202872
vt 0.855752 0.198230
vt 0.860272 0.209592
vt 0.851333 0.187939
vt 0.860429 0.183270
vt 0.865745 0.194170
vt 0.481156 0.420162
vt 0.477048 0.410071
vt 0.487518 0.407053
vt 0.490332 0.416773
vt 0.863691 0.168031
vt 0.869663 0.178678
vt 0.856027 0.173446
vt 0.462995 0.403825
vt 0.473167 0.399899
vt 0.457890 0.393248
vt 0.469300 0.390226
vt 0.447777 0.397289
vt 0.869595 0.022749
vt 0.873565 0.030697
vt 0.865607 0.036743
vt 0.860431 0.027787
vt 0.441319 0.386203
vt 0.452746 0.382086
vt 0.434619 0.374971
vt 0.534018 0.648953
vt 0.541553 0.636256
vt 0.524295 0.642525
vt 0.532329 0.630062
vt 0.517384 0.637640
vt 0.525778 0.625271
vt 0.511400 0.633143
vt 0.520100 0.620905
vt 0.506368 0.629117
vt 0.515351 0.617089
vt 0.497865 0.641312
vt 0.493467 0.637423
vt 0.502023 0.625405
vt 0.485148 0.649583
vt 0.644504 0.553251
vt 0.640903 0.566097
vt 0.634756 0.566842
vt 0.637980 0.553901
vt 0.652877 0.553701
vt 0.648852 0.566444
vt 0.656453 0.541080
vt 0.667031 0.543107
vt 0.662648 0.555509
vt 0.671154 0.530937
vt 0.684783 0.535282
vt 0.679524 0.546934
vt 0.689746 0.523932
vt 0.704399 0.529577
vt 0.698418 0.540720
vt 0.709527 0.518641
vt 0.722876 0.524403
vt 0.716557 0.535407
vt 0.714226 0.507684
vt 0.728309 0.513201
vt 0.718491 0.496677
vt 0.733009 0.501857
vt 0.722400 0.485616
vt 0.737266 0.490420
vt 0.725919 0.474637
vt 0.741071 0.479024
vt 0.729046 0.463799
vt 0.744502 0.468158
vt 0.731827 0.454062
vt 0.747358 0.458378
vt 0.597301 0.492354
vt 0.587539 0.480383
vt 0.596238 0.474674
vt 0.605948 0.486056
vt 0.615599 0.496122
vt 0.607246 0.502751
vt 0.588946 0.499186
vt 0.579052 0.487177
vt 0.599050 0.509757
vt 0.580582 0.506665
vt 0.570532 0.494710
vt 0.591016 0.517351
vt 0.583103 0.525485
vt 0.572387 0.514828
vt 0.139839 0.555050
vt 0.129359 0.566667
vt 0.120820 0.559420
vt 0.148855 0.562521
vt 0.138285 0.574190
vt 0.158796 0.549726
vt 0.168168 0.557515
vt 0.158113 0.570195
vt 0.177476 0.544336
vt 0.187320 0.552856
vt 0.177848 0.565692
vt 0.185938 0.531261
vt 0.195695 0.540308
vt 0.193599 0.519016
vt 0.203128 0.528954
vt 0.200307 0.508264
vt 0.209616 0.519106
vt 0.190685 0.498145
vt 0.296850 0.740872
vt 0.286263 0.730435
vt 0.292637 0.719719
vt 0.303428 0.729064
vt 0.289870 0.752405
vt 0.279330 0.740854
vt 0.283366 0.761883
vt 0.272300 0.750327
vt 0.277748 0.769309
vt 0.266522 0.757664
vt 0.272447 0.776064
vt 0.261195 0.764395
vt 0.284214 0.787729
vt 0.721134 0.833360
vt 0.714706 0.819465
vt 0.723053 0.814750
vt 0.729448 0.828489
vt 0.727582 0.847772
vt 0.715799 0.854509
vt 0.709669 0.839642
vt 0.722486 0.869537
vt 0.696073 0.846684
vt 0.690745 0.831233
vt 0.703782 0.824799
vt 0.683147 0.854061
vt 0.677642 0.838011
vt 0.671069 0.860635
vt 0.665877 0.845261
vt 0.675466 0.875065
vt 0.030424 0.047045
vt 0.031902 0.062667
vt 0.017862 0.065879
vt 0.016709 0.049258
vt 0.029896 0.033790
vt 0.029323 0.024098
vt 0.044566 0.034374
vt 0.045356 0.045480
vt 0.043912 0.026068
vt 0.028881 0.015485
vt 0.043479 0.017218
vt 0.058979 0.026292
vt 0.059821 0.034188
vt 0.058377 0.018021
vt 0.043242 0.009944
vt 0.058646 0.010781
vt 0.072477 0.017071
vt 0.073214 0.025703
vt 0.073714 0.009872
vt 0.204454 0.733489
vt 0.199592 0.738159
vt 0.188507 0.726151
vt 0.193784 0.722056
vt 0.087688 0.008477
vt 0.086342 0.015623
vt 0.179106 0.713448
vt 0.184879 0.709640
vt 0.183043 0.730722
vt 0.173415 0.718404
vt 0.171193 0.701957
vt 0.175949 0.697907
vt 0.165193 0.707848
vt 0.167951 0.723941
vt 0.158729 0.715457
vt 0.157758 0.699433
vt 0.164151 0.692149
vt 0.150846 0.708574
vt 0.152300 0.725012
vt 0.144068 0.719304
vt 0.145187 0.703611
vt 0.152156 0.693020
vt 0.138040 0.715099
vt 0.137265 0.731282
vt 0.130966 0.727533
vt 0.548044 0.301811
vt 0.534863 0.296922
vt 0.539204 0.289521
vt 0.551642 0.294826
vt 0.564788 0.300470
vt 0.561783 0.306882
vt 0.578454 0.306141
vt 0.575917 0.312194
vt 0.558383 0.313586
vt 0.544114 0.309151
vt 0.573144 0.318535
vt 0.590351 0.317578
vt 0.587646 0.323893
vt 0.569767 0.326124
vt 0.554355 0.322051
vt 0.584612 0.331071
vt 0.602232 0.329310
vt 0.599436 0.336423
vt 0.581312 0.340070
vt 0.565952 0.335781
vt 0.596260 0.345089
vt 0.613854 0.341630
vt 0.610716 0.350266
vt 0.592859 0.355853
vt 0.578167 0.351057
vt 0.607230 0.360932
vt 0.624899 0.355294
vt 0.621352 0.365725
vt 0.603689 0.373545
vt 0.589611 0.369048
vt 0.617752 0.377804
vt 0.635572 0.370312
vt 0.631858 0.381871
vt 0.614818 0.390167
vt 0.600600 0.386799
vt 0.629027 0.393440
vt 0.646061 0.385858
vt 0.643310 0.396563
vt 0.627336 0.403327
vt 0.612985 0.400849
vt 0.641708 0.405461
vt 0.657702 0.399842
vt 0.656266 0.407634
vt 0.640905 0.412483
vt 0.626516 0.411011
vt 0.655338 0.414257
vt 0.670701 0.410423
vt 0.669825 0.416640
vt 0.654859 0.420077
vt 0.640623 0.418761
vt 0.669412 0.421813
vt 0.684233 0.419237
vt 0.683614 0.423924
vt 0.909906 0.357563
vt 0.906503 0.343722
vt 0.911235 0.342738
vt 0.914017 0.356965
vt 0.683267 0.427825
vt 0.669201 0.425945
vt 0.697620 0.426014
vt 0.697116 0.429818
vt 0.907859 0.372062
vt 0.904816 0.358616
vt 0.912790 0.371263
vt 0.915686 0.384733
vt 0.910830 0.385423
vt 0.918281 0.398179
vt 0.913791 0.398572
vt 0.904911 0.386555
vt 0.901552 0.373384
vt 0.908272 0.399555
vt 0.916743 0.411523
vt 0.911672 0.412319
vt 0.902516 0.401104
vt 0.898537 0.388189
vt 0.906496 0.413677
vt 0.915187 0.425036
vt 0.910767 0.426367
vt 0.901493 0.415630
vt 0.896848 0.403240
vt 0.906618 0.428070
vt 0.902839 0.430096
vt 0.896833 0.418118
vt 0.908681 0.441087
vt 0.906563 0.442412
vt 0.899735 0.432177
vt 0.912379 0.451504
vt 0.910810 0.452451
vt 0.904472 0.443809
vt 0.915595 0.459824
vt 0.942468 0.509490
vt 0.935715 0.501482
vt 0.938425 0.499222
vt 0.944808 0.507779
vt 0.939495 0.511759
vt 0.932607 0.504348
vt 0.943799 0.518734
vt 0.940163 0.520680
vt 0.936355 0.514170
vt 0.942124 0.526150
vt 0.936771 0.527618
vt 0.937366 0.531888
vt 0.929334 0.532430
vt 0.929348 0.528261
vt 0.938193 0.535330
vt 0.929633 0.536131
vt 0.939134 0.538054
vt 0.930239 0.538973
vt 0.732070 0.007556
vt 0.725081 0.004198
vt 0.727376 0.001895
vt 0.733963 0.005311
vt 0.730791 0.010011
vt 0.723178 0.006795
vt 0.042208 0.977488
vt 0.043156 0.980051
vt 0.036810 0.988820
vt 0.035635 0.986587
vt 0.029227 0.945616
vt 0.044854 0.982855
vt 0.039062 0.991319
vt 0.053784 0.973681
vt 0.055616 0.977688
vt 0.047319 0.986302
vt 0.066801 0.969047
vt 0.069046 0.974554
vt 0.058218 0.982502
vt 0.080896 0.967398
vt 0.083423 0.973873
vt 0.071783 0.980544
vt 0.095579 0.967892
vt 0.098997 0.976603
vt 0.086721 0.981751
vt 0.111482 0.971841
vt 0.115900 0.982594
vt 0.102991 0.986528
vt 0.128364 0.978296
vt 0.866953 0.456025
vt 0.877831 0.465969
vt 0.871962 0.473544
vt 0.860885 0.464537
vt 0.849582 0.455833
vt 0.855768 0.446633
vt 0.862105 0.438801
vt 0.872606 0.449270
vt 0.851503 0.428818
vt 0.858040 0.421983
vt 0.868146 0.432712
vt 0.848154 0.411862
vt 0.856420 0.404678
vt 0.865462 0.415260
vt 0.847333 0.394336
vt 0.857377 0.387239
vt 0.865830 0.398351
vt 0.848210 0.376426
vt 0.849826 0.300744
vt 0.855262 0.314212
vt 0.844597 0.319054
vt 0.838877 0.306139
vt 0.832943 0.293625
vt 0.843852 0.287695
vt 0.855075 0.282671
vt 0.860513 0.296135
vt 0.849229 0.270001
vt 0.859832 0.265581
vt 0.865145 0.278727
vt 0.854234 0.253084
vt 0.864310 0.249402
vt 0.869058 0.262484
vt 0.859408 0.237207
vt 0.869303 0.233908
vt 0.873341 0.247010
vt 0.864937 0.221523
vt 0.874913 0.218488
vt 0.878433 0.231716
vt 0.870674 0.206161
vt 0.879817 0.203658
vt 0.883421 0.217077
vt 0.875032 0.190507
vt 0.496779 0.388995
vt 0.511552 0.390123
vt 0.511531 0.399717
vt 0.497593 0.398540
vt 0.484846 0.398434
vt 0.482245 0.389129
vt 0.479917 0.378009
vt 0.495906 0.378152
vt 0.465497 0.379123
vt 0.461486 0.365909
vt 0.477725 0.364855
vt 0.447657 0.369407
vt 0.427790 0.363145
vt 0.420174 0.351419
vt 0.411678 0.340255
vt 0.402212 0.329167
vt 0.415030 0.319501
vt 0.392286 0.318147
vt 0.404274 0.308700
vt 0.382016 0.307315
vt 0.549248 0.623689
vt 0.557061 0.611279
vt 0.540633 0.617753
vt 0.549154 0.605663
vt 0.534610 0.613236
vt 0.543743 0.601480
vt 0.529289 0.609047
vt 0.538963 0.597592
vt 0.524876 0.605371
vt 0.535092 0.594228
vt 0.521271 0.602107
vt 0.531941 0.591211
vt 0.511409 0.613633
vt 0.633549 0.592952
vt 0.630124 0.607020
vt 0.625263 0.607603
vt 0.628221 0.593593
vt 0.631427 0.579907
vt 0.637228 0.579289
vt 0.644686 0.579634
vt 0.640263 0.593179
vt 0.653048 0.581278
vt 0.648011 0.594590
vt 0.657944 0.568024
vt 0.668170 0.571307
vt 0.662204 0.584211
vt 0.673954 0.558966
vt 0.685163 0.563728
vt 0.678176 0.575790
vt 0.692024 0.551961
vt 0.701941 0.557501
vt 0.694076 0.568941
vt 0.709521 0.546387
vt 0.717993 0.551818
vt 0.709653 0.562916
vt 0.725880 0.540867
vt 0.733317 0.546121
vt 0.724596 0.557087
vt 0.733422 0.529708
vt 0.741936 0.534885
vt 0.740136 0.518282
vt 0.749968 0.523304
vt 0.745886 0.506664
vt 0.756863 0.511169
vt 0.750999 0.494780
vt 0.763228 0.498509
vt 0.755519 0.482953
vt 0.768742 0.486051
vt 0.759282 0.471573
vt 0.773323 0.474040
vt 0.762508 0.461238
vt 0.777246 0.463128
vt 0.578363 0.467460
vt 0.570000 0.453612
vt 0.579777 0.448421
vt 0.587542 0.462020
vt 0.569500 0.473995
vt 0.560627 0.460169
vt 0.560709 0.481625
vt 0.551268 0.468086
vt 0.551863 0.490087
vt 0.542194 0.477126
vt 0.561937 0.502853
vt 0.553477 0.511512
vt 0.543179 0.499132
vt 0.564110 0.523353
vt 0.555604 0.532112
vt 0.544886 0.520604
vt 0.574867 0.533974
vt 0.566457 0.542697
vt 0.557769 0.551606
vt 0.546791 0.541080
vt 0.167643 0.578210
vt 0.156838 0.589790
vt 0.147438 0.581895
vt 0.177400 0.586295
vt 0.166456 0.597858
vt 0.187839 0.573997
vt 0.197989 0.582519
vt 0.187276 0.594416
vt 0.197459 0.561585
vt 0.207833 0.570426
vt 0.205856 0.549760
vt 0.216263 0.559373
vt 0.212812 0.539418
vt 0.223035 0.549945
vt 0.218957 0.530362
vt 0.228653 0.541789
vt 0.275825 0.719648
vt 0.264706 0.709216
vt 0.269651 0.701105
vt 0.281472 0.710315
vt 0.269392 0.729179
vt 0.259082 0.717852
vt 0.262581 0.738245
vt 0.252861 0.726144
vt 0.256180 0.745974
vt 0.246694 0.733496
vt 0.250300 0.752657
vt 0.240381 0.740340
vt 0.731322 0.810824
vt 0.717334 0.800790
vt 0.726116 0.797117
vt 0.708790 0.805153
vt 0.703623 0.791333
vt 0.712470 0.787044
vt 0.698042 0.809905
vt 0.692824 0.796095
vt 0.685075 0.815856
vt 0.679730 0.801278
vt 0.672630 0.823040
vt 0.667492 0.808710
vt 0.019235 0.081828
vt 0.021076 0.097359
vt 0.007541 0.101490
vt 0.006099 0.085861
vt 0.004934 0.069638
vt 0.033499 0.078543
vt 0.035201 0.094469
vt 0.048264 0.076301
vt 0.049461 0.092718
vt 0.046811 0.060133
vt 0.061943 0.058750
vt 0.063108 0.075055
vt 0.060784 0.044664
vt 0.075501 0.044748
vt 0.076634 0.059344
vt 0.074366 0.033790
vt 0.088326 0.032987
vt 0.089782 0.045635
vt 0.087101 0.023923
vt 0.100511 0.020928
vt 0.100857 0.032930
vt 0.100569 0.013603
vt 0.101723 0.048045
vt 0.102578 0.064369
vt 0.090585 0.061318
vt 0.530784 0.223402
vt 0.541639 0.209457
vt 0.550778 0.217649
vt 0.540653 0.231713
vt 0.522125 0.214888
vt 0.532110 0.201078
vt 0.511486 0.228526
vt 0.499888 0.241714
vt 0.501954 0.219069
vt 0.512595 0.206342
vt 0.490546 0.231068
vt 0.485625 0.250680
vt 0.478092 0.241577
vt 0.482874 0.222704
vt 0.493133 0.210294
vt 0.471281 0.233485
vt 0.464426 0.250570
vt 0.458434 0.242925
vt 0.464980 0.226173
vt 0.476388 0.215591
vt 0.451846 0.235622
vt 0.443363 0.252138
vt 0.436381 0.244640
vt 0.444768 0.227576
vt 0.458034 0.218125
vt 0.429592 0.236617
vt 0.419465 0.252921
vt 0.413130 0.245041
vt 0.422638 0.228213
vt 0.437754 0.219346
vt 0.406082 0.235980
vt 0.396251 0.252421
vt 0.388463 0.242023
vt 0.397172 0.222984
vt 0.414175 0.216554
vt 0.390559 0.209615
vt 0.407104 0.203704
vt 0.387982 0.194535
vt 0.403054 0.190619
vt 0.574271 0.432700
vt 0.563160 0.438294
vt 0.558300 0.423779
vt 0.571571 0.416792
vt 0.374884 0.179668
vt 0.388808 0.179854
vt 0.361035 0.176899
vt 0.589692 0.444436
vt 0.585592 0.428701
vt 0.596348 0.426512
vt 0.599431 0.442194
vt 0.347733 0.171641
vt 0.773625 0.501437
vt 0.780800 0.488065
vt 0.327890 0.175396
vt 0.334995 0.164052
vt 0.766061 0.515165
vt 0.320683 0.187158
vt 0.308961 0.172971
vt 0.316332 0.163393
vt 0.323711 0.154723
vt 0.306451 0.150765
vt 0.313871 0.144378
vt 0.757920 0.528160
vt 0.748828 0.540080
vt 0.298932 0.158788
vt 0.290241 0.145023
vt 0.297850 0.138468
vt 0.304969 0.133592
vt 0.289823 0.126620
vt 0.296459 0.122598
vt 0.739305 0.551242
vt 0.730030 0.562163
vt 0.282364 0.132259
vt 0.274312 0.120664
vt 0.281528 0.115556
vt 0.287993 0.111792
vt 0.272782 0.104985
vt 0.279126 0.101462
vt 0.715880 0.568015
vt 0.721327 0.573053
vt 0.712844 0.584156
vt 0.707460 0.579165
vt 0.704846 0.595524
vt 0.699426 0.590592
vt 0.701277 0.574132
vt 0.693222 0.585717
vt 0.691715 0.602280
vt 0.685618 0.597602
vt 0.686319 0.580720
vt 0.678820 0.592874
vt 0.678527 0.609748
vt 0.671887 0.605278
vt 0.671226 0.588278
vt 0.664551 0.600953
vt 0.665389 0.617892
vt 0.658333 0.614033
vt 0.656498 0.597266
vt 0.650952 0.610702
vt 0.652691 0.627511
vt 0.645833 0.624779
vt 0.643318 0.608327
vt 0.639051 0.622940
vt 0.641129 0.639121
vt 0.635059 0.637586
vt 0.632835 0.621968
vt 0.636181 0.607152
vt 0.629484 0.636789
vt 0.630820 0.652123
vt 0.625961 0.651387
vt 0.624876 0.636565
vt 0.627461 0.621758
vt 0.621966 0.651152
vt 0.622110 0.665952
vt 0.618623 0.665709
vt 0.618799 0.651267
vt 0.621179 0.636762
vt 0.615987 0.665729
vt 0.615038 0.679757
vt 0.613073 0.679698
vt 0.566428 0.561476
vt 0.555866 0.572179
vt 0.553761 0.569933
vt 0.564745 0.559513
vt 0.575585 0.549809
vt 0.576893 0.551473
vt 0.585612 0.541660
vt 0.586627 0.542898
vt 0.578936 0.553899
vt 0.568936 0.564190
vt 0.588325 0.545006
vt 0.595253 0.535584
vt 0.596768 0.537680
vt 0.590891 0.548054
vt 0.581864 0.557026
vt 0.598870 0.540592
vt 0.604403 0.531697
vt 0.606169 0.534148
vt 0.601558 0.543625
vt 0.594155 0.551568
vt 0.608269 0.536752
vt 0.611610 0.529436
vt 0.613392 0.531451
vt 0.610617 0.539216
vt 0.604871 0.546571
vt 0.615210 0.533343
vt 0.621647 0.523899
vt 0.621909 0.522858
vt 0.619088 0.523672
vt 0.619062 0.522623
vt 0.615042 0.525025
vt 0.614873 0.523541
vt 0.610651 0.527550
vt 0.609960 0.525695
vt 0.603128 0.529700
vt 0.602392 0.528614
vt 0.609494 0.524595
vt 0.594396 0.534510
vt 0.609398 0.703207
vt 0.607529 0.713003
vt 0.607010 0.712986
vt 0.608482 0.703229
vt 0.610535 0.692227
vt 0.611897 0.692154
vt 0.613991 0.692332
vt 0.610840 0.703306
vt 0.617869 0.679934
vt 0.621741 0.680532
vt 0.617334 0.692891
vt 0.626352 0.666640
vt 0.631112 0.667851
vt 0.626072 0.681607
vt 0.636184 0.653560
vt 0.641549 0.655563
vt 0.635907 0.669568
vt 0.647155 0.641434
vt 0.652760 0.644282
vt 0.646538 0.658003
vt 0.659094 0.630902
vt 0.664919 0.634571
vt 0.657873 0.647479
vt 0.671737 0.622037
vt 0.677207 0.626280
vt 0.669902 0.638460
vt 0.684292 0.614183
vt 0.689382 0.618760
vt 0.681721 0.630569
vt 0.696997 0.607034
vt 0.254475 0.085231
vt 0.245021 0.075330
vt 0.250826 0.071924
vt 0.260476 0.081669
vt 0.269959 0.091349
vt 0.263750 0.094982
vt 0.256842 0.099803
vt 0.247849 0.089837
vt 0.265717 0.110007
vt 0.257627 0.116315
vt 0.249279 0.105750
vt 0.265763 0.127392
vt 0.255671 0.134551
vt 0.247628 0.123339
vt 0.273850 0.139315
vt 0.264060 0.146295
vt 0.282242 0.152170
vt 0.273001 0.159147
vt 0.291545 0.166204
vt 0.282795 0.172903
vt 0.301862 0.181021
vt 0.293639 0.187779
vt 0.313736 0.196076
vt 0.305615 0.203416
vt 0.317938 0.218981
vt 0.329378 0.233765
vt 0.338877 0.247113
vt 0.347599 0.260179
vt 0.358906 0.253750
vt 0.367100 0.266446
vt 0.356100 0.272906
vt 0.372036 0.248008
vt 0.380547 0.259689
vt 0.388398 0.269478
vt 0.375011 0.277674
vt 0.403150 0.261248
vt 0.410919 0.269309
vt 0.396756 0.278608
vt 0.426573 0.260223
vt 0.433841 0.268134
vt 0.419588 0.278176
vt 0.449136 0.258971
vt 0.455487 0.267000
vt 0.441977 0.277000
vt 0.470399 0.258770
vt 0.479352 0.267426
vt 0.464732 0.276194
vt 0.489601 0.275532
vt 0.477285 0.284720
vt 0.500313 0.281381
vt 0.490141 0.291199
vt 0.509838 0.273180
vt 0.169643 0.686656
vt 0.159322 0.684209
vt 0.166140 0.677085
vt 0.518845 0.268868
vt 0.517896 0.278665
vt 0.510713 0.287059
vt 0.527793 0.284023
vt 0.522337 0.292204
vt 0.503343 0.296492
vt 0.516941 0.300801
vt 0.530383 0.304930
vt 0.510456 0.311451
vt 0.494703 0.307794
vt 0.525000 0.315123
vt 0.539422 0.318608
vt 0.519424 0.327281
vt 0.503647 0.324473
vt 0.534859 0.329902
vt 0.550329 0.332365
vt 0.531036 0.342380
vt 0.514933 0.340311
vt 0.547072 0.344379
vt 0.562800 0.347179
vt 0.544945 0.357882
vt 0.528665 0.355941
vt 0.560348 0.360856
vt 0.575287 0.364744
vt 0.558115 0.375345
vt 0.543484 0.372153
vt 0.572480 0.379112
vt 0.586549 0.383119
vt 0.570472 0.391501
vt 0.556509 0.387853
vt 0.584434 0.395134
vt 0.598619 0.398213
vt 0.583236 0.404707
vt 0.569160 0.401607
vt 0.597598 0.407172
vt 0.612084 0.409173
vt 0.597117 0.414281
vt 0.582491 0.412283
vt 0.611629 0.416033
vt 0.626297 0.417489
vt 0.894724 0.302010
vt 0.891151 0.287857
vt 0.897124 0.286963
vt 0.900575 0.300993
vt 0.904259 0.315139
vt 0.898534 0.316282
vt 0.908045 0.328916
vt 0.902485 0.330168
vt 0.892934 0.317548
vt 0.888896 0.303309
vt 0.897037 0.331577
vt 0.901216 0.345175
vt 0.890726 0.333336
vt 0.886527 0.319187
vt 0.894782 0.347023
vt 0.898296 0.360184
vt 0.887199 0.349303
vt 0.883219 0.335605
vt 0.890866 0.362301
vt 0.894576 0.375206
vt 0.882922 0.364907
vt 0.878716 0.351994
vt 0.887430 0.377688
vt 0.892167 0.390565
vt 0.880383 0.380801
vt 0.874869 0.368023
vt 0.885918 0.393547
vt 0.891381 0.405969
vt 0.880151 0.396896
vt 0.873681 0.384317
vt 0.886410 0.409035
vt 0.892780 0.420916
vt 0.911936 0.470762
vt 0.903005 0.460157
vt 0.908395 0.455759
vt 0.916438 0.466811
vt 0.924848 0.477426
vt 0.921230 0.480882
vt 0.933212 0.487776
vt 0.930438 0.490349
vt 0.917589 0.484744
vt 0.907702 0.475285
vt 0.927299 0.493512
vt 0.923953 0.497151
vt 0.913748 0.489164
vt 0.920205 0.501488
vt 0.909589 0.494312
vt 0.929114 0.507597
vt 0.916144 0.506777
vt 0.905295 0.500365
vt 0.912593 0.512598
vt 0.901495 0.506733
vt 0.061594 0.987775
vt 0.075255 0.987425
vt 0.065484 0.993495
vt 0.910356 0.518441
vt 0.054234 0.994585
vt 0.050392 0.990186
vt 0.919852 0.527050
vt 0.045417 0.997153
vt 0.042084 0.994039
vt 0.090503 0.990245
vt 0.078943 0.994713
vt 0.898696 0.485884
vt 0.893851 0.492338
vt 0.882756 0.483134
vt 0.888183 0.476144
vt 0.893211 0.470300
vt 0.903424 0.480215
vt 0.883072 0.460002
vt 0.888169 0.454667
vt 0.897918 0.465182
vt 0.878260 0.443679
vt 0.884291 0.438116
vt 0.893790 0.449326
vt 0.874707 0.426651
vt 0.882231 0.421280
vt 0.891202 0.433067
vt 0.873949 0.409752
vt 0.865180 0.341340
vt 0.869729 0.354958
vt 0.861062 0.358105
vt 0.855606 0.344897
vt 0.850150 0.331911
vt 0.860389 0.327733
vt 0.870189 0.324245
vt 0.874623 0.338299
vt 0.865448 0.310089
vt 0.874498 0.306996
vt 0.878945 0.321396
vt 0.869975 0.292660
vt 0.878139 0.290376
vt 0.882342 0.304883
vt 0.873757 0.276175
vt 0.881257 0.274512
vt 0.885020 0.288929
vt 0.877322 0.260466
vt 0.884680 0.259168
vt 0.887933 0.273467
vt 0.881553 0.245469
vt 0.553887 0.406668
vt 0.568006 0.409623
vt 0.567272 0.416097
vt 0.553147 0.414071
vt 0.538971 0.412050
vt 0.539708 0.404126
vt 0.540994 0.395127
vt 0.555025 0.398316
vt 0.525484 0.401542
vt 0.526517 0.392118
vt 0.525216 0.410035
vt 0.527401 0.381581
vt 0.542323 0.384436
vt 0.511572 0.379591
vt 0.511404 0.367597
vt 0.527822 0.369689
vt 0.494748 0.365826
vt 0.494668 0.351725
vt 0.511990 0.353949
vt 0.497719 0.338047
vt 0.894028 0.272743
vt 0.891283 0.258608
vt 0.867468 0.371452
vt 0.899999 0.444357
vt 0.940369 0.497767
vt 0.479071 0.302827
vt 0.464786 0.295801
vt 0.451975 0.286691
vt 0.439881 0.298212
vt 0.427783 0.309264
vt 0.429194 0.288185
vt 0.416726 0.298744
vt 0.406348 0.288364
vt 0.393612 0.298256
vt 0.383565 0.288127
vt 0.372555 0.296293
vt 0.364317 0.284884
vt 0.565008 0.599021
vt 0.573116 0.587015
vt 0.557946 0.593839
vt 0.567113 0.582382
vt 0.553071 0.589905
vt 0.562639 0.578583
vt 0.548826 0.586260
vt 0.558808 0.575082
vt 0.545501 0.583204
vt 0.542944 0.580635
vt 0.572282 0.567499
vt 0.576481 0.571292
vt 0.585680 0.560801
vt 0.590258 0.564901
vt 0.581582 0.575448
vt 0.598210 0.555279
vt 0.622148 0.521883
vt 0.622469 0.520887
vt 0.619072 0.521684
vt 0.619189 0.520704
vt 0.614876 0.522501
vt 0.614805 0.521556
vt 0.609208 0.523913
vt 0.609000 0.523278
vt 0.614821 0.520857
vt 0.608482 0.713116
vt 0.606623 0.721377
vt 0.606059 0.721178
vt 0.602060 0.528116
vt 0.610142 0.713521
vt 0.607598 0.721737
vt 0.613540 0.703725
vt 0.616646 0.704517
vt 0.612442 0.714286
vt 0.621172 0.693864
vt 0.625029 0.695229
vt 0.619951 0.705704
vt 0.630359 0.683034
vt 0.634450 0.684778
vt 0.628770 0.696962
vt 0.640441 0.671613
vt 0.644382 0.673783
vt 0.637949 0.686652
vt 0.650994 0.660607
vt 0.654895 0.663398
vt 0.647646 0.676054
vt 0.662430 0.650848
vt 0.665852 0.654205
vt 0.657861 0.666248
vt 0.673784 0.642304
vt 0.225708 0.056795
vt 0.216030 0.047928
vt 0.220555 0.044807
vt 0.230847 0.053627
vt 0.240933 0.062513
vt 0.235360 0.065878
vt 0.229363 0.070395
vt 0.220065 0.060890
vt 0.238681 0.080094
vt 0.232111 0.085702
vt 0.223137 0.075466
vt 0.240725 0.095436
vt 0.231582 0.101952
vt 0.223621 0.091734
vt 0.239619 0.112575
vt 0.622821 0.520022
vt 0.623258 0.519235
vt 0.848843 0.019413
vt 0.848791 0.020374
vt 0.845884 0.020348
vt 0.846027 0.019396
vt 0.619316 0.520009
vt 0.852134 0.018648
vt 0.852207 0.019790
vt 0.607055 0.728599
vt 0.605547 0.733222
vt 0.604780 0.732426
vt 0.605838 0.728077
vt 0.609180 0.722341
vt 0.605107 0.727500
vt 0.611291 0.723296
vt 0.608432 0.729394
vt 0.615068 0.715320
vt 0.617623 0.716280
vt 0.613099 0.724177
vt 0.623151 0.707216
vt 0.625848 0.708870
vt 0.619732 0.717492
vt 0.631830 0.698624
vt 0.634058 0.700007
vt 0.627727 0.710222
vt 0.640809 0.688465
vt 0.643269 0.690438
vt 0.636214 0.701631
vt 0.650327 0.678371
vt 0.196015 0.029963
vt 0.186111 0.021130
vt 0.189148 0.018706
vt 0.199568 0.027316
vt 0.210039 0.036126
vt 0.206051 0.039024
vt 0.201616 0.042489
vt 0.191996 0.033363
vt 0.210913 0.051603
vt 0.205425 0.055794
vt 0.196641 0.046497
vt 0.214170 0.065384
vt 0.207066 0.070766
vt 0.198824 0.060855
vt 0.215342 0.081185
vt 0.845763 0.021397
vt 0.845567 0.022662
vt 0.606426 0.733985
vt 0.605029 0.737357
vt 0.604311 0.736414
vt 0.848691 0.021620
vt 0.607353 0.734888
vt 0.605946 0.738297
vt 0.609625 0.730187
vt 0.610803 0.731116
vt 0.608359 0.735823
vt 0.614727 0.724978
vt 0.616103 0.725965
vt 0.611589 0.732226
vt 0.621457 0.718766
vt 0.623018 0.720084
vt 0.617402 0.727101
vt 0.629396 0.711509
vt 0.631290 0.713072
vt 0.624992 0.721560
vt 0.638341 0.703492
vt 0.173429 0.016439
vt 0.165176 0.009806
vt 0.167795 0.007192
vt 0.176570 0.013413
vt 0.182485 0.024438
vt 0.179140 0.011317
vt 0.178425 0.028283
vt 0.169825 0.020270
vt 0.187558 0.037209
vt 0.182085 0.041757
vt 0.173686 0.032668
vt 0.190559 0.051242
vt 0.607266 0.738946
vt 0.606397 0.741956
vt 0.604917 0.741141
vt 0.845276 0.024034
vt 0.507423 0.021627
vt 0.506117 0.022314
vt 0.609367 0.736475
vt 0.608740 0.739285
vt 0.507936 0.018947
vt 0.509117 0.020841
vt 0.506493 0.019253
vt 0.612496 0.733618
vt 0.610706 0.737126
vt 0.507347 0.015167
vt 0.618750 0.728225
vt 0.613340 0.734632
vt 0.510797 0.019923
vt 0.513681 0.017604
vt 0.147321 0.004072
vt 0.152561 0.009608
vt 0.518769 0.012471
vt 0.520908 0.004915
vt 0.524219 0.007164
vt 0.162094 0.013160
vt 0.158737 0.016417
vt 0.155410 0.006981
vt 0.157905 0.004405
vt 0.517577 0.003085
vt 0.159851 0.002050
vt 0.514335 0.001924
vt 0.165921 0.024237
vt 0.173768 0.683108
vt 0.179309 0.695688
vt 0.623027 0.622092
vt 0.552589 0.445709
vt 0.546205 0.432884
vt 0.542768 0.454819
vt 0.535526 0.443242
vt 0.533294 0.464951
vt 0.525609 0.454471
vt 0.524303 0.475572
vt 0.516490 0.465679
vt 0.533241 0.486807
vt 0.524409 0.496919
vt 0.515475 0.486335
vt 0.534381 0.508682
vt 0.525587 0.518525
vt 0.515616 0.507327
vt 0.536050 0.529873
vt 0.526911 0.539293
vt 0.516482 0.528464
vt 0.537769 0.550187
vt 0.528655 0.559448
vt 0.517606 0.548830
vt 0.548909 0.560733
vt 0.539805 0.569763
vt 0.530554 0.578492
vt 0.519471 0.568597
vt 0.197040 0.602438
vt 0.185958 0.613587
vt 0.176232 0.605821
vt 0.206495 0.610445
vt 0.195481 0.621241
vt 0.208011 0.591066
vt 0.217581 0.599578
vt 0.218305 0.579611
vt 0.227715 0.588555
vt 0.226575 0.569159
vt 0.236184 0.579201
vt 0.233270 0.560650
vt 0.243085 0.571710
vt 0.238771 0.553399
vt 0.248791 0.565164
vt 0.252401 0.699643
vt 0.239355 0.690232
vt 0.243641 0.684059
vt 0.256862 0.692368
vt 0.247509 0.707203
vt 0.234922 0.696829
vt 0.242207 0.714597
vt 0.230241 0.703535
vt 0.236487 0.721626
vt 0.225447 0.710111
vt 0.230588 0.728191
vt 0.220354 0.716462
vt 0.698496 0.778015
vt 0.692897 0.765185
vt 0.701326 0.761029
vt 0.707346 0.773798
vt 0.688050 0.783339
vt 0.682765 0.770655
vt 0.674720 0.788098
vt 0.670629 0.776176
vt 0.661948 0.795429
vt 0.657502 0.782721
vt 0.023496 0.112576
vt 0.025947 0.128676
vt 0.011858 0.130658
vt 0.009775 0.116292
vt 0.036908 0.110467
vt 0.038463 0.127102
vt 0.050520 0.109262
vt 0.051438 0.126110
vt 0.064475 0.108598
vt 0.065058 0.125489
vt 0.063882 0.091806
vt 0.077831 0.092111
vt 0.078160 0.108674
vt 0.077523 0.075657
vt 0.091343 0.077281
vt 0.091128 0.093447
vt 0.103303 0.080319
vt 0.103376 0.096013
vt 0.551211 0.195841
vt 0.560260 0.182350
vt 0.569004 0.190095
vt 0.560243 0.203800
vt 0.542144 0.187700
vt 0.551767 0.174220
vt 0.532839 0.179616
vt 0.541671 0.166575
vt 0.523110 0.193197
vt 0.514439 0.185606
vt 0.524201 0.172620
vt 0.503939 0.198191
vt 0.497941 0.191672
vt 0.508393 0.179699
vt 0.487075 0.203709
vt 0.480775 0.196778
vt 0.491561 0.184952
vt 0.469746 0.207922
vt 0.462972 0.200033
vt 0.474144 0.189232
vt 0.451037 0.209957
vt 0.443155 0.199496
vt 0.455275 0.190004
vt 0.429455 0.208241
vt 0.422077 0.196060
vt 0.435492 0.187356
vt 0.417182 0.184343
vt 0.429968 0.176483
vt 0.447651 0.178143
vt 0.442129 0.167659
vt 0.459191 0.168628
vt 0.466715 0.179733
vt 0.453589 0.158851
vt 0.470434 0.158831
vt 0.477530 0.169172
vt 0.464830 0.149681
vt 0.475645 0.140188
vt 0.481295 0.148866
vt 0.506786 0.497443
vt 0.498964 0.488749
vt 0.507628 0.477204
vt 0.498063 0.508630
vt 0.490273 0.500299
vt 0.506615 0.517927
vt 0.497273 0.528458
vt 0.488902 0.519604
vt 0.507056 0.538374
vt 0.497446 0.548362
vt 0.487684 0.538925
vt 0.508216 0.558357
vt 0.498907 0.567731
vt 0.488044 0.558181
vt 0.510265 0.577357
vt 0.501079 0.586051
vt 0.489914 0.577049
vt 0.521187 0.586864
vt 0.511718 0.595122
vt 0.214313 0.636791
vt 0.204826 0.646780
vt 0.194930 0.639221
vt 0.204917 0.628948
vt 0.215624 0.618649
vt 0.224542 0.626939
vt 0.226544 0.608302
vt 0.235133 0.617519
vt 0.236434 0.598087
vt 0.244651 0.608415
vt 0.244866 0.589913
vt 0.252700 0.601410
vt 0.251973 0.583504
vt 0.259715 0.595785
vt 0.257884 0.577941
vt 0.265922 0.590875
vt 0.226192 0.681069
vt 0.213678 0.671508
vt 0.218478 0.666593
vt 0.230596 0.675394
vt 0.221917 0.686873
vt 0.209178 0.676919
vt 0.217559 0.692906
vt 0.204973 0.682541
vt 0.213323 0.698875
vt 0.200821 0.688001
vt 0.209166 0.704748
vt 0.196848 0.693902
vt 0.686562 0.753057
vt 0.678161 0.741010
vt 0.684864 0.736183
vt 0.693853 0.748427
vt 0.678168 0.758935
vt 0.670942 0.746653
vt 0.667128 0.764738
vt 0.661947 0.751917
vt 0.654513 0.769933
vt 0.651923 0.756721
vt 0.026699 0.144395
vt 0.026073 0.160029
vt 0.013052 0.159200
vt 0.012395 0.144599
vt 0.039167 0.143976
vt 0.038931 0.160207
vt 0.052086 0.143142
vt 0.052347 0.159331
vt 0.065584 0.142544
vt 0.066054 0.158857
vt 0.078756 0.142528
vt 0.079284 0.158992
vt 0.078331 0.125499
vt 0.090568 0.126026
vt 0.090684 0.142803
vt 0.091165 0.109202
vt 0.103526 0.111070
vt 0.101894 0.127217
vt 0.114014 0.114841
vt 0.113720 0.129383
vt 0.569625 0.169497
vt 0.578400 0.177219
vt 0.560495 0.161677
vt 0.568093 0.149777
vt 0.577979 0.156912
vt 0.550094 0.154256
vt 0.558497 0.142476
vt 0.542216 0.148274
vt 0.551072 0.136054
vt 0.533260 0.160155
vt 0.526463 0.154422
vt 0.535785 0.142631
vt 0.517667 0.166975
vt 0.511255 0.161249
vt 0.520545 0.148944
vt 0.501754 0.173252
vt 0.495046 0.166384
vt 0.504777 0.154842
vt 0.484814 0.177933
vt 0.488011 0.158465
vt 0.498206 0.147333
vt 0.491770 0.138601
vt 0.502340 0.128227
vt 0.508300 0.136142
vt 0.481504 0.511768
vt 0.474797 0.504880
vt 0.483579 0.492927
vt 0.492185 0.481010
vt 0.472270 0.523335
vt 0.465862 0.516945
vt 0.479401 0.530578
vt 0.470073 0.541913
vt 0.462890 0.535304
vt 0.478309 0.549526
vt 0.469497 0.560427
vt 0.461281 0.553796
vt 0.479105 0.568167
vt 0.470607 0.578453
vt 0.461476 0.571794
vt 0.481161 0.586646
vt 0.472703 0.596550
vt 0.462720 0.589455
vt 0.492009 0.594910
vt 0.483143 0.604148
vt 0.474465 0.613759
vt 0.464546 0.606920
vt 0.223691 0.644962
vt 0.232969 0.653591
vt 0.224752 0.662673
vt 0.214777 0.654581
vt 0.233488 0.635805
vt 0.242354 0.644998
vt 0.243549 0.627117
vt 0.251897 0.637036
vt 0.252569 0.619250
vt 0.260404 0.630240
vt 0.260253 0.613126
vt 0.267624 0.624874
vt 0.266975 0.608160
vt 0.274103 0.620301
vt 0.273265 0.603655
vt 0.280178 0.616226
vt 0.278747 0.599546
vt 0.285454 0.612724
vt 0.271162 0.586490
vt 0.197588 0.666998
vt 0.187115 0.656815
vt 0.191751 0.652705
vt 0.202369 0.662114
vt 0.193175 0.672084
vt 0.182637 0.661271
vt 0.188897 0.677497
vt 0.178339 0.665968
vt 0.185255 0.683136
vt 0.174218 0.670801
vt 0.669757 0.729267
vt 0.661747 0.716136
vt 0.667611 0.713070
vt 0.675814 0.725008
vt 0.663519 0.733604
vt 0.655745 0.719683
vt 0.656716 0.737858
vt 0.649749 0.723744
vt 0.014934 0.175986
vt 0.018908 0.192798
vt 0.011483 0.194919
vt 0.006685 0.178047
vt 0.001950 0.160800
vt 0.026228 0.175566
vt 0.028483 0.191035
vt 0.039012 0.175048
vt 0.040152 0.189717
vt 0.052519 0.174315
vt 0.053055 0.188833
vt 0.066326 0.173885
vt 0.066429 0.188470
vt 0.079645 0.173998
vt 0.079332 0.188491
vt 0.091792 0.174481
vt 0.091182 0.188898
vt 0.091334 0.159287
vt 0.102198 0.158741
vt 0.103200 0.174328
vt 0.101719 0.142879
vt 0.113831 0.143306
vt 0.113339 0.157791
vt 0.575239 0.137989
vt 0.583510 0.126743
vt 0.591290 0.131436
vt 0.585155 0.144575
vt 0.566693 0.130499
vt 0.576628 0.119304
vt 0.560754 0.124042
vt 0.571885 0.112833
vt 0.556144 0.118447
vt 0.567888 0.106887
vt 0.545557 0.130766
vt 0.540573 0.125669
vt 0.551657 0.113429
vt 0.530290 0.137146
vt 0.524673 0.131400
vt 0.535354 0.120117
vt 0.514550 0.142969
vt 0.518907 0.125047
vt 0.530109 0.114254
vt 0.513304 0.118030
vt 0.525139 0.108129
vt 0.537156 0.098098
vt 0.541833 0.103172
vt 0.454011 0.547757
vt 0.447951 0.542597
vt 0.456747 0.529481
vt 0.446112 0.561097
vt 0.440029 0.556579
vt 0.453545 0.566247
vt 0.446696 0.579146
vt 0.439614 0.574877
vt 0.454273 0.583894
vt 0.447556 0.596356
vt 0.440276 0.592288
vt 0.455346 0.601073
vt 0.448669 0.613058
vt 0.441191 0.609057
vt 0.457092 0.617897
vt 0.450525 0.629229
vt 0.442733 0.625272
vt 0.466261 0.623730
vt 0.458705 0.634171
vt 0.475251 0.630769
vt 0.466995 0.640466
vt 0.484027 0.621304
vt 0.251061 0.654312
vt 0.259473 0.663807
vt 0.251448 0.671237
vt 0.242298 0.662386
vt 0.259898 0.647153
vt 0.267409 0.657524
vt 0.267871 0.641246
vt 0.274661 0.652492
vt 0.274761 0.636540
vt 0.281394 0.648528
vt 0.281018 0.632568
vt 0.287433 0.645470
vt 0.286821 0.629282
vt 0.292796 0.643026
vt 0.291768 0.626598
vt 0.297442 0.641076
vt 0.177009 0.645968
vt 0.167564 0.634259
vt 0.171952 0.631508
vt 0.181540 0.642466
vt 0.172803 0.649595
vt 0.163451 0.637106
vt 0.168683 0.653359
vt 0.159475 0.640371
vt 0.164572 0.657399
vt 0.155562 0.644009
vt 0.161079 0.661290
vt 0.152118 0.647787
vt 0.170737 0.675299
vt 0.649313 0.707342
vt 0.643161 0.696158
vt 0.648165 0.692885
vt 0.654928 0.703960
vt 0.017973 0.211181
vt 0.024601 0.226028
vt 0.019500 0.229016
vt 0.012620 0.213998
vt 0.005812 0.197792
vt 0.024684 0.208529
vt 0.030674 0.223271
vt 0.032587 0.206287
vt 0.037386 0.221105
vt 0.042342 0.204486
vt 0.045505 0.219322
vt 0.053961 0.203281
vt 0.055349 0.218082
vt 0.066724 0.202844
vt 0.066822 0.217597
vt 0.078858 0.202846
vt 0.077864 0.217697
vt 0.089543 0.203478
vt 0.086823 0.218335
vt 0.098762 0.204768
vt 0.094546 0.219650
vt 0.102124 0.189680
vt 0.110797 0.191003
vt 0.105956 0.206710
vt 0.112656 0.174394
vt 0.120784 0.175924
vt 0.117444 0.192855
vt 0.123240 0.158977
vt 0.587232 0.106584
vt 0.598733 0.093278
vt 0.602631 0.097963
vt 0.592473 0.112118
vt 0.582984 0.101179
vt 0.594680 0.088490
vt 0.578995 0.095669
vt 0.590479 0.083659
vt 0.574783 0.090258
vt 0.585807 0.078726
vt 0.563354 0.101184
vt 0.558453 0.096487
vt 0.569944 0.085187
vt 0.546822 0.108529
vt 0.553615 0.091979
vt 0.565229 0.081111
vt 0.433375 0.571306
vt 0.428166 0.568344
vt 0.435094 0.553265
vt 0.549134 0.087914
vt 0.427599 0.585899
vt 0.422405 0.583407
vt 0.433588 0.588816
vt 0.427664 0.603173
vt 0.421839 0.600975
vt 0.434202 0.605815
vt 0.428539 0.619817
vt 0.421935 0.618000
vt 0.435463 0.622133
vt 0.430279 0.635735
vt 0.423482 0.634117
vt 0.437223 0.637805
vt 0.432068 0.650768
vt 0.425644 0.649510
vt 0.444516 0.640752
vt 0.438474 0.652707
vt 0.451893 0.644694
vt 0.445006 0.655570
vt 0.459208 0.649900
vt 0.451012 0.659331
vt 0.267281 0.673403
vt 0.274974 0.683233
vt 0.269135 0.688527
vt 0.260115 0.679918
vt 0.274385 0.668221
vt 0.281047 0.679333
vt 0.281168 0.664035
vt 0.286986 0.676376
vt 0.287427 0.661073
vt 0.292572 0.674360
vt 0.293038 0.658967
vt 0.297666 0.672987
vt 0.297760 0.657251
vt 0.302264 0.671759
vt 0.163626 0.619763
vt 0.155636 0.608430
vt 0.160135 0.606024
vt 0.168232 0.617508
vt 0.176679 0.628759
vt 0.159121 0.622128
vt 0.151104 0.611299
vt 0.154798 0.624985
vt 0.146833 0.614461
vt 0.150675 0.628275
vt 0.143069 0.617554
vt 0.146980 0.631634
vt 0.139911 0.620486
vt 0.144142 0.635023
vt 0.137326 0.623324
vt 0.027711 0.242901
vt 0.036304 0.255803
vt 0.033485 0.257919
vt 0.024550 0.245651
vt 0.015834 0.231915
vt 0.031762 0.240136
vt 0.039454 0.253918
vt 0.036746 0.237654
vt 0.043282 0.252141
vt 0.042346 0.235607
vt 0.047882 0.250596
vt 0.049087 0.234080
vt 0.053019 0.249189
vt 0.057274 0.232983
vt 0.066783 0.232408
vt 0.076298 0.232534
vt 0.083915 0.233236
vt 0.080691 0.248511
vt 0.090166 0.234421
vt 0.085524 0.249736
vt 0.095475 0.236154
vt 0.089810 0.251033
vt 0.100918 0.221521
vt 0.106118 0.223880
vt 0.099986 0.238270
vt 0.111611 0.209100
vt 0.115934 0.211753
vt 0.110529 0.226593
vt 0.122248 0.195728
vt 0.604762 0.075673
vt 0.614507 0.063747
vt 0.617439 0.068231
vt 0.608176 0.080224
vt 0.600741 0.071133
vt 0.611023 0.059298
vt 0.596352 0.066748
vt 0.606953 0.055254
vt 0.591837 0.062876
vt 0.602669 0.051558
vt 0.580985 0.074402
vt 0.576287 0.070803
vt 0.587224 0.059744
vt 0.598052 0.048455
vt 0.416350 0.616559
vt 0.411566 0.615273
vt 0.416698 0.599041
vt 0.603568 0.035444
vt 0.608519 0.038234
vt 0.593291 0.046253
vt 0.417219 0.633188
vt 0.411720 0.632259
vt 0.413555 0.647610
vt 0.408935 0.646638
vt 0.419231 0.648563
vt 0.415885 0.661180
vt 0.411103 0.660091
vt 0.421320 0.662217
vt 0.417084 0.672900
vt 0.412540 0.671539
vt 0.426971 0.663247
vt 0.421829 0.674152
vt 0.432382 0.664609
vt 0.426279 0.675441
vt 0.437666 0.666703
vt 0.430445 0.677139
vt 0.278943 0.697570
vt 0.288390 0.706309
vt 0.286036 0.709593
vt 0.275854 0.702007
vt 0.442340 0.669511
vt 0.283081 0.693826
vt 0.291227 0.703519
vt 0.287871 0.690962
vt 0.294476 0.701158
vt 0.292579 0.688655
vt 0.297900 0.699334
vt 0.296890 0.686942
vt 0.301286 0.697815
vt 0.301317 0.685613
vt 0.304881 0.696174
vt 0.305653 0.684263
vt 0.308562 0.694553
vt 0.148504 0.599500
vt 0.142805 0.591956
vt 0.146760 0.589550
vt 0.152928 0.596906
vt 0.144155 0.602331
vt 0.138665 0.594392
vt 0.140189 0.605106
vt 0.134921 0.596603
vt 0.136789 0.607735
vt 0.131570 0.598740
vt 0.133897 0.610107
vt 0.128849 0.600692
vt 0.131636 0.612189
vt 0.126903 0.602068
vt 0.043830 0.268122
vt 0.049079 0.278981
vt 0.047055 0.279844
vt 0.041549 0.269357
vt 0.046518 0.266891
vt 0.051660 0.277898
vt 0.049787 0.265545
vt 0.054939 0.276669
vt 0.053423 0.264287
vt 0.058657 0.275251
vt 0.057531 0.263390
vt 0.062766 0.273363
vt 0.067573 0.278568
vt 0.063442 0.282161
vt 0.071922 0.272936
vt 0.076027 0.274718
vt 0.071566 0.281744
vt 0.076540 0.262751
vt 0.080558 0.263640
vt 0.084053 0.264696
vt 0.079433 0.276154
vt 0.087168 0.266017
vt 0.082569 0.277536
vt 0.093474 0.252564
vt 0.096503 0.254334
vt 0.089953 0.267361
vt 0.103786 0.240698
vt 0.106863 0.243518
vt 0.098939 0.256305
vt 0.623777 0.053027
vt 0.626263 0.057037
vt 0.620769 0.049062
vt 0.629136 0.039878
vt 0.631827 0.043121
vt 0.616992 0.045217
vt 0.625935 0.036527
vt 0.613005 0.041606
vt 0.622177 0.033132
vt 0.617844 0.030021
vt 0.625653 0.023441
vt 0.629454 0.025925
vt 0.613188 0.027279
vt 0.621620 0.021006
vt 0.628000 0.014639
vt 0.631551 0.016418
vt 0.617334 0.018804
vt 0.624444 0.012900
vt 0.407331 0.659217
vt 0.629957 0.006659
vt 0.409839 0.680600
vt 0.406847 0.679663
vt 0.408806 0.670394
vt 0.407609 0.687754
vt 0.405249 0.686986
vt 0.413425 0.681727
vt 0.410646 0.688533
vt 0.417209 0.682828
vt 0.413857 0.689309
vt 0.420905 0.683904
vt 0.416903 0.689995
vt 0.424264 0.685242
vt 0.419523 0.690766
vt 0.296038 0.713089
vt 0.294274 0.715594
vt 0.298194 0.710933
vt 0.300623 0.709143
vt 0.305070 0.714362
vt 0.303071 0.707559
vt 0.307142 0.713144
vt 0.305442 0.706081
vt 0.309152 0.711996
vt 0.308134 0.704549
vt 0.311222 0.710831
vt 0.310882 0.703233
vt 0.313166 0.709776
vt 0.314330 0.714068
vt 0.312297 0.715635
vt 0.315930 0.711986
vt 0.317251 0.715971
vt 0.315115 0.718155
vt 0.130175 0.577474
vt 0.131270 0.574537
vt 0.135266 0.575102
vt 0.129738 0.581962
vt 0.126595 0.578130
vt 0.127518 0.574460
vt 0.126315 0.583120
vt 0.131161 0.588515
vt 0.127824 0.590183
vt 0.123282 0.584334
vt 0.123423 0.579265
vt 0.125023 0.591723
vt 0.123110 0.593043
vt 0.121383 0.585872
vt 0.053307 0.288108
vt 0.057302 0.294335
vt 0.054740 0.296010
vt 0.050920 0.289183
vt 0.056319 0.286648
vt 0.060369 0.292166
vt 0.059744 0.284670
vt 0.063784 0.289676
vt 0.067419 0.286428
vt 0.070576 0.289234
vt 0.066930 0.292839
vt 0.074907 0.284056
vt 0.078049 0.286032
vt 0.073557 0.291572
vt 0.081019 0.287817
vt 0.076407 0.293764
vt 0.085468 0.278790
vt 0.088231 0.280079
vt 0.083744 0.289383
vt 0.092289 0.268685
vt 0.636179 0.030758
vt 0.642309 0.021442
vt 0.644633 0.023580
vt 0.638805 0.033168
vt 0.633082 0.028451
vt 0.638805 0.019782
vt 0.635133 0.018205
vt 0.642463 0.012046
vt 0.645678 0.013510
vt 0.644000 0.005914
vt 0.647383 0.007484
vt 0.111139 0.025524
vt 0.107512 0.027518
vt 0.105327 0.024003
vt 0.108840 0.022516
vt 0.643932 0.001807
vt 0.113511 0.027764
vt 0.110003 0.030287
vt 0.114449 0.023984
vt 0.116735 0.025612
vt 0.118996 0.027329
vt 0.115918 0.029982
vt 0.405858 0.692520
vt 0.403477 0.691361
vt 0.401558 0.689649
vt 0.403416 0.686304
vt 0.121198 0.029344
vt 0.118393 0.032147
vt 0.408668 0.693462
vt 0.411607 0.694051
vt 0.410379 0.697837
vt 0.407269 0.697276
vt 0.414509 0.694310
vt 0.413538 0.697708
vt 0.308312 0.724229
vt 0.304394 0.723771
vt 0.417048 0.694356
vt 0.310163 0.720817
vt 0.311734 0.723472
vt 0.120806 0.038595
vt 0.118298 0.037023
vt 0.120715 0.034126
vt 0.122778 0.035846
vt 0.119018 0.041383
vt 0.116130 0.040049
vt 0.115553 0.035064
vt 0.112815 0.038078
vt 0.113808 0.043170
vt 0.110227 0.041299
vt 0.109719 0.035890
vt 0.112741 0.032858
vt 0.107378 0.038913
vt 0.108218 0.044273
vt 0.105598 0.041872
vt 0.104944 0.036194
vt 0.106942 0.033171
vt 0.063964 0.301005
vt 0.066779 0.298472
vt 0.069710 0.300821
vt 0.066962 0.303297
vt 0.060761 0.298212
vt 0.063700 0.295725
vt 0.069924 0.295466
vt 0.072752 0.297678
vt 0.075584 0.299933
vt 0.072732 0.303092
vt 0.079055 0.295693
vt 0.081256 0.297273
vt 0.078052 0.301659
vt 0.085505 0.290449
vt 0.104694 0.030209
vt 0.058318 0.300048
vt 0.061444 0.303103
vt 0.109501 0.048864
vt 0.107544 0.052108
vt 0.104715 0.050504
vt 0.106487 0.047234
vt 0.111546 0.046194
vt 0.124027 0.575095
vt 0.117173 0.044143
vt 0.115153 0.046967
vt 0.319821 0.717514
vt 0.317491 0.720293
vt 0.314788 0.722178
vt 0.312685 0.719638
vt 0.310145 0.716870
vt 0.308084 0.718007
vt 0.648086 0.015523
vt 0.634550 0.001955
vt 0.919354 0.424230
vt 0.922487 0.424114
vt 0.920650 0.411354
vt 0.724952 0.430266
vt 0.737206 0.434942
vt 0.724297 0.433234
vt 0.710865 0.431538
vt 0.711523 0.428045
vt 0.712342 0.424259
vt 0.698420 0.421770
vt 0.699516 0.416336
vt 0.685186 0.413390
vt 0.686476 0.406933
vt 0.672087 0.403424
vt 0.674539 0.394618
vt 0.660330 0.390112
vt 0.664188 0.379249
vt 0.649854 0.374734
vt 0.653497 0.364988
vt 0.639130 0.360184
vt 0.642229 0.351880
vt 0.628082 0.346752
vt 0.631042 0.339252
vt 0.616781 0.334172
vt 0.619597 0.327175
vt 0.604933 0.322496
vt 0.607211 0.316216
vt 0.621724 0.321625
vt 0.592678 0.311438
vt 0.124075 0.757527
vt 0.110868 0.768101
vt 0.117598 0.754398
vt 0.124154 0.740682
vt 0.130668 0.744129
vt 0.138958 0.748621
vt 0.145662 0.736266
vt 0.154756 0.742214
vt 0.161520 0.731887
vt 0.171916 0.741459
vt 0.177634 0.735770
vt 0.189654 0.748464
vt 0.194739 0.743307
vt 0.208299 0.753824
vt 0.212470 0.748183
vt 0.226068 0.756262
vt 0.216600 0.742594
vt 0.229366 0.750236
vt 0.241825 0.756706
vt 0.013542 0.006887
vt 0.027986 0.008631
vt 0.250601 0.760169
vt 0.003427 0.002346
vt 0.749203 0.435810
vt 0.101482 0.008086
vt 0.806583 0.180596
vt 0.816448 0.171694
vt 0.836802 0.900491
vt 0.849805 0.897656
vt 0.730183 0.020681
vt 0.290541 0.830757
vt 0.726717 0.900196
s 1
usemtl Starfish_Quad_Material
f 1/1/1 17/2/2 18/3/3 19/4/4
f 1/1/1 20/5/5 21/6/6 17/2/2
f 1/1/1 22/7/7 23/8/8 20/5/5
f 1/1/1 24/9/9 25/10/10 22/7/7
f 1/1/1 19/4/4 26/11/11 24/9/9
f 2/12/12 27/13/13 28/14/14 29/15/15
f 2/12/12 29/15/15 30/16/16 31/17/17
f 2/12/12 32/18/18 33/19/19 34/20/20
f 2/12/12 34/20/20 35/21/21 27/13/13
f 2/12/12 31/17/17 36/22/22 32/18/18
f 3/23/23 37/24/24 38/25/25 39/26/26
f 3/23/23 40/27/27 41/28/28 42/29/29
f 3/23/23 39/26/26 43/30/30 40/27/27
f 4/31/31 44/32/32 45/33/33 46/34/34
f 4/31/31 46/34/34 47/35/35 48/36/36
f 4/31/31 48/36/36 49/37/37 44/32/32
f 5/38/38 50/39/39 51/40/40 52/41/41
f 5/38/38 52/41/41 53/42/42 54/43/43
f 5/38/38 54/43/43 55/44/44 50/39/39
f 6/45/45 56/46/46 57/47/47 58/48/48
f 6/45/45 58/48/48 59/49/49 60/50/50
f 6/45/45 60/50/50 61/51/51 56/46/46
f 7/52/52 62/53/53 63/54/54 64/55/55
f 7/52/52 64/55/55 65/56/56 66/57/57
f 7/52/52 66/57/57 67/58/58 62/53/53
f 8/59/59 68/60/60 69/61/61 70/62/62
f 8/59/59 71/63/63 72/64/64 68/60/60
f 8/65/59 70/66/62 73/67/65 71/68/63
f 9/69/66 74/70/67 75/71/68 76/72/69
f 9/73/66 76/74/69 77/75/70 78/76/71
f 9/73/66 78/76/71 79/77/72 74/78/67
f 10/79/73 80/80/74 81/81/75 82/82/76
f 10/79/73 82/82/76 83/83/77 84/84/78
f 10/79/73 84/84/78 85/85/79 80/80/74
f 11/86/80 86/87/81 87/88/82 88/89/83
f 11/86/80 88/89/83 89/90/84 90/91/85
f 11/86/80 90/91/85 91/92/86 86/87/81
f 12/93/87 92/94/88 93/95/89 94/96/90
f 12/93/87 94/96/90 95/97/91 96/98/92
f 12/99/87 96/100/92 97/101/93 92/102/88
f 13/103/94 98/104/95 99/105/96 100/106/97
f 13/103/94 101/107/98 102/108/99 98/104/95
f 13/103/94 100/106/97 103/109/100 101/107/98
f 14/110/101 104/111/102 105/112/103 106/113/104
f 14/114/101 107/115/105 108/116/106 109/117/107
f 14/114/101 109/117/107 110/118/108 104/119/102
f 14/114/101 111/120/109 112/121/110 107/115/105
f 14/114/101 106/122/104 113/123/111 111/120/109
f 15/124/112 114/125/113 115/126/114 116/127/115
f 15/124/112 117/128/116 118/129/117 114/125/113
f 15/130/112 116/131/115 119/132/118 120/133/119
f 15/130/112 121/134/120 122/135/121 117/136/116
f 15/130/112 120/133/119 123/137/122 121/134/120
f 16/138/123 124/139/124 125/140/125 126/141/126
f 16/138/123 126/141/126 127/142/127 128/143/128
f 16/138/123 128/143/128 129/144/129 130/145/130
f 16/138/123 130/145/130 131/146/131 132/147/132
f 16/138/123 132/147/132 133/148/133 124/139/124
f 133/148/133 134/149/134 135/150/135 124/139/124
f 133/148/133 132/147/132 136/151/136 137/152/137
f 133/148/133 137/152/137 138/153/138 134/149/134
f 138/153/138 2532/154/139 139/155/140 134/149/134
f 138/153/138 137/152/137 140/156/141 141/157/142
f 138/153/138 141/157/142 2533/158/143 2532/154/139
f 2533/159/143 141/160/142 142/161/144 143/162/145
f 144/163/146 145/164/147 146/165/148 135/150/135
f 144/163/146 135/150/135 134/149/134 139/155/140
f 146/165/148 147/166/149 148/167/150 125/140/125
f 146/165/148 125/140/125 124/139/124 135/150/135
f 146/165/148 145/164/147 149/168/151 147/166/149
f 149/168/151 150/169/152 151/170/153 147/166/149
f 2534/171/154 152/172/155 153/173/156 154/174/157
f 2534/171/154 154/174/157 151/170/153 150/169/152
f 154/174/157 153/173/156 155/175/158 156/176/159
f 154/174/157 156/176/159 157/177/160 151/170/153
f 157/177/160 156/176/159 158/178/161 159/179/162
f 157/177/160 159/179/162 160/180/163 148/167/150
f 157/177/160 148/167/150 147/166/149 151/170/153
f 160/180/163 159/179/162 161/181/164 162/182/165
f 160/180/163 162/182/165 127/142/127 126/141/126
f 160/180/163 126/141/126 125/140/125 148/167/150
f 162/182/165 161/181/164 163/183/166 164/184/167
f 162/182/165 164/184/167 165/185/168 127/142/127
f 165/185/168 164/184/167 166/186/169 167/187/170
f 165/185/168 167/187/170 168/188/171 169/189/172
f 165/185/168 169/189/172 128/143/128 127/142/127
f 169/189/172 168/188/171 170/190/173 171/191/174
f 169/189/172 171/191/174 129/144/129 128/143/128
f 171/192/174 170/193/173 172/194/175 173/195/176
f 171/191/174 173/196/176 174/197/177 129/144/129
f 174/197/177 173/196/176 175/198/178 176/199/179
f 174/197/177 176/199/179 177/200/180 178/201/181
f 174/197/177 178/201/181 130/145/130 129/144/129
f 178/201/181 177/200/180 179/202/182 180/203/183
f 178/201/181 180/203/183 131/146/131 130/145/130
f 180/203/183 179/202/182 181/204/184 182/205/185
f 180/203/183 182/205/185 183/206/186 131/146/131
f 183/206/186 136/151/136 132/147/132 131/146/131
f 183/206/186 182/205/185 184/207/187 185/208/188
f 183/206/186 185/208/188 186/209/189 136/151/136
f 186/209/189 140/156/141 137/152/137 136/151/136
f 186/209/189 185/208/188 187/210/190 188/211/191
f 186/209/189 188/211/191 189/212/192 140/156/141
f 189/213/192 142/161/144 141/160/142 140/214/141
f 189/215/192 188/216/191 190/217/193 191/218/194
f 189/219/192 191/220/194 192/221/195 142/222/144
f 192/223/195 2535/224/196 143/162/145 142/161/144
f 192/221/195 191/220/194 193/225/197 194/226/198
f 192/221/195 194/226/198 195/227/199 2535/228/196
f 195/229/199 194/230/198 196/231/200 2536/232/201
f 197/233/202 2536/232/201 196/231/200 122/135/121
f 197/233/202 122/135/121 121/134/120 198/234/203
f 198/234/203 121/134/120 123/137/122 199/235/204
f 199/235/204 123/137/122 200/236/205 201/237/206
f 2538/238/207 2537/239/208 203/240/209 204/241/210
f 2538/238/207 204/241/210 153/173/156 152/172/155
f 204/241/210 203/240/209 205/242/211 206/243/212
f 204/241/210 206/243/212 155/175/158 153/173/156
f 206/243/212 205/242/211 207/244/213 208/245/214
f 206/243/212 208/245/214 209/246/215 155/175/158
f 209/246/215 208/245/214 210/247/216 211/248/217
f 209/246/215 211/248/217 212/249/218 158/178/161
f 209/246/215 158/178/161 156/176/159 155/175/158
f 212/249/218 211/248/217 213/250/219 214/251/220
f 212/249/218 214/251/220 163/183/166 161/181/164
f 212/249/218 161/181/164 159/179/162 158/178/161
f 214/251/220 213/250/219 215/252/221 216/253/222
f 214/251/220 216/253/222 217/254/223 163/183/166
f 217/255/223 216/256/222 218/257/224 219/258/225
f 217/255/223 219/258/225 220/259/226 166/260/169
f 217/254/223 166/186/169 164/184/167 163/183/166
f 220/259/226 219/258/225 221/261/227 222/262/228
f 220/259/226 222/262/228 223/263/229 224/264/230
f 220/259/226 224/264/230 167/265/170 166/260/169
f 224/264/230 223/263/229 225/266/231 226/267/232
f 224/264/230 226/267/232 168/268/171 167/265/170
f 226/267/232 225/266/231 227/269/233 228/270/234
f 226/271/232 228/272/234 170/193/173 168/273/171
f 228/272/234 227/274/233 229/275/235 230/276/236
f 228/272/234 230/276/236 172/194/175 170/193/173
f 230/276/236 229/275/235 231/277/237 232/278/238
f 230/276/236 232/278/238 233/279/239 172/194/175
f 233/279/239 232/278/238 234/280/240 235/281/241
f 233/279/239 235/281/241 236/282/242 175/283/178
f 233/279/239 175/283/178 173/195/176 172/194/175
f 236/282/242 235/281/241 237/284/243 238/285/244
f 236/286/242 238/287/244 239/288/245 240/289/246
f 236/286/242 240/289/246 176/199/179 175/198/178
f 240/289/246 239/288/245 241/290/247 242/291/248
f 240/289/246 242/291/248 177/200/180 176/199/179
f 242/291/248 241/290/247 243/292/249 244/293/250
f 242/291/248 244/293/250 179/202/182 177/200/180
f 244/293/250 243/292/249 245/294/251 246/295/252
f 244/293/250 246/295/252 181/204/184 179/202/182
f 246/295/252 245/294/251 247/296/253 248/297/254
f 246/295/252 248/297/254 249/298/255 181/204/184
f 249/298/255 184/207/187 182/205/185 181/204/184
f 249/299/255 248/300/254 250/301/256 251/302/257
f 249/299/255 251/302/257 252/303/258 184/304/187
f 252/305/258 187/210/190 185/208/188 184/207/187
f 252/303/258 251/302/257 253/306/259 254/307/260
f 252/303/258 254/307/260 255/308/261 187/309/190
f 255/308/261 190/217/193 188/216/191 187/309/190
f 255/308/261 254/307/260 256/310/262 257/311/263
f 255/312/261 257/313/263 258/314/264 190/315/193
f 258/314/264 193/225/197 191/220/194 190/315/193
f 258/316/264 257/311/263 259/317/265 260/318/266
f 258/314/264 260/319/266 261/320/267 193/225/197
f 261/321/267 196/231/200 194/230/198 193/322/197
f 261/320/267 260/319/266 118/129/117 117/128/116
f 261/320/267 117/128/116 122/323/121 196/324/200
f 260/319/266 259/325/265 262/326/268 118/129/117
f 262/326/268 259/325/265 263/327/269 264/328/270
f 262/326/268 264/328/270 265/329/271 266/330/272
f 262/326/268 266/330/272 114/125/113 118/129/117
f 266/330/272 265/329/271 267/331/273 268/332/274
f 266/330/272 268/332/274 115/126/114 114/125/113
f 268/332/274 269/333/275 270/334/276 115/126/114
f 268/332/274 267/331/273 271/335/277 269/333/275
f 271/335/277 272/336/278 273/337/279 269/333/275
f 271/335/277 267/331/273 274/338/280 275/339/281
f 271/335/277 275/339/281 276/340/282 272/336/278
f 276/340/282 277/341/283 278/342/284 272/336/278
f 276/340/282 275/339/281 279/343/285 280/344/286
f 276/345/282 280/346/286 281/347/287 277/348/283
f 281/349/287 282/350/288 283/351/289 277/341/283
f 281/349/287 280/344/286 284/352/290 285/353/291
f 281/349/287 285/353/291 286/354/292 282/350/288
f 286/354/292 287/355/293 288/356/294 282/350/288
f 286/357/292 285/358/291 289/359/295 290/360/296
f 286/357/292 290/360/296 291/361/297 287/362/293
f 291/361/297 292/363/298 293/364/299 287/362/293
f 291/361/297 290/360/296 294/365/300 295/366/301
f 291/361/297 295/366/301 296/367/302 292/363/298
f 296/367/302 297/368/303 298/369/304 292/363/298
f 296/367/302 295/366/301 299/370/305 300/371/306
f 296/367/302 300/371/306 301/372/307 297/368/303
f 301/372/307 302/373/308 303/374/309 297/368/303
f 301/372/307 300/371/306 304/375/310 305/376/311
f 301/372/307 305/376/311 306/377/312 302/373/308
f 306/377/312 307/378/313 308/379/314 302/373/308
f 306/377/312 305/376/311 309/380/315 310/381/316
f 306/377/312 310/381/316 311/382/317 307/378/313
f 311/382/317 312/383/318 313/384/319 307/378/313
f 311/382/317 310/381/316 314/385/320 315/386/321
f 311/382/317 315/386/321 316/387/322 312/383/318
f 316/387/322 317/388/323 318/389/324 312/383/318
f 316/387/322 315/386/321 319/390/325 320/391/326
f 316/387/322 320/391/326 321/392/327 317/388/323
f 321/392/327 322/393/328 323/394/329 317/388/323
f 321/392/327 320/391/326 324/395/330 325/396/331
f 321/392/327 325/396/331 326/397/332 322/393/328
f 326/397/332 327/398/333 328/399/334 322/393/328
f 326/397/332 325/396/331 329/400/335 330/401/336
f 326/397/332 330/401/336 331/402/337 327/398/333
f 331/402/337 332/403/338 333/404/339 327/398/333
f 331/402/337 330/401/336 334/405/340 335/406/341
f 331/402/337 335/406/341 336/407/342 332/403/338
f 336/407/342 337/408/343 338/409/344 332/403/338
f 336/410/342 335/411/341 339/412/345 340/413/346
f 336/410/342 340/413/346 341/414/347 337/415/343
f 341/414/347 342/416/348 343/417/349 337/415/343
f 341/414/347 340/413/346 344/418/350 345/419/351
f 341/414/347 345/419/351 346/420/352 342/416/348
f 346/420/352 347/421/353 348/422/354 342/416/348
f 346/420/352 345/419/351 349/423/355 350/424/356
f 346/420/352 350/424/356 351/425/357 347/421/353
f 351/425/357 352/426/358 353/427/359 347/421/353
f 351/425/357 350/424/356 354/428/360 355/429/361
f 351/425/357 355/429/361 356/430/362 352/426/358
f 356/430/362 357/431/363 358/432/364 352/426/358
f 356/430/362 355/429/361 359/433/365 360/434/366
f 356/430/362 360/434/366 361/435/367 357/431/363
f 361/435/367 45/33/33 44/32/32 357/431/363
f 361/435/367 360/434/366 362/436/368 363/437/369
f 361/435/367 363/437/369 364/438/370 45/33/33
f 364/438/370 365/439/371 46/34/34 45/33/33
f 364/438/370 363/437/369 366/440/372 367/441/373
f 364/438/370 367/441/373 368/442/374 365/439/371
f 368/442/374 369/443/375 370/444/376 365/439/371
f 368/442/374 367/441/373 371/445/377 372/446/378
f 368/442/374 372/446/378 373/447/379 369/443/375
f 373/447/379 374/448/380 375/449/381 369/443/375
f 373/447/379 372/446/378 376/450/382 377/451/383
f 373/447/379 377/451/383 378/452/384 374/448/380
f 378/452/384 379/453/385 380/454/386 374/448/380
f 378/452/384 377/451/383 381/455/387 382/456/388
f 378/457/384 382/458/388 383/459/389 379/460/385
f 383/459/389 384/461/390 385/462/391 379/460/385
f 383/459/389 382/458/388 386/463/392 387/464/393
f 383/459/389 387/464/393 388/465/394 384/461/390
f 388/465/394 387/464/393 73/67/65 389/466/395
f 388/465/394 389/466/395 390/467/396 391/468/397
f 388/465/394 391/468/397 392/469/398 384/461/390
f 392/469/398 393/470/399 394/471/400 395/472/401
f 392/469/398 395/472/401 385/462/391 384/461/390
f 392/469/398 391/468/397 396/473/402 393/470/399
f 396/473/402 391/468/397 390/467/396 397/474/403
f 396/473/402 397/474/403 398/475/404 399/476/405
f 396/473/402 399/476/405 400/477/406 393/470/399
f 400/477/406 399/476/405 401/478/407 402/479/408
f 400/477/406 402/479/408 403/480/409 404/481/410
f 400/477/406 404/481/410 394/471/400 393/470/399
f 404/481/410 403/480/409 405/482/411 406/483/412
f 404/481/410 406/483/412 407/484/413 394/471/400
f 407/484/413 406/483/412 408/485/414 409/486/415
f 407/484/413 409/486/415 410/487/416 411/488/417
f 407/484/413 411/488/417 395/472/401 394/471/400
f 411/488/417 410/487/416 412/489/418 413/490/419
f 411/488/417 413/490/419 385/462/391 395/472/401
f 413/491/419 412/492/418 414/493/420 380/454/386
f 413/490/419 380/494/386 379/460/385 385/462/391
f 414/493/420 412/492/418 415/495/421 416/496/422
f 414/493/420 416/496/422 417/497/423 375/449/381
f 414/493/420 375/449/381 374/448/380 380/454/386
f 417/497/423 416/496/422 418/498/424 419/499/425
f 417/497/423 419/499/425 47/35/35 370/444/376
f 417/497/423 370/444/376 369/443/375 375/449/381
f 419/499/425 418/498/424 420/500/426 421/501/427
f 419/499/425 421/501/427 48/36/36 47/35/35
f 421/501/427 420/500/426 422/502/428 423/503/429
f 421/501/427 423/503/429 49/37/37 48/36/36
f 423/503/429 422/502/428 424/504/430 425/505/431
f 423/503/429 425/505/431 358/432/364 49/37/37
f 425/505/431 424/504/430 426/506/432 353/427/359
f 425/505/431 353/427/359 352/426/358 358/432/364
f 426/506/432 424/504/430 427/507/433 428/508/434
f 426/506/432 428/508/434 429/509/435 348/422/354
f 426/506/432 348/422/354 347/421/353 353/427/359
f 429/509/435 428/508/434 430/510/436 431/511/437
f 429/509/435 431/511/437 432/512/438 343/417/349
f 429/509/435 343/417/349 342/416/348 348/422/354
f 432/513/438 431/514/437 433/515/439 434/516/440
f 432/513/438 434/516/440 435/517/441 338/409/344
f 432/512/438 338/518/344 337/415/343 343/417/349
f 435/517/441 434/516/440 436/519/442 437/520/443
f 435/517/441 437/520/443 438/521/444 333/404/339
f 435/517/441 333/404/339 332/403/338 338/409/344
f 438/521/444 437/520/443 439/522/445 440/523/446
f 438/521/444 440/523/446 441/524/447 328/399/334
f 438/521/444 328/399/334 327/398/333 333/404/339
f 441/524/447 440/523/446 442/525/448 443/526/449
f 441/524/447 443/526/449 444/527/450 323/394/329
f 441/524/447 323/394/329 322/393/328 328/399/334
f 444/527/450 443/526/449 445/528/451 446/529/452
f 444/527/450 446/529/452 447/530/453 318/389/324
f 444/527/450 318/389/324 317/388/323 323/394/329
f 447/530/453 446/529/452 448/531/454 449/532/455
f 447/530/453 449/532/455 450/533/456 313/384/319
f 447/530/453 313/384/319 312/383/318 318/389/324
f 450/533/456 449/532/455 451/534/457 452/535/458
f 450/533/456 452/535/458 453/536/459 308/379/314
f 450/533/456 308/379/314 307/378/313 313/384/319
f 453/536/459 452/535/458 454/537/460 455/538/461
f 453/536/459 455/538/461 456/539/462 303/374/309
f 453/536/459 303/374/309 302/373/308 308/379/314
f 456/539/462 455/538/461 457/540/463 458/541/464
f 456/539/462 458/541/464 459/542/465 298/369/304
f 456/539/462 298/369/304 297/368/303 303/374/309
f 459/543/465 458/544/464 460/545/466 461/546/467
f 459/543/465 461/546/467 462/547/468 293/548/299
f 459/542/465 293/364/299 292/363/298 298/369/304
f 462/547/468 461/546/467 463/549/469 464/550/470
f 462/547/468 464/550/470 465/551/471 288/356/294
f 462/547/468 288/356/294 287/355/293 293/548/299
f 465/551/471 464/550/470 466/552/472 467/553/473
f 465/551/471 467/553/473 468/554/474 283/351/289
f 465/551/471 283/351/289 282/350/288 288/356/294
f 468/554/474 467/553/473 469/555/475 470/556/476
f 468/554/474 470/556/476 471/557/477 278/342/284
f 468/554/474 278/342/284 277/341/283 283/351/289
f 471/557/477 470/556/476 472/558/478 473/559/479
f 471/557/477 473/559/479 474/560/480 273/337/279
f 471/557/477 273/337/279 272/336/278 278/342/284
f 474/560/480 473/559/479 475/561/481 476/562/482
f 474/560/480 476/562/482 477/563/483 270/334/276
f 474/560/480 270/334/276 269/333/275 273/337/279
f 477/564/483 476/565/482 478/566/484 479/567/485
f 477/564/483 479/567/485 119/132/118 116/131/115
f 477/563/483 116/127/115 115/126/114 270/334/276
f 479/567/485 478/566/484 480/568/486 481/569/487
f 479/567/485 481/569/487 482/570/488 119/132/118
f 482/570/488 481/569/487 483/571/489 484/572/490
f 482/570/488 484/572/490 485/573/491 486/574/492
f 482/575/488 486/576/492 120/577/119 119/578/118
f 486/574/492 485/573/491 487/579/493 200/236/205
f 486/574/492 200/236/205 123/137/122 120/133/119
f 487/579/493 485/573/491 488/580/494 489/581/495
f 487/579/493 489/581/495 490/582/496 202/583/497
f 487/579/493 202/583/497 201/237/206 200/236/205
f 490/582/496 489/581/495 491/584/498 492/585/499
f 2539/586/500 493/587/501 494/588/502 495/589/503
f 2539/586/500 495/589/503 203/240/209 2537/239/208
f 495/589/503 494/588/502 496/590/504 497/591/505
f 495/589/503 497/591/505 205/242/211 203/240/209
f 497/591/505 496/590/504 498/592/506 499/593/507
f 497/591/505 499/593/507 207/244/213 205/242/211
f 499/593/507 498/592/506 500/594/508 501/595/509
f 499/593/507 501/595/509 502/596/510 207/244/213
f 502/596/510 501/595/509 503/597/511 504/598/512
f 502/596/510 504/598/512 505/599/513 210/247/216
f 502/596/510 210/247/216 208/245/214 207/244/213
f 505/599/513 504/598/512 506/600/514 507/601/515
f 505/599/513 507/601/515 215/252/221 213/250/219
f 505/599/513 213/250/219 211/248/217 210/247/216
f 507/602/515 506/603/514 508/604/516 509/605/517
f 507/602/515 509/605/517 510/606/518 215/607/221
f 510/606/518 509/605/517 511/608/519 512/609/520
f 510/606/518 512/609/520 513/610/521 218/257/224
f 510/606/518 218/257/224 216/256/222 215/607/221
f 513/610/521 512/609/520 514/611/522 515/612/523
f 513/610/521 515/612/523 516/613/524 221/261/227
f 513/610/521 221/261/227 219/258/225 218/257/224
f 516/613/524 515/612/523 517/614/525 518/615/526
f 516/613/524 518/615/526 519/616/527 520/617/528
f 516/613/524 520/617/528 222/262/228 221/261/227
f 520/617/528 519/616/527 521/618/529 522/619/530
f 520/617/528 522/619/530 223/263/229 222/262/228
f 522/619/530 521/618/529 523/620/531 524/621/532
f 522/619/530 524/621/532 225/266/231 223/263/229
f 524/621/532 523/620/531 525/622/533 526/623/534
f 524/621/532 526/623/534 227/269/233 225/266/231
f 526/624/534 525/625/533 527/626/535 528/627/536
f 526/624/534 528/627/536 229/275/235 227/274/233
f 528/627/536 527/626/535 529/628/537 530/629/538
f 528/627/536 530/629/538 231/277/237 229/275/235
f 530/629/538 529/628/537 531/630/539 532/631/540
f 530/629/538 532/631/540 533/632/541 231/277/237
f 533/632/541 532/631/540 534/633/542 535/634/543
f 533/632/541 535/634/543 536/635/544 234/280/240
f 533/632/541 234/280/240 232/278/238 231/277/237
f 536/635/544 535/634/543 537/636/545 538/637/546
f 536/635/544 538/637/546 539/638/547 237/284/243
f 536/635/544 237/284/243 235/281/241 234/280/240
f 539/638/547 538/637/546 540/639/548 541/640/549
f 539/638/547 541/640/549 542/641/550 543/642/551
f 539/638/547 543/642/551 238/285/244 237/284/243
f 543/642/551 542/641/550 544/643/552 545/644/553
f 543/645/551 545/646/553 239/288/245 238/287/244
f 545/646/553 544/647/552 546/648/554 547/649/555
f 545/646/553 547/649/555 241/290/247 239/288/245
f 547/649/555 546/648/554 548/650/556 549/651/557
f 547/649/555 549/651/557 243/292/249 241/290/247
f 549/651/557 548/650/556 550/652/558 551/653/559
f 549/651/557 551/653/559 245/294/251 243/292/249
f 551/653/559 550/652/558 552/654/560 553/655/561
f 551/653/559 553/655/561 247/296/253 245/294/251
f 553/656/561 552/657/560 554/658/562 555/659/563
f 553/656/561 555/659/563 556/660/564 247/661/253
f 556/660/564 250/301/256 248/300/254 247/661/253
f 556/660/564 555/659/563 557/662/565 558/663/566
f 556/660/564 558/663/566 559/664/567 250/301/256
f 559/664/567 253/306/259 251/302/257 250/301/256
f 559/664/567 558/663/566 560/665/568 561/666/569
f 559/664/567 561/666/569 562/667/570 253/306/259
f 562/667/570 256/310/262 254/307/260 253/306/259
f 562/667/570 561/666/569 563/668/571 564/669/572
f 562/667/570 564/669/572 263/670/269 256/310/262
f 564/669/572 563/668/571 565/671/573 566/672/574
f 564/673/572 566/674/574 264/328/270 263/327/269
f 566/674/574 565/675/573 567/676/575 568/677/576
f 566/674/574 568/677/576 265/329/271 264/328/270
f 568/677/576 567/676/575 569/678/577 274/338/280
f 568/677/576 274/338/280 267/331/273 265/329/271
f 569/678/577 279/343/285 275/339/281 274/338/280
f 569/678/577 567/676/575 105/112/103 570/679/578
f 569/678/577 570/679/578 571/680/579 279/343/285
f 571/680/579 284/352/290 280/344/286 279/343/285
f 571/680/579 570/679/578 572/681/580 573/682/581
f 571/680/579 573/682/581 574/683/582 284/352/290
f 574/683/582 289/684/295 285/353/291 284/352/290
f 574/685/582 573/686/581 575/687/583 576/688/584
f 574/685/582 576/688/584 577/689/585 289/359/295
f 577/689/585 294/365/300 290/360/296 289/359/295
f 577/689/585 576/688/584 578/690/586 579/691/587
f 577/689/585 579/691/587 580/692/588 294/365/300
f 580/692/588 299/370/305 295/366/301 294/365/300
f 580/692/588 579/691/587 581/693/589 582/694/590
f 580/692/588 582/694/590 583/695/591 299/370/305
f 583/695/591 304/375/310 300/371/306 299/370/305
f 583/695/591 582/694/590 584/696/592 585/697/593
f 583/695/591 585/697/593 586/698/594 304/375/310
f 586/698/594 309/380/315 305/376/311 304/375/310
f 586/698/594 585/697/593 587/699/595 588/700/596
f 586/698/594 588/700/596 589/701/597 309/380/315
f 589/701/597 314/385/320 310/381/316 309/380/315
f 589/701/597 588/700/596 590/702/598 591/703/599
f 589/701/597 591/703/599 592/704/600 314/385/320
f 592/704/600 319/390/325 315/386/321 314/385/320
f 592/704/600 591/703/599 593/705/601 594/706/602
f 592/704/600 594/706/602 595/707/603 319/390/325
f 595/707/603 324/395/330 320/391/326 319/390/325
f 595/707/603 594/706/602 596/708/604 597/709/605
f 595/707/603 597/709/605 598/710/606 324/395/330
f 598/710/606 329/400/335 325/396/331 324/395/330
f 598/710/606 597/709/605 599/711/607 600/712/608
f 598/710/606 600/712/608 601/713/609 329/400/335
f 601/713/609 334/405/340 330/401/336 329/400/335
f 601/714/609 600/715/608 602/716/610 603/717/611
f 601/714/609 603/717/611 604/718/612 334/719/340
f 604/718/612 339/412/345 335/411/341 334/719/340
f 604/718/612 603/717/611 605/720/613 606/721/614
f 604/718/612 606/721/614 607/722/615 339/412/345
f 607/722/615 344/418/350 340/413/346 339/412/345
f 607/722/615 606/721/614 608/723/616 609/724/617
f 607/722/615 609/724/617 610/725/618 344/418/350
f 610/725/618 349/423/355 345/419/351 344/418/350
f 610/725/618 609/724/617 611/726/619 612/727/620
f 610/725/618 612/727/620 613/728/621 349/423/355
f 613/728/621 354/428/360 350/424/356 349/423/355
f 613/728/621 612/727/620 614/729/622 615/730/623
f 613/728/621 615/730/623 616/731/624 354/428/360
f 616/731/624 359/433/365 355/429/361 354/428/360
f 616/731/624 615/730/623 617/732/625 618/733/626
f 616/731/624 618/733/626 619/734/627 359/433/365
f 619/734/627 362/436/368 360/434/366 359/433/365
f 619/734/627 618/733/626 620/735/628 621/736/629
f 619/734/627 621/736/629 622/737/630 362/436/368
f 622/737/630 366/440/372 363/437/369 362/436/368
f 622/737/630 621/736/629 623/738/631 624/739/632
f 622/737/630 624/739/632 625/740/633 366/440/372
f 625/740/633 371/445/377 367/441/373 366/440/372
f 625/740/633 624/739/632 626/741/634 627/742/635
f 625/740/633 627/742/635 628/743/636 371/445/377
f 628/743/636 376/450/382 372/446/378 371/445/377
f 628/743/636 627/742/635 629/744/637 630/745/638
f 628/743/636 630/745/638 631/746/639 376/450/382
f 631/746/639 381/455/387 377/451/383 376/450/382
f 631/746/639 630/745/638 632/747/640 633/748/641
f 631/746/639 633/748/641 634/749/642 381/455/387
f 634/749/642 386/750/392 382/456/388 381/455/387
f 634/751/642 633/752/641 635/753/643 72/64/64
f 634/751/642 72/64/64 71/63/63 386/754/392
f 635/753/643 633/752/641 632/755/640 636/756/644
f 635/753/643 636/756/644 637/757/645 638/758/646
f 635/753/643 638/758/646 68/60/60 72/64/64
f 638/758/646 637/757/645 639/759/647 640/760/648
f 638/758/646 640/760/648 69/61/61 68/60/60
f 640/760/648 639/759/647 641/761/649 642/762/650
f 640/760/648 642/762/650 643/763/651 69/61/61
f 643/763/651 644/764/652 70/62/62 69/61/61
f 643/763/651 642/762/650 645/765/653 646/766/654
f 643/763/651 646/766/654 647/767/655 644/764/652
f 647/767/655 646/766/654 648/768/656 649/769/657
f 647/770/655 649/771/657 397/474/403 390/467/396
f 647/770/655 390/467/396 389/466/395 644/772/652
f 649/773/657 648/774/656 650/775/658 651/776/659
f 649/773/657 651/776/659 398/777/404 397/778/403
f 651/776/659 650/775/658 652/779/660 653/780/661
f 651/776/659 653/780/661 654/781/662 398/777/404
f 654/781/662 653/780/661 655/782/663 656/783/664
f 654/781/662 656/783/664 657/784/665 401/785/407
f 654/781/662 401/785/407 399/786/405 398/777/404
f 657/784/665 656/783/664 658/787/666 659/788/667
f 657/784/665 659/788/667 660/789/668 661/790/669
f 657/784/665 661/790/669 402/791/408 401/785/407
f 661/790/669 660/789/668 662/792/670 663/793/671
f 661/794/669 663/795/671 403/480/409 402/479/408
f 663/795/671 662/796/670 664/797/672 665/798/673
f 663/795/671 665/798/673 405/482/411 403/480/409
f 665/798/673 664/797/672 76/72/69 75/71/68
f 665/798/673 75/71/68 666/799/674 405/482/411
f 666/799/674 75/71/68 74/70/67 667/800/675
f 666/799/674 667/800/675 668/801/676 408/485/414
f 666/799/674 408/485/414 406/483/412 405/482/411
f 668/801/676 667/800/675 669/802/677 670/803/678
f 668/801/676 670/803/678 671/804/679 672/805/680
f 668/801/676 672/805/680 409/486/415 408/485/414
f 672/806/680 671/807/679 673/808/681 674/809/682
f 672/805/680 674/810/682 410/487/416 409/486/415
f 674/809/682 673/808/681 675/811/683 415/495/421
f 674/809/682 415/495/421 412/492/418 410/812/416
f 675/811/683 673/808/681 676/813/684 677/814/685
f 675/811/683 677/814/685 420/500/426 418/498/424
f 675/811/683 418/498/424 416/496/422 415/495/421
f 677/814/685 676/813/684 678/815/686 679/816/687
f 677/814/685 679/816/687 422/502/428 420/500/426
f 679/816/687 678/815/686 680/817/688 427/507/433
f 679/816/687 427/507/433 424/504/430 422/502/428
f 680/818/688 678/819/686 681/820/689 682/821/690
f 680/818/688 682/821/690 683/822/691 430/823/436
f 680/817/688 430/510/436 428/508/434 427/507/433
f 683/822/691 682/821/690 684/824/692 685/825/693
f 683/822/691 685/825/693 686/826/694 433/515/439
f 683/822/691 433/515/439 431/514/437 430/823/436
f 686/826/694 685/825/693 687/827/695 688/828/696
f 686/826/694 688/828/696 689/829/697 436/519/442
f 686/826/694 436/519/442 434/516/440 433/515/439
f 689/829/697 688/828/696 690/830/698 691/831/699
f 689/829/697 691/831/699 692/832/700 439/522/445
f 689/829/697 439/522/445 437/520/443 436/519/442
f 692/832/700 691/831/699 693/833/701 694/834/702
f 692/832/700 694/834/702 695/835/703 442/525/448
f 692/832/700 442/525/448 440/523/446 439/522/445
f 695/835/703 694/834/702 696/836/704 697/837/705
f 695/835/703 697/837/705 698/838/706 445/528/451
f 695/835/703 445/528/451 443/526/449 442/525/448
f 698/838/706 697/837/705 699/839/707 700/840/708
f 698/838/706 700/840/708 701/841/709 448/531/454
f 698/838/706 448/531/454 446/529/452 445/528/451
f 701/841/709 700/840/708 702/842/710 703/843/711
f 701/841/709 703/843/711 704/844/712 451/534/457
f 701/841/709 451/534/457 449/532/455 448/531/454
f 704/844/712 703/843/711 705/845/713 706/846/714
f 704/844/712 706/846/714 707/847/715 454/537/460
f 704/844/712 454/537/460 452/535/458 451/534/457
f 707/848/715 706/849/714 708/850/716 709/851/717
f 707/848/715 709/851/717 710/852/718 457/853/463
f 707/847/715 457/540/463 455/538/461 454/537/460
f 710/852/718 709/851/717 711/854/719 712/855/720
f 710/852/718 712/855/720 713/856/721 460/545/466
f 710/852/718 460/545/466 458/544/464 457/853/463
f 713/856/721 712/855/720 714/857/722 715/858/723
f 713/856/721 715/858/723 716/859/724 463/549/469
f 713/856/721 463/549/469 461/546/467 460/545/466
f 716/859/724 715/858/723 717/860/725 718/861/726
f 716/859/724 718/861/726 719/862/727 466/552/472
f 716/859/724 466/552/472 464/550/470 463/549/469
f 719/862/727 718/861/726 720/863/728 721/864/729
f 719/862/727 721/864/729 722/865/730 469/555/475
f 719/862/727 469/555/475 467/553/473 466/552/472
f 722/865/730 721/864/729 723/866/731 724/867/732
f 722/865/730 724/867/732 725/868/733 472/558/478
f 722/865/730 472/558/478 470/556/476 469/555/475
f 725/869/733 724/870/732 726/871/734 727/872/735
f 725/869/733 727/872/735 728/873/736 475/874/481
f 725/868/733 475/561/481 473/559/479 472/558/478
f 728/873/736 727/872/735 729/875/737 730/876/738
f 728/873/736 730/876/738 480/568/486 478/566/484
f 728/873/736 478/566/484 476/565/482 475/874/481
f 730/876/738 729/875/737 731/877/739 732/878/740
f 730/876/738 732/878/740 733/879/741 480/568/486
f 733/879/741 732/878/740 734/880/742 735/881/743
f 733/879/741 735/881/743 736/882/744 483/571/489
f 733/879/741 483/571/489 481/569/487 480/568/486
f 736/883/744 735/884/743 737/885/745 738/886/746
f 736/882/744 738/887/746 739/888/747 740/889/748
f 736/882/744 740/889/748 484/572/490 483/571/489
f 740/889/748 739/888/747 741/890/749 488/580/494
f 740/889/748 488/580/494 485/573/491 484/572/490
f 741/890/749 739/888/747 742/891/750 743/892/751
f 741/890/749 743/892/751 744/893/752 491/584/498
f 741/890/749 491/584/498 489/581/495 488/580/494
f 744/893/752 743/892/751 745/894/753 746/895/754
f 744/893/752 746/895/754 747/896/755 748/897/756
f 744/893/752 748/897/756 492/585/499 491/584/498
f 749/898/757 750/899/758 751/900/759 2540/901/760
f 749/898/757 2541/902/761 752/903/762 750/899/758
f 752/903/762 753/904/763 754/905/764 750/899/758
f 752/906/762 2541/907/761 2542/908/765 755/909/766
f 752/910/762 755/911/766 756/912/767 753/913/763
f 756/914/767 757/915/768 758/916/769 753/917/763
f 756/912/767 755/911/766 759/918/770 760/919/771
f 756/914/767 760/920/771 761/921/772 757/915/768
f 761/921/772 762/922/773 763/923/774 757/915/768
f 761/921/772 760/920/771 745/924/753 764/925/775
f 761/921/772 764/925/775 765/926/776 762/922/773
f 765/926/776 766/927/777 767/928/778 762/922/773
f 765/926/776 764/925/775 742/929/750 768/930/779
f 765/926/776 768/930/779 769/931/780 766/927/777
f 769/931/780 770/932/781 771/933/782 766/927/777
f 769/931/780 768/930/779 738/886/746 737/885/745
f 769/931/780 737/885/745 772/934/783 770/932/781
f 772/934/783 773/935/784 774/936/785 770/932/781
f 772/934/783 737/885/745 735/884/743 734/937/742
f 772/934/783 734/937/742 775/938/786 773/935/784
f 775/938/786 776/939/787 777/940/788 773/935/784
f 775/941/786 734/880/742 732/878/740 731/877/739
f 775/941/786 731/877/739 778/942/789 776/943/787
f 778/942/789 779/944/790 780/945/791 776/943/787
f 778/942/789 731/877/739 729/875/737 781/946/792
f 778/942/789 781/946/792 782/947/793 779/944/790
f 782/947/793 783/948/794 784/949/795 779/944/790
f 782/947/793 781/946/792 726/871/734 785/950/796
f 782/947/793 785/950/796 786/951/797 783/948/794
f 786/951/797 787/952/798 788/953/799 783/948/794
f 786/951/797 785/950/796 723/954/731 789/955/800
f 786/951/797 789/955/800 790/956/801 787/952/798
f 790/956/801 791/957/802 792/958/803 787/952/798
f 790/959/801 789/960/800 720/863/728 793/961/804
f 790/959/801 793/961/804 794/962/805 791/963/802
f 794/964/805 795/965/806 796/966/807 791/957/802
f 794/962/805 793/961/804 717/860/725 797/967/808
f 794/962/805 797/967/808 798/968/809 795/969/806
f 798/968/809 799/970/810 800/971/811 795/969/806
f 798/968/809 797/967/808 714/857/722 801/972/812
f 798/968/809 801/972/812 802/973/813 799/970/810
f 802/973/813 803/974/814 804/975/815 799/970/810
f 802/973/813 801/972/812 711/854/719 805/976/816
f 802/973/813 805/976/816 806/977/817 803/974/814
f 806/977/817 807/978/818 808/979/819 803/974/814
f 806/977/817 805/976/816 708/850/716 809/980/820
f 806/977/817 809/980/820 810/981/821 807/978/818
f 810/981/821 811/982/822 812/983/823 807/978/818
f 810/981/821 809/980/820 705/984/713 813/985/824
f 810/981/821 813/985/824 814/986/825 811/982/822
f 814/986/825 815/987/826 816/988/827 811/982/822
f 814/989/825 813/990/824 702/842/710 817/991/828
f 814/989/825 817/991/828 818/992/829 815/993/826
f 818/992/829 819/994/830 820/995/831 815/993/826
f 818/992/829 817/991/828 699/839/707 821/996/832
f 818/992/829 821/996/832 822/997/833 819/994/830
f 822/997/833 823/998/834 824/999/835 819/994/830
f 822/997/833 821/996/832 696/836/704 825/1000/836
f 822/997/833 825/1000/836 826/1001/837 823/998/834
f 826/1001/837 827/1002/838 828/1003/839 823/998/834
f 826/1001/837 825/1000/836 693/833/701 829/1004/840
f 826/1001/837 829/1004/840 830/1005/841 827/1002/838
f 830/1005/841 831/1006/842 832/1007/843 827/1002/838
f 830/1005/841 829/1004/840 690/830/698 833/1008/844
f 830/1005/841 833/1008/844 834/1009/845 831/1006/842
f 834/1009/845 835/1010/846 836/1011/847 831/1006/842
f 834/1009/845 833/1008/844 687/827/695 837/1012/848
f 834/1009/845 837/1012/848 838/1013/849 835/1010/846
f 838/1013/849 839/1014/850 840/1015/851 835/1010/846
f 838/1013/849 837/1012/848 684/824/692 841/1016/852
f 838/1013/849 841/1016/852 842/1017/853 839/1014/850
f 842/1017/853 670/1018/678 669/1019/677 839/1014/850
f 842/1017/853 841/1016/852 681/820/689 843/1020/854
f 842/1017/853 843/1020/854 671/1021/679 670/1018/678
f 843/1022/854 681/1023/689 678/815/686 676/813/684
f 843/1022/854 676/813/684 673/808/681 671/807/679
f 841/1016/852 684/824/692 682/821/690 681/820/689
f 840/1015/851 79/77/72 78/76/71 844/1024/855
f 840/1015/851 844/1024/855 836/1011/847 835/1010/846
f 840/1015/851 839/1014/850 669/1019/677 79/77/72
f 844/1024/855 78/76/71 77/75/70 845/1025/856
f 844/1024/855 845/1025/856 846/1026/857 836/1011/847
f 846/1026/857 845/1025/856 847/1027/858 848/1028/859
f 846/1026/857 848/1028/859 849/1029/860 832/1007/843
f 846/1026/857 832/1007/843 831/1006/842 836/1011/847
f 849/1029/860 848/1028/859 850/1030/861 851/1031/862
f 849/1029/860 851/1031/862 852/1032/863 828/1003/839
f 849/1029/860 828/1003/839 827/1002/838 832/1007/843
f 852/1032/863 851/1031/862 853/1033/864 854/1034/865
f 852/1032/863 854/1034/865 855/1035/866 824/999/835
f 852/1032/863 824/999/835 823/998/834 828/1003/839
f 855/1036/866 854/1037/865 856/1038/867 857/1039/868
f 855/1036/866 857/1039/868 858/1040/869 820/1041/831
f 855/1035/866 820/995/831 819/994/830 824/999/835
f 858/1040/869 857/1039/868 859/1042/870 860/1043/871
f 858/1040/869 860/1043/871 861/1044/872 816/988/827
f 858/1040/869 816/988/827 815/987/826 820/1041/831
f 861/1044/872 860/1043/871 862/1045/873 863/1046/874
f 861/1044/872 863/1046/874 864/1047/875 812/983/823
f 861/1044/872 812/983/823 811/982/822 816/988/827
f 864/1047/875 863/1046/874 865/1048/876 866/1049/877
f 864/1047/875 866/1049/877 867/1050/878 808/979/819
f 864/1047/875 808/979/819 807/978/818 812/983/823
f 867/1050/878 866/1049/877 868/1051/879 869/1052/880
f 867/1050/878 869/1052/880 870/1053/881 804/975/815
f 867/1050/878 804/975/815 803/974/814 808/979/819
f 870/1054/881 869/1055/880 871/1056/882 872/1057/883
f 870/1054/881 872/1057/883 873/1058/884 800/1059/811
f 870/1053/881 800/971/811 799/970/810 804/975/815
f 873/1058/884 872/1057/883 874/1060/885 875/1061/886
f 873/1058/884 875/1061/886 876/1062/887 796/966/807
f 873/1058/884 796/966/807 795/965/806 800/1059/811
f 876/1062/887 875/1061/886 877/1063/888 878/1064/889
f 876/1062/887 878/1064/889 879/1065/890 792/958/803
f 876/1062/887 792/958/803 791/957/802 796/966/807
f 879/1065/890 878/1064/889 880/1066/891 881/1067/892
f 879/1065/890 881/1067/892 882/1068/893 788/953/799
f 879/1065/890 788/953/799 787/952/798 792/958/803
f 882/1068/893 881/1067/892 883/1069/894 884/1070/895
f 882/1068/893 884/1070/895 885/1071/896 784/949/795
f 882/1068/893 784/949/795 783/948/794 788/953/799
f 885/1072/896 884/1073/895 886/1074/897 887/1075/898
f 885/1072/896 887/1075/898 888/1076/899 780/1077/791
f 885/1071/896 780/945/791 779/944/790 784/949/795
f 888/1076/899 887/1075/898 889/1078/900 890/1079/901
f 888/1076/899 890/1079/901 891/1080/902 777/940/788
f 888/1076/899 777/940/788 776/939/787 780/1077/791
f 891/1080/902 890/1079/901 892/1081/903 893/1082/904
f 891/1080/902 893/1082/904 894/1083/905 774/936/785
f 891/1080/902 774/936/785 773/935/784 777/940/788
f 894/1083/905 893/1082/904 895/1084/906 896/1085/907
f 894/1083/905 896/1085/907 897/1086/908 771/933/782
f 894/1083/905 771/933/782 770/932/781 774/936/785
f 897/1086/908 896/1085/907 898/1087/909 899/1088/910
f 897/1086/908 899/1088/910 900/1089/911 767/928/778
f 897/1086/908 767/928/778 766/927/777 771/933/782
f 900/1089/911 899/1088/910 901/1090/912 902/1091/913
f 900/1089/911 902/1091/913 903/1092/914 763/923/774
f 900/1089/911 763/923/774 762/922/773 767/928/778
f 903/1093/914 902/1094/913 904/1095/915 905/1096/916
f 903/1093/914 905/1096/916 906/1097/917 758/1098/769
f 903/1092/914 758/916/769 757/915/768 763/923/774
f 906/1097/917 905/1096/916 907/1099/918 908/1100/919
f 906/1097/917 908/1100/919 909/1101/920 754/905/764
f 906/1097/917 754/905/764 753/904/763 758/1098/769
f 909/1101/920 908/1100/919 910/1102/921 911/1103/922
f 909/1101/920 911/1103/922 912/1104/923 751/900/759
f 909/1101/920 751/900/759 750/899/758 754/905/764
f 912/1104/923 911/1103/922 913/1105/924 914/1106/925
f 912/1104/923 914/1106/925 915/1107/926 2543/1108/927
f 912/1104/923 2543/1108/927 2540/901/760 751/900/759
f 915/1107/926 914/1106/925 916/1109/928 2544/1110/929
f 920/1111/930 919/1112/931 921/1113/932 922/1114/933
f 920/1111/930 922/1114/933 494/588/502 493/587/501
f 922/1114/933 921/1113/932 923/1115/934 924/1116/935
f 922/1114/933 924/1116/935 496/590/504 494/588/502
f 924/1116/935 923/1115/934 925/1117/936 926/1118/937
f 924/1116/935 926/1118/937 498/592/506 496/590/504
f 926/1118/937 925/1117/936 927/1119/938 928/1120/939
f 926/1118/937 928/1120/939 500/594/508 498/592/506
f 928/1120/939 927/1119/938 929/1121/940 930/1122/941
f 928/1120/939 930/1122/941 931/1123/942 500/594/508
f 931/1123/942 930/1122/941 932/1124/943 933/1125/944
f 931/1123/942 933/1125/944 934/1126/945 503/597/511
f 931/1123/942 503/597/511 501/595/509 500/594/508
f 934/1127/945 933/1128/944 935/1129/946 936/1130/947
f 934/1127/945 936/1130/947 508/604/516 506/603/514
f 934/1126/945 506/600/514 504/598/512 503/597/511
f 936/1130/947 935/1129/946 937/1131/948 938/1132/949
f 936/1130/947 938/1132/949 939/1133/950 508/604/516
f 939/1133/950 938/1132/949 940/1134/951 941/1135/952
f 939/1133/950 941/1135/952 942/1136/953 511/608/519
f 939/1133/950 511/608/519 509/605/517 508/604/516
f 942/1136/953 941/1135/952 943/1137/954 944/1138/955
f 942/1136/953 944/1138/955 945/1139/956 514/611/522
f 942/1136/953 514/611/522 512/609/520 511/608/519
f 945/1139/956 944/1138/955 946/1140/957 947/1141/958
f 945/1139/956 947/1141/958 948/1142/959 517/614/525
f 945/1139/956 517/614/525 515/612/523 514/611/522
f 948/1142/959 947/1141/958 949/1143/960 950/1144/961
f 948/1142/959 950/1144/961 951/1145/962 952/1146/963
f 948/1142/959 952/1146/963 518/615/526 517/614/525
f 952/1146/963 951/1145/962 953/1147/964 954/1148/965
f 952/1146/963 954/1148/965 519/616/527 518/615/526
f 954/1148/965 953/1147/964 955/1149/966 956/1150/967
f 954/1148/965 956/1150/967 521/618/529 519/616/527
f 956/1150/967 955/1149/966 957/1151/968 958/1152/969
f 956/1150/967 958/1152/969 523/620/531 521/618/529
f 958/1152/969 957/1151/968 959/1153/970 960/1154/971
f 958/1152/969 960/1154/971 525/622/533 523/620/531
f 960/1155/971 959/1156/970 961/1157/972 962/1158/973
f 960/1155/971 962/1158/973 527/1159/535 525/1160/533
f 962/1158/973 961/1157/972 963/1161/974 964/1162/975
f 962/1158/973 964/1162/975 529/1163/537 527/1159/535
f 964/1162/975 963/1161/974 965/1164/976 966/1165/977
f 964/1162/975 966/1165/977 531/1166/539 529/1163/537
f 966/1165/977 965/1164/976 967/1167/978 968/1168/979
f 966/1165/977 968/1168/979 969/1169/980 531/1166/539
f 969/1169/980 968/1168/979 970/1170/981 971/1171/982
f 969/1172/980 971/1173/982 972/1174/983 534/633/542
f 969/1172/980 534/633/542 532/631/540 531/630/539
f 972/1174/983 971/1173/982 973/1175/984 974/1176/985
f 972/1174/983 974/1176/985 975/1177/986 537/636/545
f 972/1174/983 537/636/545 535/634/543 534/633/542
f 975/1177/986 974/1176/985 976/1178/987 977/1179/988
f 975/1177/986 977/1179/988 978/1180/989 540/639/548
f 975/1177/986 540/639/548 538/637/546 537/636/545
f 978/1180/989 977/1179/988 979/1181/990 980/1182/991
f 978/1180/989 980/1182/991 981/1183/992 982/1184/993
f 978/1180/989 982/1184/993 541/640/549 540/639/548
f 982/1184/993 981/1183/992 983/1185/994 984/1186/995
f 982/1184/993 984/1186/995 542/641/550 541/640/549
f 984/1186/995 983/1185/994 985/1187/996 986/1188/997
f 984/1186/995 986/1188/997 544/643/552 542/641/550
f 986/1189/997 985/1190/996 987/1191/998 988/1192/999
f 986/1189/997 988/1192/999 546/648/554 544/647/552
f 988/1192/999 987/1191/998 989/1193/1000 990/1194/1001
f 988/1192/999 990/1194/1001 548/650/556 546/648/554
f 990/1194/1001 989/1193/1000 991/1195/1002 992/1196/1003
f 990/1194/1001 992/1196/1003 550/652/558 548/650/556
f 992/1196/1003 991/1195/1002 993/1197/1004 994/1198/1005
f 992/1196/1003 994/1198/1005 552/654/560 550/652/558
f 994/1199/1005 993/1200/1004 995/1201/1006 996/1202/1007
f 994/1199/1005 996/1202/1007 554/658/562 552/657/560
f 996/1202/1007 995/1201/1006 997/1203/1008 998/1204/1009
f 996/1202/1007 998/1204/1009 999/1205/1010 554/658/562
f 999/1205/1010 557/662/565 555/659/563 554/658/562
f 999/1205/1010 998/1204/1009 1000/1206/1011 1001/1207/1012
f 999/1205/1010 1001/1207/1012 1002/1208/1013 557/662/565
f 1002/1208/1013 560/665/568 558/663/566 557/662/565
f 1002/1208/1013 1001/1207/1012 112/121/110 111/120/109
f 1002/1208/1013 111/120/109 113/123/111 560/665/568
f 1001/1207/1012 1000/1206/1011 1003/1209/1014 112/121/110
f 1003/1209/1014 1000/1206/1011 1004/1210/1015 1005/1211/1016
f 1003/1209/1014 1005/1211/1016 1006/1212/1017 1007/1213/1018
f 1003/1209/1014 1007/1213/1018 107/115/105 112/121/110
f 1007/1213/1018 1006/1212/1017 1008/1214/1019 1009/1215/1020
f 1007/1213/1018 1009/1215/1020 108/116/106 107/115/105
f 1009/1215/1020 1008/1214/1019 1010/1216/1021 1011/1217/1022
f 1009/1215/1020 1011/1217/1022 1012/1218/1023 108/116/106
f 1012/1218/1023 1013/1219/1024 109/117/107 108/116/106
f 1012/1220/1023 1011/1221/1022 1014/1222/1025 1015/1223/1026
f 1012/1220/1023 1015/1223/1026 1016/1224/1027 1013/1225/1024
f 1016/1224/1027 1017/1226/1028 1018/1227/1029 1013/1225/1024
f 1016/1224/1027 1015/1223/1026 1019/1228/1030 1020/1229/1031
f 1016/1224/1027 1020/1229/1031 1021/1230/1032 1017/1226/1028
f 1021/1230/1032 1022/1231/1033 1023/1232/1034 1017/1226/1028
f 1021/1230/1032 1020/1229/1031 1024/1233/1035 1025/1234/1036
f 1021/1230/1032 1025/1234/1036 1026/1235/1037 1022/1231/1033
f 1026/1236/1037 1027/1237/1038 1028/1238/1039 1022/1239/1033
f 1026/1235/1037 1025/1234/1036 1029/1240/1040 1030/1241/1041
f 1026/1236/1037 1030/1242/1041 1031/1243/1042 1027/1237/1038
f 1031/1243/1042 1032/1244/1043 1033/1245/1044 1027/1237/1038
f 1031/1243/1042 1030/1242/1041 1034/1246/1045 1035/1247/1046
f 1031/1243/1042 1035/1247/1046 1036/1248/1047 1032/1244/1043
f 1036/1248/1047 1037/1249/1048 1038/1250/1049 1032/1244/1043
f 1036/1248/1047 1035/1247/1046 1039/1251/1050 1040/1252/1051
f 1036/1248/1047 1040/1252/1051 1041/1253/1052 1037/1249/1048
f 1041/1253/1052 1042/1254/1053 1043/1255/1054 1037/1249/1048
f 1041/1253/1052 1040/1252/1051 1044/1256/1055 1045/1257/1056
f 1041/1253/1052 1045/1257/1056 1046/1258/1057 1042/1254/1053
f 1046/1258/1057 1047/1259/1058 1048/1260/1059 1042/1254/1053
f 1046/1261/1057 1045/1262/1056 1049/1263/1060 1050/1264/1061
f 1046/1261/1057 1050/1264/1061 1051/1265/1062 1047/1266/1058
f 1051/1265/1062 1052/1267/1063 1053/1268/1064 1047/1266/1058
f 1051/1265/1062 1050/1264/1061 1054/1269/1065 1055/1270/1066
f 1051/1265/1062 1055/1270/1066 1056/1271/1067 1052/1267/1063
f 1056/1271/1067 1057/1272/1068 1058/1273/1069 1052/1267/1063
f 1056/1271/1067 1055/1270/1066 1059/1274/1070 1060/1275/1071
f 1056/1271/1067 1060/1275/1071 1061/1276/1072 1057/1272/1068
f 1061/1276/1072 1062/1277/1073 1063/1278/1074 1057/1272/1068
f 1061/1276/1072 1060/1275/1071 1064/1279/1075 1065/1280/1076
f 1061/1276/1072 1065/1280/1076 1066/1281/1077 1062/1277/1073
f 1066/1281/1077 1067/1282/1078 1068/1283/1079 1062/1277/1073
f 1066/1281/1077 1065/1280/1076 1069/1284/1080 1070/1285/1081
f 1066/1281/1077 1070/1285/1081 1071/1286/1082 1067/1282/1078
f 1071/1286/1082 1072/1287/1083 1073/1288/1084 1067/1282/1078
f 1071/1286/1082 1070/1285/1081 1074/1289/1085 1075/1290/1086
f 1071/1286/1082 1075/1290/1086 1076/1291/1087 1072/1287/1083
f 1076/1291/1087 1077/1292/1088 1078/1293/1089 1072/1287/1083
f 1076/1291/1087 1075/1290/1086 1079/1294/1090 1080/1295/1091
f 1076/1291/1087 1080/1295/1091 1081/1296/1092 1077/1292/1088
f 1081/1296/1092 1082/1297/1093 1083/1298/1094 1077/1292/1088
f 1081/1296/1092 1080/1295/1091 1084/1299/1095 1085/1300/1096
f 1081/1296/1092 1085/1300/1096 1086/1301/1097 1082/1297/1093
f 1086/1301/1097 1087/1302/1098 1088/1303/1099 1082/1297/1093
f 1086/1301/1097 1085/1300/1096 1089/1304/1100 1090/1305/1101
f 1086/1301/1097 1090/1305/1101 1091/1306/1102 1087/1302/1098
f 1091/1306/1102 1092/1307/1103 1093/1308/1104 1087/1302/1098
f 1091/1306/1102 1090/1305/1101 1094/1309/1105 1095/1310/1106
f 1091/1306/1102 1095/1310/1106 1096/1311/1107 1092/1307/1103
f 1096/1311/1107 1097/1312/1108 1098/1313/1109 1092/1307/1103
f 1096/1311/1107 1095/1310/1106 1099/1314/1110 1100/1315/1111
f 1096/1311/1107 1100/1315/1111 1101/1316/1112 1097/1312/1108
f 1101/1316/1112 1102/1317/1113 1103/1318/1114 1097/1312/1108
f 1101/1319/1112 1100/1320/1111 1104/1321/1115 1105/1322/1116
f 1101/1319/1112 1105/1322/1116 1106/1323/1117 1102/1324/1113
f 1106/1323/1117 1107/1325/1118 1108/1326/1119 1102/1324/1113
f 1106/1323/1117 1105/1322/1116 1109/1327/1120 1110/1328/1121
f 1106/1323/1117 1110/1328/1121 1111/1329/1122 1107/1325/1118
f 1111/1329/1122 1112/1330/1123 1113/1331/1124 1107/1325/1118
f 1111/1329/1122 1110/1328/1121 1114/1332/1125 1115/1333/1126
f 1111/1329/1122 1115/1333/1126 1116/1334/1127 1112/1330/1123
f 1116/1334/1127 1117/1335/1128 1118/1336/1129 1112/1330/1123
f 1116/1334/1127 1115/1333/1126 1119/1337/1130 1120/1338/1131
f 1116/1334/1127 1120/1338/1131 1121/1339/1132 1117/1335/1128
f 1121/1339/1132 641/761/649 639/759/647 1117/1335/1128
f 1121/1339/1132 1120/1338/1131 1122/1340/1133 1123/1341/1134
f 1121/1339/1132 1123/1341/1134 1124/1342/1135 641/761/649
f 1124/1342/1135 645/765/653 642/762/650 641/761/649
f 1124/1342/1135 1123/1341/1134 1125/1343/1136 1126/1344/1137
f 1124/1342/1135 1126/1344/1137 1127/1345/1138 645/765/653
f 1127/1345/1138 648/768/656 646/766/654 645/765/653
f 1127/1346/1138 1126/1347/1137 1128/1348/1139 1129/1349/1140
f 1127/1346/1138 1129/1349/1140 650/775/658 648/774/656
f 1129/1349/1140 1128/1348/1139 1130/1350/1141 1131/1351/1142
f 1129/1349/1140 1131/1351/1142 652/779/660 650/775/658
f 1131/1351/1142 1130/1350/1141 1132/1352/1143 1133/1353/1144
f 1131/1351/1142 1133/1353/1144 1134/1354/1145 652/779/660
f 1134/1354/1145 1133/1353/1144 1135/1355/1146 1136/1356/1147
f 1134/1354/1145 1136/1356/1147 1137/1357/1148 655/782/663
f 1134/1354/1145 655/782/663 653/780/661 652/779/660
f 1137/1357/1148 1136/1356/1147 99/105/96 1138/1358/1149
f 1137/1357/1148 1138/1358/1149 1139/1359/1150 658/787/666
f 1137/1357/1148 658/787/666 656/783/664 655/782/663
f 1139/1359/1150 1138/1358/1149 1140/1360/1151 1141/1361/1152
f 1139/1359/1150 1141/1361/1152 1142/1362/1153 1143/1363/1154
f 1139/1359/1150 1143/1363/1154 659/788/667 658/787/666
f 1143/1363/1154 1142/1362/1153 1144/1364/1155 1145/1365/1156
f 1143/1363/1154 1145/1365/1156 660/789/668 659/788/667
f 1145/1365/1156 1144/1364/1155 1146/1366/1157 1147/1367/1158
f 1145/1365/1156 1147/1367/1158 662/792/670 660/789/668
f 1147/1368/1158 1146/1369/1157 847/1027/858 1148/1370/1159
f 1147/1367/1158 1148/1371/1159 664/1372/672 662/792/670
f 1148/1370/1159 847/1027/858 845/1025/856 77/75/70
f 1148/1373/1159 77/1374/70 76/72/69 664/797/672
f 1146/1366/1157 1144/1364/1155 1149/1375/1160 850/1376/861
f 1146/1369/1157 850/1030/861 848/1028/859 847/1027/858
f 1149/1375/1160 1144/1364/1155 1142/1362/1153 1150/1377/1161
f 1149/1375/1160 1150/1377/1161 1151/1378/1162 853/1379/864
f 1149/1380/1160 853/1033/864 851/1031/862 850/1030/861
f 1151/1378/1162 1150/1377/1161 1152/1381/1163 1153/1382/1164
f 1151/1383/1162 1153/1384/1164 1154/1385/1165 856/1038/867
f 1151/1383/1162 856/1038/867 854/1037/865 853/1386/864
f 1154/1387/1165 1153/1382/1164 1155/1388/1166 1156/1389/1167
f 1154/1387/1165 1156/1389/1167 1157/1390/1168 859/1391/870
f 1154/1387/1165 859/1391/870 857/1392/868 856/1393/867
f 1157/1394/1168 1156/1395/1167 1158/1396/1169 1159/1397/1170
f 1157/1394/1168 1159/1397/1170 1160/1398/1171 862/1045/873
f 1157/1394/1168 862/1045/873 860/1043/871 859/1042/870
f 1160/1398/1171 1159/1397/1170 1161/1399/1172 1162/1400/1173
f 1160/1398/1171 1162/1400/1173 1163/1401/1174 865/1048/876
f 1160/1398/1171 865/1048/876 863/1046/874 862/1045/873
f 1163/1401/1174 1162/1400/1173 1164/1402/1175 1165/1403/1176
f 1163/1401/1174 1165/1403/1176 1166/1404/1177 868/1051/879
f 1163/1401/1174 868/1051/879 866/1049/877 865/1048/876
f 1166/1405/1177 1165/1406/1176 1167/1407/1178 1168/1408/1179
f 1166/1405/1177 1168/1408/1179 1169/1409/1180 871/1056/882
f 1166/1405/1177 871/1056/882 869/1055/880 868/1410/879
f 1169/1409/1180 1168/1408/1179 1170/1411/1181 1171/1412/1182
f 1169/1409/1180 1171/1412/1182 1172/1413/1183 874/1060/885
f 1169/1409/1180 874/1060/885 872/1057/883 871/1056/882
f 1172/1413/1183 1171/1412/1182 1173/1414/1184 1174/1415/1185
f 1172/1413/1183 1174/1415/1185 1175/1416/1186 877/1063/888
f 1172/1413/1183 877/1063/888 875/1061/886 874/1060/885
f 1175/1416/1186 1174/1415/1185 1176/1417/1187 1177/1418/1188
f 1175/1416/1186 1177/1418/1188 1178/1419/1189 880/1066/891
f 1175/1416/1186 880/1066/891 878/1064/889 877/1063/888
f 1178/1420/1189 1177/1421/1188 1179/1422/1190 1180/1423/1191
f 1178/1420/1189 1180/1423/1191 1181/1424/1192 883/1425/894
f 1178/1419/1189 883/1069/894 881/1067/892 880/1066/891
f 1181/1424/1192 1180/1423/1191 1182/1426/1193 1183/1427/1194
f 1181/1424/1192 1183/1427/1194 1184/1428/1195 886/1074/897
f 1181/1424/1192 886/1074/897 884/1073/895 883/1425/894
f 1184/1428/1195 1183/1427/1194 1185/1429/1196 1186/1430/1197
f 1184/1428/1195 1186/1430/1197 1187/1431/1198 889/1078/900
f 1184/1428/1195 889/1078/900 887/1075/898 886/1074/897
f 1187/1431/1198 1186/1430/1197 1188/1432/1199 1189/1433/1200
f 1187/1431/1198 1189/1433/1200 1190/1434/1201 892/1081/903
f 1187/1431/1198 892/1081/903 890/1079/901 889/1078/900
f 1190/1434/1201 1189/1433/1200 1191/1435/1202 1192/1436/1203
f 1190/1434/1201 1192/1436/1203 1193/1437/1204 895/1084/906
f 1190/1434/1201 895/1084/906 893/1082/904 892/1081/903
f 1193/1437/1204 1192/1436/1203 1194/1438/1205 1195/1439/1206
f 1193/1437/1204 1195/1439/1206 1196/1440/1207 898/1087/909
f 1193/1437/1204 898/1087/909 896/1085/907 895/1084/906
f 1196/1440/1207 1195/1439/1206 1197/1441/1208 1198/1442/1209
f 1196/1440/1207 1198/1442/1209 1199/1443/1210 901/1090/912
f 1196/1440/1207 901/1090/912 899/1088/910 898/1087/909
f 1199/1444/1210 1198/1445/1209 1200/1446/1211 1201/1447/1212
f 1199/1444/1210 1201/1447/1212 1202/1448/1213 904/1095/915
f 1199/1443/1210 904/1449/915 902/1091/913 901/1090/912
f 1202/1448/1213 1201/1447/1212 1203/1450/1214 1204/1451/1215
f 1202/1448/1213 1204/1451/1215 1205/1452/1216 907/1099/918
f 1202/1448/1213 907/1099/918 905/1096/916 904/1095/915
f 1205/1452/1216 1204/1451/1215 1206/1453/1217 1207/1454/1218
f 1205/1452/1216 1207/1454/1218 1208/1455/1219 910/1102/921
f 1205/1452/1216 910/1102/921 908/1100/919 907/1099/918
f 1208/1455/1219 1207/1454/1218 1209/1456/1220 1210/1457/1221
f 1208/1455/1219 1210/1457/1221 1211/1458/1222 913/1105/924
f 1208/1455/1219 913/1105/924 911/1103/922 910/1102/921
f 1211/1458/1222 1210/1457/1221 34/20/20 33/19/19
f 1211/1458/1222 33/19/19 1212/1459/1223 916/1109/928
f 1211/1458/1222 916/1109/928 914/1106/925 913/1105/924
f 1212/1459/1223 33/19/19 32/18/18 1213/1460/1224
f 1212/1459/1223 1213/1460/1224 2545/1461/1225 2546/1462/1226
f 1212/1459/1223 2546/1462/1226 2544/1110/929 916/1109/928
f 1213/1460/1224 32/18/18 36/22/22 1214/1463/1227
f 1213/1460/1224 1214/1463/1227 917/1464/1228 2545/1461/1225
f 1214/1463/1227 36/22/22 1215/1465/1229 1216/1466/1230
f 1214/1463/1227 1216/1466/1230 918/1467/1231 917/1464/1228
f 1216/1466/1230 1215/1465/1229 1217/1468/1232 1218/1469/1233
f 1216/1466/1230 1218/1469/1233 1219/1470/1234 918/1467/1231
f 1219/1470/1234 1218/1469/1233 1220/1471/1235 1221/1472/1236
f 1224/1473/1237 2547/1474/1238 1225/1475/1239 1226/1476/1240
f 1224/1473/1237 1226/1476/1240 921/1113/932 919/1112/931
f 1226/1476/1240 1225/1475/1239 1227/1477/1241 1228/1478/1242
f 1226/1476/1240 1228/1478/1242 923/1115/934 921/1113/932
f 1228/1478/1242 1227/1477/1241 1229/1479/1243 1230/1480/1244
f 1228/1478/1242 1230/1480/1244 925/1117/936 923/1115/934
f 1230/1480/1244 1229/1479/1243 1231/1481/1245 1232/1482/1246
f 1230/1480/1244 1232/1482/1246 927/1119/938 925/1117/936
f 1232/1482/1246 1231/1481/1245 1233/1483/1247 1234/1484/1248
f 1232/1482/1246 1234/1484/1248 929/1121/940 927/1119/938
f 1234/1484/1248 1233/1483/1247 1235/1485/1249 1236/1486/1250
f 1234/1484/1248 1236/1486/1250 1237/1487/1251 929/1121/940
f 1237/1488/1251 1236/1489/1250 1238/1490/1252 1239/1491/1253
f 1237/1488/1251 1239/1491/1253 1240/1492/1254 932/1493/943
f 1237/1487/1251 932/1124/943 930/1122/941 929/1121/940
f 1240/1492/1254 1239/1491/1253 1241/1494/1255 1242/1495/1256
f 1240/1492/1254 1242/1495/1256 937/1131/948 935/1129/946
f 1240/1492/1254 935/1129/946 933/1128/944 932/1493/943
f 1242/1495/1256 1241/1494/1255 1243/1496/1257 1244/1497/1258
f 1242/1495/1256 1244/1497/1258 1245/1498/1259 937/1131/948
f 1245/1498/1259 1244/1497/1258 1246/1499/1260 1247/1500/1261
f 1245/1498/1259 1247/1500/1261 1248/1501/1262 940/1134/951
f 1245/1498/1259 940/1134/951 938/1132/949 937/1131/948
f 1248/1501/1262 1247/1500/1261 1249/1502/1263 1250/1503/1264
f 1248/1501/1262 1250/1503/1264 1251/1504/1265 943/1137/954
f 1248/1501/1262 943/1137/954 941/1135/952 940/1134/951
f 1251/1504/1265 1250/1503/1264 1252/1505/1266 1253/1506/1267
f 1251/1504/1265 1253/1506/1267 1254/1507/1268 946/1140/957
f 1251/1504/1265 946/1140/957 944/1138/955 943/1137/954
f 1254/1507/1268 1253/1506/1267 1255/1508/1269 1256/1509/1270
f 1254/1507/1268 1256/1509/1270 1257/1510/1271 949/1143/960
f 1254/1507/1268 949/1143/960 947/1141/958 946/1140/957
f 1257/1510/1271 1256/1509/1270 1258/1511/1272 1259/1512/1273
f 1257/1510/1271 1259/1512/1273 1260/1513/1274 1261/1514/1275
f 1257/1510/1271 1261/1514/1275 950/1144/961 949/1143/960
f 1261/1514/1275 1260/1513/1274 1262/1515/1276 1263/1516/1277
f 1261/1514/1275 1263/1516/1277 951/1145/962 950/1144/961
f 1263/1516/1277 1262/1515/1276 1264/1517/1278 1265/1518/1279
f 1263/1516/1277 1265/1518/1279 953/1147/964 951/1145/962
f 1265/1518/1279 1264/1517/1278 1266/1519/1280 1267/1520/1281
f 1265/1518/1279 1267/1520/1281 955/1149/966 953/1147/964
f 1267/1520/1281 1266/1519/1280 1268/1521/1282 1269/1522/1283
f 1267/1520/1281 1269/1522/1283 957/1151/968 955/1149/966
f 1269/1523/1283 1268/1524/1282 1270/1525/1284 1271/1526/1285
f 1269/1522/1283 1271/1527/1285 959/1153/970 957/1151/968
f 1271/1526/1285 1270/1525/1284 1272/1528/1286 1273/1529/1287
f 1271/1526/1285 1273/1529/1287 961/1157/972 959/1156/970
f 1273/1529/1287 1272/1528/1286 1274/1530/1288 1275/1531/1289
f 1273/1529/1287 1275/1531/1289 963/1161/974 961/1157/972
f 1275/1531/1289 1274/1530/1288 1276/1532/1290 1277/1533/1291
f 1275/1531/1289 1277/1533/1291 965/1164/976 963/1161/974
f 1277/1533/1291 1276/1532/1290 1278/1534/1292 1279/1535/1293
f 1277/1533/1291 1279/1535/1293 967/1167/978 965/1164/976
f 1279/1535/1293 1278/1534/1292 1280/1536/1294 1281/1537/1295
f 1279/1535/1293 1281/1537/1295 1282/1538/1296 967/1167/978
f 1282/1538/1296 1281/1537/1295 1283/1539/1297 1284/1540/1298
f 1282/1538/1296 1284/1540/1298 1285/1541/1299 970/1170/981
f 1282/1538/1296 970/1170/981 968/1168/979 967/1167/978
f 1285/1541/1299 1284/1540/1298 1286/1542/1300 1287/1543/1301
f 1285/1541/1299 1287/1543/1301 1288/1544/1302 973/1545/984
f 1285/1541/1299 973/1545/984 971/1171/982 970/1170/981
f 1288/1544/1302 1287/1543/1301 1289/1546/1303 1290/1547/1304
f 1288/1548/1302 1290/1549/1304 1291/1550/1305 976/1178/987
f 1288/1548/1302 976/1178/987 974/1176/985 973/1175/984
f 1291/1550/1305 1290/1549/1304 1292/1551/1306 1293/1552/1307
f 1291/1550/1305 1293/1552/1307 1294/1553/1308 979/1181/990
f 1291/1550/1305 979/1181/990 977/1179/988 976/1178/987
f 1294/1553/1308 1293/1552/1307 1295/1554/1309 1296/1555/1310
f 1294/1553/1308 1296/1555/1310 1297/1556/1311 1298/1557/1312
f 1294/1553/1308 1298/1557/1312 980/1182/991 979/1181/990
f 1298/1557/1312 1297/1556/1311 1299/1558/1313 1300/1559/1314
f 1298/1557/1312 1300/1559/1314 981/1183/992 980/1182/991
f 1300/1559/1314 1299/1558/1313 1301/1560/1315 1302/1561/1316
f 1300/1559/1314 1302/1561/1316 983/1185/994 981/1183/992
f 1302/1561/1316 1301/1560/1315 1303/1562/1317 1304/1563/1318
f 1302/1561/1316 1304/1563/1318 985/1187/996 983/1185/994
f 1304/1564/1318 1303/1565/1317 1305/1566/1319 1306/1567/1320
f 1304/1564/1318 1306/1567/1320 987/1191/998 985/1190/996
f 1306/1567/1320 1305/1566/1319 1307/1568/1321 1308/1569/1322
f 1306/1567/1320 1308/1569/1322 989/1193/1000 987/1191/998
f 1308/1569/1322 1307/1568/1321 1309/1570/1323 1310/1571/1324
f 1308/1569/1322 1310/1571/1324 991/1195/1002 989/1193/1000
f 1310/1571/1324 1309/1570/1323 1311/1572/1325 1312/1573/1326
f 1310/1571/1324 1312/1573/1326 993/1197/1004 991/1195/1002
f 1312/1574/1326 1311/1575/1325 1313/1576/1327 1314/1577/1328
f 1312/1574/1326 1314/1577/1328 995/1201/1006 993/1200/1004
f 1314/1577/1328 1313/1576/1327 1315/1578/1329 1316/1579/1330
f 1314/1577/1328 1316/1579/1330 997/1203/1008 995/1201/1006
f 1316/1579/1330 1315/1578/1329 1317/1580/1331 1318/1581/1332
f 1316/1579/1330 1318/1581/1332 1004/1210/1015 997/1203/1008
f 1318/1581/1332 1317/1580/1331 1319/1582/1333 1320/1583/1334
f 1318/1581/1332 1320/1583/1334 1005/1211/1016 1004/1210/1015
f 1320/1583/1334 1319/1582/1333 1321/1584/1335 1322/1585/1336
f 1320/1583/1334 1322/1585/1336 1006/1212/1017 1005/1211/1016
f 1322/1585/1336 1321/1584/1335 1323/1586/1337 1324/1587/1338
f 1322/1585/1336 1324/1587/1338 1008/1214/1019 1006/1212/1017
f 1324/1587/1338 1323/1586/1337 1325/1588/1339 1326/1589/1340
f 1324/1587/1338 1326/1589/1340 1010/1216/1021 1008/1214/1019
f 1326/1590/1340 1325/1591/1339 1327/1592/1341 1328/1593/1342
f 1326/1590/1340 1328/1593/1342 1329/1594/1343 1010/1595/1021
f 1329/1594/1343 1014/1222/1025 1011/1221/1022 1010/1595/1021
f 1329/1594/1343 1328/1593/1342 1330/1596/1344 1331/1597/1345
f 1329/1594/1343 1331/1597/1345 1332/1598/1346 1014/1222/1025
f 1332/1598/1346 1019/1228/1030 1015/1223/1026 1014/1222/1025
f 1332/1598/1346 1331/1597/1345 1333/1599/1347 1334/1600/1348
f 1332/1598/1346 1334/1600/1348 1335/1601/1349 1019/1228/1030
f 1335/1601/1349 1024/1233/1035 1020/1229/1031 1019/1228/1030
f 1335/1601/1349 1334/1600/1348 1336/1602/1350 1337/1603/1351
f 1335/1601/1349 1337/1603/1351 1338/1604/1352 1024/1233/1035
f 1338/1604/1352 1029/1240/1040 1025/1234/1036 1024/1233/1035
f 1338/1604/1352 1337/1603/1351 41/1605/28 40/1606/27
f 1338/1604/1352 40/1606/27 43/1607/30 1029/1240/1040
f 1337/1603/1351 1336/1602/1350 1339/1608/1353 41/1605/28
f 1339/1608/1353 1336/1602/1350 1340/1609/1354 1341/1610/1355
f 1339/1611/1353 1341/1612/1355 1342/1613/1356 1343/1614/1357
f 1339/1611/1353 1343/1614/1357 42/29/29 41/28/28
f 1343/1614/1357 1342/1613/1356 1344/1615/1358 1345/1616/1359
f 1343/1614/1357 1345/1616/1359 1346/1617/1360 42/29/29
f 1346/1617/1360 1347/1618/1361 3/23/23 42/29/29
f 1346/1617/1360 1345/1616/1359 1348/1619/1362 1349/1620/1363
f 1346/1617/1360 1349/1620/1363 1350/1621/1364 1347/1618/1361
f 1350/1621/1364 1351/1622/1365 1352/1623/1366 1347/1618/1361
f 1350/1621/1364 1349/1620/1363 1353/1624/1367 1354/1625/1368
f 1350/1621/1364 1354/1625/1368 1355/1626/1369 1351/1622/1365
f 1355/1626/1369 1356/1627/1370 1357/1628/1371 1351/1622/1365
f 1355/1626/1369 1354/1625/1368 1358/1629/1372 1359/1630/1373
f 1355/1626/1369 1359/1630/1373 1360/1631/1374 1356/1627/1370
f 1360/1631/1374 1361/1632/1375 1362/1633/1376 1356/1627/1370
f 1360/1631/1374 1359/1630/1373 1363/1634/1377 1364/1635/1378
f 1360/1631/1374 1364/1635/1378 1365/1636/1379 1361/1632/1375
f 1365/1636/1379 1366/1637/1380 1367/1638/1381 1361/1632/1375
f 1365/1636/1379 1364/1635/1378 1368/1639/1382 1369/1640/1383
f 1365/1636/1379 1369/1640/1383 1370/1641/1384 1366/1637/1380
f 1370/1641/1384 1371/1642/1385 1372/1643/1386 1366/1637/1380
f 1370/1641/1384 1369/1640/1383 1373/1644/1387 1374/1645/1388
f 1370/1641/1384 1374/1645/1388 25/10/10 1371/1642/1385
f 1374/1645/1388 1373/1644/1387 1375/1646/1389 1376/1647/1390
f 1374/1645/1388 1376/1647/1390 22/7/7 25/10/10
f 1376/1647/1390 1375/1646/1389 1377/1648/1391 1378/1649/1392
f 1376/1647/1390 1378/1649/1392 23/8/8 22/7/7
f 1378/1650/1392 1377/1651/1391 1379/1652/1393 1380/1653/1394
f 1378/1650/1392 1380/1653/1394 1381/1654/1395 23/1655/8
f 1381/1656/1395 1382/1657/1396 20/5/5 23/8/8
f 1381/1654/1395 1380/1653/1394 1272/1528/1286 1270/1525/1284
f 1381/1654/1395 1270/1525/1284 1268/1524/1282 1382/1658/1396
f 1382/1657/1396 1383/1659/1397 21/6/6 20/5/5
f 1382/1658/1396 1268/1524/1282 1266/1660/1280 1383/1661/1397
f 1383/1659/1397 1384/1662/1398 1385/1663/1399 21/6/6
f 1383/1659/1397 1266/1664/1280 1264/1665/1278 1384/1662/1398
f 1385/1663/1399 1386/1666/1400 1387/1667/1401 1388/1668/1402
f 1385/1663/1399 1388/1668/1402 17/2/2 21/6/6
f 1385/1663/1399 1384/1662/1398 1389/1669/1403 1386/1666/1400
f 1389/1669/1403 1390/1670/1404 1391/1671/1405 1386/1666/1400
f 1389/1669/1403 1384/1662/1398 1264/1665/1278 1262/1672/1276
f 1389/1669/1403 1262/1672/1276 1260/1673/1274 1390/1670/1404
f 1391/1671/1405 1392/1674/1406 1393/1675/1407 1394/1676/1408
f 1391/1671/1405 1394/1676/1408 1387/1667/1401 1386/1666/1400
f 1391/1671/1405 1390/1670/1404 1395/1677/1409 1392/1674/1406
f 1395/1677/1409 1396/1678/1410 1397/1679/1411 1392/1674/1406
f 1395/1677/1409 1390/1670/1404 1260/1673/1274 1259/1680/1273
f 1395/1681/1409 1259/1512/1273 1258/1511/1272 1396/1682/1410
f 1397/1679/1411 1398/1683/1412 1399/1684/1413 1400/1685/1414
f 1397/1679/1411 1400/1685/1414 1393/1675/1407 1392/1674/1406
f 1397/1679/1411 1396/1678/1410 1401/1686/1415 1398/1683/1412
f 1401/1686/1415 1402/1687/1416 1403/1688/1417 1398/1683/1412
f 1401/1689/1415 1396/1682/1410 1258/1511/1272 1404/1690/1418
f 1401/1689/1415 1404/1690/1418 1405/1691/1419 1402/1692/1416
f 1405/1691/1419 1406/1693/1420 1407/1694/1421 1402/1692/1416
f 1405/1691/1419 1404/1690/1418 1255/1508/1269 1408/1695/1422
f 1405/1691/1419 1408/1695/1422 1409/1696/1423 1406/1693/1420
f 1409/1696/1423 1410/1697/1424 1411/1698/1425 1406/1693/1420
f 1409/1696/1423 1408/1695/1422 1252/1505/1266 1412/1699/1426
f 1409/1696/1423 1412/1699/1426 1413/1700/1427 1410/1697/1424
f 1413/1700/1427 1414/1701/1428 1415/1702/1429 1410/1697/1424
f 1413/1700/1427 1412/1699/1426 1249/1502/1263 1416/1703/1430
f 1413/1700/1427 1416/1703/1430 1417/1704/1431 1414/1701/1428
f 1417/1704/1431 1418/1705/1432 1419/1706/1433 1414/1701/1428
f 1417/1704/1431 1416/1703/1430 1246/1499/1260 1420/1707/1434
f 1417/1704/1431 1420/1707/1434 1421/1708/1435 1418/1705/1432
f 1421/1708/1435 1422/1709/1436 1423/1710/1437 1418/1705/1432
f 1421/1708/1435 1420/1707/1434 1243/1496/1257 1424/1711/1438
f 1421/1708/1435 1424/1711/1438 1425/1712/1439 1422/1709/1436
f 1425/1712/1439 1426/1713/1440 1427/1714/1441 1422/1709/1436
f 1425/1712/1439 1424/1711/1438 1428/1715/1442 1429/1716/1443
f 1425/1712/1439 1429/1716/1443 1430/1717/1444 1426/1713/1440
f 1430/1717/1444 1431/1718/1445 1432/1719/1446 1426/1713/1440
f 1430/1717/1444 1429/1716/1443 1433/1720/1447 1434/1721/1448
f 1430/1717/1444 1434/1721/1448 1435/1722/1449 1431/1718/1445
f 1435/1722/1449 1436/1723/1450 1437/1724/1451 1431/1718/1445
f 1435/1722/1449 1434/1721/1448 1438/1725/1452 1439/1726/1453
f 1435/1722/1449 1439/1726/1453 1440/1727/1454 1436/1723/1450
f 1440/1727/1454 1441/1728/1455 1442/1729/1456 1436/1723/1450
f 1440/1730/1454 1439/1731/1453 1443/1732/1457 1444/1733/1458
f 1440/1730/1454 1444/1733/1458 1445/1734/1459 1441/1735/1455
f 1445/1734/1459 1446/1736/1460 1447/1737/1461 1441/1735/1455
f 1445/1734/1459 1444/1733/1458 1448/1738/1462 1449/1739/1463
f 1445/1734/1459 1449/1739/1463 1450/1740/1464 1446/1736/1460
f 1450/1740/1464 1451/1741/1465 1452/1742/1466 1446/1736/1460
f 1450/1740/1464 1449/1739/1463 1453/1743/1467 1454/1744/1468
f 1450/1740/1464 1454/1744/1468 1455/1745/1469 1451/1741/1465
f 1455/1745/1469 1456/1746/1470 1457/1747/1471 1451/1741/1465
f 1455/1745/1469 1454/1744/1468 1458/1748/1472 1459/1749/1473
f 1455/1745/1469 1459/1749/1473 1460/1750/1474 1456/1746/1470
f 1460/1750/1474 1461/1751/1475 1462/1752/1476 1456/1746/1470
f 1460/1750/1474 1459/1749/1473 1463/1753/1477 1464/1754/1478
f 1460/1750/1474 1464/1754/1478 1465/1755/1479 1461/1751/1475
f 1465/1755/1479 89/90/84 88/89/83 1461/1751/1475
f 1465/1755/1479 1464/1754/1478 1466/1756/1480 2548/1757/1481
f 1465/1755/1479 2548/1757/1481 2549/1758/1482 89/90/84
f 2549/1758/1482 1467/1759/1483 90/91/85 89/90/84
f 2551/1760/1484 2550/1761/1485 1469/1762/1486 91/92/86
f 2551/1760/1484 91/92/86 90/91/85 1467/1759/1483
f 1469/1762/1486 2550/1761/1485 1468/1763/1487 1470/1764/1488
f 1469/1762/1486 1470/1764/1488 1471/1765/1489 1472/1766/1490
f 1469/1762/1486 1472/1766/1490 86/87/81 91/92/86
f 1472/1766/1490 1471/1765/1489 1473/1767/1491 1474/1768/1492
f 1472/1766/1490 1474/1768/1492 87/88/82 86/87/81
f 1474/1768/1492 1473/1767/1491 1475/1769/1493 1476/1770/1494
f 1474/1768/1492 1476/1770/1494 1462/1752/1476 87/88/82
f 1476/1770/1494 1475/1769/1493 1477/1771/1495 1457/1747/1471
f 1476/1770/1494 1457/1747/1471 1456/1746/1470 1462/1752/1476
f 1477/1771/1495 1475/1769/1493 1478/1772/1496 1479/1773/1497
f 1477/1771/1495 1479/1773/1497 1480/1774/1498 1452/1742/1466
f 1477/1771/1495 1452/1742/1466 1451/1741/1465 1457/1747/1471
f 1480/1775/1498 1479/1776/1497 1481/1777/1499 1482/1778/1500
f 1480/1779/1498 1482/1780/1500 1483/1781/1501 1447/1782/1461
f 1480/1774/1498 1447/1737/1461 1446/1736/1460 1452/1742/1466
f 1483/1781/1501 1482/1780/1500 1484/1783/1502 1485/1784/1503
f 1483/1781/1501 1485/1784/1503 1486/1785/1504 1442/1729/1456
f 1483/1781/1501 1442/1729/1456 1441/1728/1455 1447/1782/1461
f 1486/1785/1504 1485/1784/1503 1487/1786/1505 1488/1787/1506
f 1486/1785/1504 1488/1787/1506 1489/1788/1507 1437/1724/1451
f 1486/1785/1504 1437/1724/1451 1436/1723/1450 1442/1729/1456
f 1489/1788/1507 1488/1787/1506 1490/1789/1508 1491/1790/1509
f 1489/1788/1507 1491/1790/1509 1492/1791/1510 1432/1719/1446
f 1489/1788/1507 1432/1719/1446 1431/1718/1445 1437/1724/1451
f 1492/1791/1510 1491/1790/1509 1493/1792/1511 1494/1793/1512
f 1492/1791/1510 1494/1793/1512 1495/1794/1513 1427/1714/1441
f 1492/1791/1510 1427/1714/1441 1426/1713/1440 1432/1719/1446
f 1495/1794/1513 1494/1793/1512 1496/1795/1514 1497/1796/1515
f 1495/1794/1513 1497/1796/1515 1498/1797/1516 1423/1710/1437
f 1495/1794/1513 1423/1710/1437 1422/1709/1436 1427/1714/1441
f 1498/1797/1516 1497/1796/1515 1499/1798/1517 1500/1799/1518
f 1498/1797/1516 1500/1799/1518 1501/1800/1519 1419/1706/1433
f 1498/1797/1516 1419/1706/1433 1418/1705/1432 1423/1710/1437
f 1501/1800/1519 1500/1799/1518 1502/1801/1520 1503/1802/1521
f 1501/1800/1519 1503/1802/1521 1504/1803/1522 1415/1702/1429
f 1501/1800/1519 1415/1702/1429 1414/1701/1428 1419/1706/1433
f 1504/1803/1522 1503/1802/1521 1505/1804/1523 1506/1805/1524
f 1504/1803/1522 1506/1805/1524 1507/1806/1525 1411/1698/1425
f 1504/1803/1522 1411/1698/1425 1410/1697/1424 1415/1702/1429
f 1507/1807/1525 1506/1808/1524 1508/1809/1526 1509/1810/1527
f 1507/1807/1525 1509/1810/1527 1510/1811/1528 1407/1812/1421
f 1507/1806/1525 1407/1694/1421 1406/1693/1420 1411/1698/1425
f 1510/1811/1528 1509/1810/1527 1511/1813/1529 1512/1814/1530
f 1510/1811/1528 1512/1814/1530 1513/1815/1531 1403/1688/1417
f 1510/1811/1528 1403/1688/1417 1402/1687/1416 1407/1812/1421
f 1513/1815/1531 1512/1814/1530 1514/1816/1532 1515/1817/1533
f 1513/1815/1531 1515/1817/1533 1516/1818/1534 1399/1684/1413
f 1513/1815/1531 1399/1684/1413 1398/1683/1412 1403/1688/1417
f 1516/1818/1534 1515/1817/1533 1517/1819/1535 1518/1820/1536
f 1516/1818/1534 1518/1820/1536 1519/1821/1537 1520/1822/1538
f 1516/1818/1534 1520/1822/1538 1400/1685/1414 1399/1684/1413
f 1520/1822/1538 1519/1821/1537 1521/1823/1539 1522/1824/1540
f 1520/1822/1538 1522/1824/1540 1393/1675/1407 1400/1685/1414
f 1522/1824/1540 1521/1823/1539 1523/1825/1541 1524/1826/1542
f 1522/1824/1540 1524/1826/1542 1394/1676/1408 1393/1675/1407
f 1524/1826/1542 1523/1825/1541 1525/1827/1543 1526/1828/1544
f 1524/1826/1542 1526/1828/1544 1387/1667/1401 1394/1676/1408
f 1526/1828/1544 1525/1827/1543 1527/1829/1545 1528/1830/1546
f 1526/1828/1544 1528/1830/1546 1388/1668/1402 1387/1667/1401
f 1528/1830/1546 1527/1829/1545 1529/1831/1547 18/3/3
f 1528/1830/1546 18/3/3 17/2/2 1388/1668/1402
f 1529/1831/1547 1527/1829/1545 1530/1832/1548 1531/1833/1549
f 1529/1831/1547 1531/1833/1549 1532/1834/1550 1533/1835/1551
f 1529/1831/1547 1533/1835/1551 19/4/4 18/3/3
f 1533/1835/1551 1532/1834/1550 1534/1836/1552 1535/1837/1553
f 1533/1835/1551 1535/1837/1553 26/11/11 19/4/4
f 1535/1837/1553 1534/1836/1552 1536/1838/1554 1537/1839/1555
f 1535/1837/1553 1537/1839/1555 1538/1840/1556 26/11/11
f 1538/1840/1556 1537/1839/1555 1539/1841/1557 1540/1842/1558
f 1538/1840/1556 1540/1842/1558 1541/1843/1559 1542/1844/1560
f 1538/1840/1556 1542/1844/1560 24/9/9 26/11/11
f 1542/1844/1560 1541/1843/1559 1372/1643/1386 1371/1642/1385
f 1542/1844/1560 1371/1642/1385 25/10/10 24/9/9
f 1541/1843/1559 1540/1842/1558 1543/1845/1561 1544/1846/1562
f 1541/1843/1559 1544/1846/1562 1545/1847/1563 1372/1643/1386
f 1545/1847/1563 1544/1846/1562 1546/1848/1564 1547/1849/1565
f 1545/1847/1563 1547/1849/1565 1548/1850/1566 1367/1638/1381
f 1545/1847/1563 1367/1638/1381 1366/1637/1380 1372/1643/1386
f 1548/1850/1566 1547/1849/1565 1549/1851/1567 1550/1852/1568
f 1548/1850/1566 1550/1852/1568 1551/1853/1569 1362/1633/1376
f 1548/1850/1566 1362/1633/1376 1361/1632/1375 1367/1638/1381
f 1551/1853/1569 1550/1852/1568 1552/1854/1570 1553/1855/1571
f 1551/1853/1569 1553/1855/1571 1554/1856/1572 1357/1628/1371
f 1551/1853/1569 1357/1628/1371 1356/1627/1370 1362/1633/1376
f 1554/1856/1572 1553/1855/1571 1555/1857/1573 1556/1858/1574
f 1554/1856/1572 1556/1858/1574 37/24/24 1352/1623/1366
f 1554/1856/1572 1352/1623/1366 1351/1622/1365 1357/1628/1371
f 1556/1858/1574 1555/1857/1573 1557/1859/1575 1558/1860/1576
f 1556/1858/1574 1558/1860/1576 38/25/25 37/24/24
f 1558/1860/1576 1557/1859/1575 1559/1861/1577 1560/1862/1578
f 1558/1860/1576 1560/1862/1578 1561/1863/1579 38/25/25
f 1561/1864/1579 1562/1865/1580 1039/1251/1050 1563/1866/1581
f 1561/1863/1579 1563/1867/1581 39/26/26 38/25/25
f 1561/1863/1579 1560/1862/1578 1564/1868/1582 1562/1869/1580
f 1564/1868/1582 1565/1870/1583 1044/1871/1055 1562/1869/1580
f 1564/1868/1582 1560/1862/1578 1559/1861/1577 1566/1872/1584
f 1564/1868/1582 1566/1872/1584 1567/1873/1585 1565/1870/1583
f 1567/1873/1585 1568/1874/1586 1049/1263/1060 1565/1870/1583
f 1567/1873/1585 1566/1872/1584 1569/1875/1587 1570/1876/1588
f 1567/1873/1585 1570/1876/1588 1571/1877/1589 1568/1874/1586
f 1571/1877/1589 1572/1878/1590 1054/1269/1065 1568/1874/1586
f 1571/1877/1589 1570/1876/1588 1573/1879/1591 1574/1880/1592
f 1571/1877/1589 1574/1880/1592 1575/1881/1593 1572/1878/1590
f 1575/1881/1593 1576/1882/1594 1059/1274/1070 1572/1878/1590
f 1575/1881/1593 1574/1880/1592 1577/1883/1595 1578/1884/1596
f 1575/1881/1593 1578/1884/1596 1579/1885/1597 1576/1882/1594
f 1579/1885/1597 1580/1886/1598 1064/1279/1075 1576/1882/1594
f 1579/1885/1597 1578/1884/1596 1581/1887/1599 1582/1888/1600
f 1579/1885/1597 1582/1888/1600 1583/1889/1601 1580/1886/1598
f 1583/1889/1601 1584/1890/1602 1069/1284/1080 1580/1886/1598
f 1583/1889/1601 1582/1888/1600 1585/1891/1603 1586/1892/1604
f 1583/1889/1601 1586/1892/1604 1587/1893/1605 1584/1890/1602
f 1587/1893/1605 1588/1894/1606 1074/1289/1085 1584/1890/1602
f 1587/1893/1605 1586/1892/1604 1589/1895/1607 1590/1896/1608
f 1587/1893/1605 1590/1896/1608 1591/1897/1609 1588/1894/1606
f 1591/1897/1609 1592/1898/1610 1079/1294/1090 1588/1894/1606
f 1591/1897/1609 1590/1896/1608 1593/1899/1611 1594/1900/1612
f 1591/1897/1609 1594/1900/1612 1595/1901/1613 1592/1898/1610
f 1595/1901/1613 1596/1902/1614 1084/1299/1095 1592/1898/1610
f 1595/1901/1613 1594/1900/1612 1597/1903/1615 1598/1904/1616
f 1595/1901/1613 1598/1904/1616 1599/1905/1617 1596/1902/1614
f 1599/1905/1617 1600/1906/1618 1089/1304/1100 1596/1902/1614
f 1599/1905/1617 1598/1904/1616 1601/1907/1619 1602/1908/1620
f 1599/1905/1617 1602/1908/1620 1603/1909/1621 1600/1906/1618
f 1603/1909/1621 1604/1910/1622 1094/1309/1105 1600/1906/1618
f 1603/1911/1621 1602/1912/1620 1605/1913/1623 1606/1914/1624
f 1603/1911/1621 1606/1914/1624 1607/1915/1625 1604/1916/1622
f 1607/1915/1625 1608/1917/1626 1099/1918/1110 1604/1916/1622
f 1607/1915/1625 1606/1914/1624 1609/1919/1627 1610/1920/1628
f 1607/1915/1625 1610/1920/1628 1611/1921/1629 1608/1917/1626
f 1611/1921/1629 1612/1922/1630 1104/1321/1115 1608/1917/1626
f 1611/1921/1629 1610/1920/1628 1613/1923/1631 1614/1924/1632
f 1611/1921/1629 1614/1924/1632 1615/1925/1633 1612/1922/1630
f 1615/1925/1633 1616/1926/1634 1109/1327/1120 1612/1922/1630
f 1615/1925/1633 1614/1924/1632 1617/1927/1635 1618/1928/1636
f 1615/1925/1633 1618/1928/1636 1619/1929/1637 1616/1926/1634
f 1619/1929/1637 1620/1930/1638 1114/1332/1125 1616/1926/1634
f 1619/1929/1637 1618/1928/1636 1621/1931/1639 1622/1932/1640
f 1619/1929/1637 1622/1932/1640 1623/1933/1641 1620/1930/1638
f 1623/1933/1641 1624/1934/1642 1119/1337/1130 1620/1930/1638
f 1623/1933/1641 1622/1932/1640 1625/1935/1643 1626/1936/1644
f 1623/1933/1641 1626/1936/1644 1627/1937/1645 1624/1934/1642
f 1627/1937/1645 1628/1938/1646 1122/1340/1133 1624/1934/1642
f 1627/1937/1645 1626/1936/1644 1629/1939/1647 1630/1940/1648
f 1627/1937/1645 1630/1940/1648 1631/1941/1649 1628/1938/1646
f 1631/1941/1649 1632/1942/1650 1125/1343/1136 1628/1938/1646
f 1631/1943/1649 1630/1944/1648 1633/1945/1651 1634/1946/1652
f 1631/1943/1649 1634/1946/1652 1635/1947/1653 1632/1948/1650
f 1635/1947/1653 1130/1350/1141 1128/1348/1139 1632/1948/1650
f 1635/1947/1653 1634/1946/1652 1636/1949/1654 1637/1950/1655
f 1635/1947/1653 1637/1950/1655 1132/1352/1143 1130/1350/1141
f 1637/1950/1655 1636/1949/1654 1638/1951/1656 1639/1952/1657
f 1637/1950/1655 1639/1952/1657 1640/1953/1658 1132/1352/1143
f 1640/1953/1658 1135/1355/1146 1133/1353/1144 1132/1352/1143
f 1640/1953/1658 1639/1952/1657 1641/1954/1659 103/109/100
f 1640/1953/1658 103/109/100 100/106/97 1135/1355/1146
f 1641/1954/1659 1639/1952/1657 1638/1951/1656 1642/1955/1660
f 1641/1954/1659 1642/1955/1660 1643/1956/1661 1644/1957/1662
f 1641/1954/1659 1644/1957/1662 101/107/98 103/109/100
f 1644/1957/1662 1643/1956/1661 1158/1958/1169 1645/1959/1663
f 1644/1957/1662 1645/1959/1663 102/108/99 101/107/98
f 1645/1959/1663 1158/1958/1169 1156/1389/1167 1155/1388/1166
f 1645/1959/1663 1155/1388/1166 1646/1960/1664 102/108/99
f 1646/1960/1664 1140/1360/1151 98/104/95 102/108/99
f 1646/1961/1664 1155/1962/1166 1153/1963/1164 1152/1964/1163
f 1646/1960/1664 1152/1381/1163 1141/1361/1152 1140/1360/1151
f 1643/1956/1661 1642/1955/1660 1647/1965/1665 1161/1966/1172
f 1643/1956/1661 1161/1966/1172 1159/1967/1170 1158/1958/1169
f 1647/1965/1665 1642/1955/1660 1638/1951/1656 1648/1968/1666
f 1647/1965/1665 1648/1968/1666 1649/1969/1667 1164/1970/1175
f 1647/1965/1665 1164/1970/1175 1162/1971/1173 1161/1966/1172
f 1649/1969/1667 1648/1968/1666 1650/1972/1668 1651/1973/1669
f 1649/1969/1667 1651/1973/1669 1652/1974/1670 1167/1407/1178
f 1649/1969/1667 1167/1407/1178 1165/1406/1176 1164/1970/1175
f 1652/1974/1670 1651/1973/1669 1653/1975/1671 1654/1976/1672
f 1652/1974/1670 1654/1976/1672 1655/1977/1673 1170/1411/1181
f 1652/1974/1670 1170/1411/1181 1168/1408/1179 1167/1407/1178
f 1655/1977/1673 1654/1976/1672 1656/1978/1674 1657/1979/1675
f 1655/1977/1673 1657/1979/1675 1658/1980/1676 1173/1414/1184
f 1655/1977/1673 1173/1414/1184 1171/1412/1182 1170/1411/1181
f 1658/1981/1676 1657/1982/1675 1659/1983/1677 1660/1984/1678
f 1658/1981/1676 1660/1984/1678 1661/1985/1679 1176/1986/1187
f 1658/1980/1676 1176/1417/1187 1174/1415/1185 1173/1414/1184
f 1661/1985/1679 1660/1984/1678 1662/1987/1680 1663/1988/1681
f 1661/1985/1679 1663/1988/1681 1664/1989/1682 1179/1422/1190
f 1661/1985/1679 1179/1422/1190 1177/1421/1188 1176/1986/1187
f 1664/1989/1682 1663/1988/1681 1665/1990/1683 1666/1991/1684
f 1664/1989/1682 1666/1991/1684 1667/1992/1685 1182/1426/1193
f 1664/1989/1682 1182/1426/1193 1180/1423/1191 1179/1422/1190
f 1667/1992/1685 1666/1991/1684 1668/1993/1686 1669/1994/1687
f 1667/1992/1685 1669/1994/1687 1670/1995/1688 1185/1429/1196
f 1667/1992/1685 1185/1429/1196 1183/1427/1194 1182/1426/1193
f 1670/1995/1688 1669/1994/1687 1671/1996/1689 1672/1997/1690
f 1670/1995/1688 1672/1997/1690 1673/1998/1691 1188/1432/1199
f 1670/1995/1688 1188/1432/1199 1186/1430/1197 1185/1429/1196
f 1673/1998/1691 1672/1997/1690 1674/1999/1692 1675/2000/1693
f 1673/1998/1691 1675/2000/1693 1676/2001/1694 1191/1435/1202
f 1673/1998/1691 1191/1435/1202 1189/1433/1200 1188/1432/1199
f 1676/2001/1694 1675/2000/1693 1677/2002/1695 1678/2003/1696
f 1676/2001/1694 1678/2003/1696 1679/2004/1697 1194/1438/1205
f 1676/2001/1694 1194/1438/1205 1192/1436/1203 1191/1435/1202
f 1679/2005/1697 1678/2006/1696 1680/2007/1698 1681/2008/1699
f 1679/2005/1697 1681/2008/1699 1682/2009/1700 1197/2010/1208
f 1679/2004/1697 1197/1441/1208 1195/1439/1206 1194/1438/1205
f 1682/2009/1700 1681/2008/1699 1683/2011/1701 1684/2012/1702
f 1682/2009/1700 1684/2012/1702 1685/2013/1703 1200/1446/1211
f 1682/2009/1700 1200/1446/1211 1198/1445/1209 1197/2010/1208
f 1685/2013/1703 1684/2012/1702 1686/2014/1704 1687/2015/1705
f 1685/2013/1703 1687/2015/1705 1688/2016/1706 1203/1450/1214
f 1685/2013/1703 1203/1450/1214 1201/1447/1212 1200/1446/1211
f 1688/2016/1706 1687/2015/1705 1689/2017/1707 1690/2018/1708
f 1688/2016/1706 1690/2018/1708 1691/2019/1709 1206/1453/1217
f 1688/2016/1706 1206/1453/1217 1204/1451/1215 1203/1450/1214
f 1691/2019/1709 1690/2018/1708 1692/2020/1710 1693/2021/1711
f 1691/2019/1709 1693/2021/1711 35/21/21 1209/1456/1220
f 1691/2019/1709 1209/1456/1220 1207/1454/1218 1206/1453/1217
f 1693/2021/1711 1692/2020/1710 1577/1883/1595 1694/2022/1712
f 1693/2021/1711 1694/2022/1712 27/13/13 35/21/21
f 1694/2022/1712 1577/1883/1595 1574/1880/1592 1573/1879/1591
f 1694/2022/1712 1573/1879/1591 28/14/14 27/13/13
f 1692/2020/1710 1581/1887/1599 1578/1884/1596 1577/1883/1595
f 1692/2020/1710 1690/2018/1708 1689/2017/1707 1581/1887/1599
f 1689/2017/1707 1585/1891/1603 1582/1888/1600 1581/1887/1599
f 1689/2017/1707 1687/2015/1705 1686/2014/1704 1585/1891/1603
f 1686/2014/1704 1589/1895/1607 1586/1892/1604 1585/1891/1603
f 1686/2014/1704 1684/2012/1702 1683/2011/1701 1589/1895/1607
f 1683/2011/1701 1593/1899/1611 1590/1896/1608 1589/1895/1607
f 1683/2011/1701 1681/2008/1699 1680/2007/1698 1593/1899/1611
f 1680/2007/1698 1597/1903/1615 1594/1900/1612 1593/1899/1611
f 1680/2007/1698 1678/2006/1696 1677/2023/1695 1597/1903/1615
f 1677/2023/1695 1601/1907/1619 1598/1904/1616 1597/1903/1615
f 1677/2002/1695 1675/2000/1693 1674/1999/1692 1601/2024/1619
f 1674/1999/1692 1605/1913/1623 1602/1912/1620 1601/2024/1619
f 1674/1999/1692 1672/1997/1690 1671/1996/1689 1605/1913/1623
f 1671/1996/1689 1609/1919/1627 1606/1914/1624 1605/1913/1623
f 1671/1996/1689 1669/1994/1687 1668/1993/1686 1609/1919/1627
f 1668/1993/1686 1613/1923/1631 1610/1920/1628 1609/1919/1627
f 1668/1993/1686 1666/1991/1684 1665/1990/1683 1613/1923/1631
f 1665/1990/1683 1617/1927/1635 1614/1924/1632 1613/1923/1631
f 1665/1990/1683 1663/1988/1681 1662/1987/1680 1617/1927/1635
f 1662/1987/1680 1621/1931/1639 1618/1928/1636 1617/1927/1635
f 1662/1987/1680 1660/1984/1678 1659/1983/1677 1621/1931/1639
f 1659/1983/1677 1625/1935/1643 1622/1932/1640 1621/1931/1639
f 1659/1983/1677 1657/1982/1675 1656/2025/1674 1625/1935/1643
f 1656/2025/1674 1629/1939/1647 1626/1936/1644 1625/1935/1643
f 1656/1978/1674 1654/1976/1672 1653/1975/1671 1629/2026/1647
f 1653/1975/1671 1633/1945/1651 1630/1944/1648 1629/2026/1647
f 1653/1975/1671 1651/1973/1669 1650/1972/1668 1633/1945/1651
f 1650/1972/1668 1636/1949/1654 1634/1946/1652 1633/1945/1651
f 1650/1972/1668 1648/1968/1666 1638/1951/1656 1636/1949/1654
f 1632/1942/1650 1128/2027/1139 1126/1344/1137 1125/1343/1136
f 1628/1938/1646 1125/1343/1136 1123/1341/1134 1122/1340/1133
f 1624/1934/1642 1122/1340/1133 1120/1338/1131 1119/1337/1130
f 1620/1930/1638 1119/1337/1130 1115/1333/1126 1114/1332/1125
f 1616/1926/1634 1114/1332/1125 1110/1328/1121 1109/1327/1120
f 1612/1922/1630 1109/1327/1120 1105/1322/1116 1104/1321/1115
f 1608/1917/1626 1104/1321/1115 1100/1320/1111 1099/1918/1110
f 1604/1910/1622 1099/1314/1110 1095/1310/1106 1094/1309/1105
f 1600/1906/1618 1094/1309/1105 1090/1305/1101 1089/1304/1100
f 1596/1902/1614 1089/1304/1100 1085/1300/1096 1084/1299/1095
f 1592/1898/1610 1084/1299/1095 1080/1295/1091 1079/1294/1090
f 1588/1894/1606 1079/1294/1090 1075/1290/1086 1074/1289/1085
f 1584/1890/1602 1074/1289/1085 1070/1285/1081 1069/1284/1080
f 1580/1886/1598 1069/1284/1080 1065/1280/1076 1064/1279/1075
f 1576/1882/1594 1064/1279/1075 1060/1275/1071 1059/1274/1070
f 1573/1879/1591 1570/1876/1588 1569/1875/1587 28/14/14
f 1572/1878/1590 1059/1274/1070 1055/1270/1066 1054/1269/1065
f 1569/1875/1587 1566/1872/1584 1559/1861/1577 1695/2028/1713
f 1569/1875/1587 1695/2028/1713 29/15/15 28/14/14
f 1695/2028/1713 1559/1861/1577 1557/1859/1575 1696/2029/1714
f 1695/2028/1713 1696/2029/1714 30/16/16 29/15/15
f 1696/2029/1714 1557/1859/1575 1555/1857/1573 1697/2030/1715
f 1696/2029/1714 1697/2030/1715 1698/2031/1716 30/16/16
f 1698/2031/1716 1699/2032/1717 31/17/17 30/16/16
f 1698/2031/1716 1697/2030/1715 1552/1854/1570 1700/2033/1718
f 1698/2031/1716 1700/2033/1718 1701/2034/1719 1699/2032/1717
f 1701/2034/1719 1217/1468/1232 1215/1465/1229 1699/2032/1717
f 1701/2034/1719 1700/2033/1718 1549/1851/1567 1702/2035/1720
f 1701/2034/1719 1702/2035/1720 1703/2036/1721 1217/1468/1232
f 1703/2036/1721 1220/1471/1235 1218/1469/1233 1217/1468/1232
f 1703/2036/1721 1702/2035/1720 1546/1848/1564 1704/2037/1722
f 1703/2036/1721 1704/2037/1722 1705/2038/1723 1220/1471/1235
f 1705/2038/1723 1222/2039/1724 1221/1472/1236 1220/1471/1235
f 1705/2038/1723 1704/2037/1722 1543/1845/1561 1706/2040/1725
f 1705/2038/1723 1706/2040/1725 1223/2041/1726 1222/2039/1724
f 1706/2040/1725 1543/1845/1561 1540/1842/1558 1539/1841/1557
f 1706/2040/1725 1539/1841/1557 1707/2042/1727 1223/2041/1726
f 1707/2042/1727 1539/1841/1557 1537/1839/1555 1536/1838/1554
f 2552/2043/1728 1708/2044/1729 1709/2045/1730 1710/2046/1731
f 2552/2043/1728 1710/2046/1731 1225/1475/1239 2547/1474/1238
f 1710/2046/1731 1709/2045/1730 1711/2047/1732 1712/2048/1733
f 1710/2046/1731 1712/2048/1733 1227/1477/1241 1225/1475/1239
f 1712/2048/1733 1711/2047/1732 1713/2049/1734 1714/2050/1735
f 1712/2048/1733 1714/2050/1735 1229/1479/1243 1227/1477/1241
f 1714/2050/1735 1713/2049/1734 1715/2051/1736 1716/2052/1737
f 1714/2050/1735 1716/2052/1737 1231/1481/1245 1229/1479/1243
f 1716/2052/1737 1715/2051/1736 1443/1732/1457 1717/2053/1738
f 1716/2052/1737 1717/2053/1738 1233/1483/1247 1231/1481/1245
f 1717/2053/1738 1443/1732/1457 1439/1731/1453 1438/2054/1452
f 1717/2053/1738 1438/2054/1452 1235/1485/1249 1233/1483/1247
f 1715/2051/1736 1448/1738/1462 1444/1733/1458 1443/1732/1457
f 1715/2051/1736 1713/2049/1734 1718/2055/1739 1448/1738/1462
f 1718/2055/1739 1453/1743/1467 1449/1739/1463 1448/1738/1462
f 1718/2055/1739 1713/2049/1734 1711/2047/1732 1719/2056/1740
f 1718/2055/1739 1719/2056/1740 1720/2057/1741 1453/1743/1467
f 1720/2057/1741 1458/1748/1472 1454/1744/1468 1453/1743/1467
f 1720/2057/1741 1719/2056/1740 1721/2058/1742 1722/2059/1743
f 1720/2057/1741 1722/2059/1743 1723/2060/1744 1458/1748/1472
f 1723/2060/1744 1463/1753/1477 1459/1749/1473 1458/1748/1472
f 1723/2060/1744 1722/2059/1743 1724/2061/1745 2553/2062/1746
f 1723/2060/1744 2553/2062/1746 2554/2063/1747 1463/1753/1477
f 2554/2063/1747 1466/1756/1480 1464/1754/1478 1463/1753/1477
f 1726/2064/1748 1725/2065/1749 1727/2066/1750 1728/2067/1751
f 1726/2064/1748 1728/2067/1751 1470/1764/1488 1468/1763/1487
f 1728/2067/1751 1727/2066/1750 1729/2068/1752 1730/2069/1753
f 1728/2067/1751 1730/2069/1753 1471/1765/1489 1470/1764/1488
f 1730/2069/1753 1729/2068/1752 1731/2070/1754 1732/2071/1755
f 1730/2069/1753 1732/2071/1755 1473/1767/1491 1471/1765/1489
f 1732/2071/1755 1731/2070/1754 1733/2072/1756 1478/1772/1496
f 1732/2071/1755 1478/1772/1496 1475/1769/1493 1473/1767/1491
f 1733/2073/1756 1731/2074/1754 1734/2075/1757 1735/2076/1758
f 1733/2073/1756 1735/2076/1758 1736/2077/1759 1481/2078/1499
f 1733/2072/1756 1481/2079/1499 1479/1773/1497 1478/1772/1496
f 1736/2080/1759 1735/2081/1758 1737/2082/1760 1738/2083/1761
f 1736/2080/1759 1738/2083/1761 1739/2084/1762 1484/1783/1502
f 1736/2080/1759 1484/1783/1502 1482/1780/1500 1481/2085/1499
f 1739/2084/1762 1738/2083/1761 1740/2086/1763 1741/2087/1764
f 1739/2084/1762 1741/2087/1764 1742/2088/1765 1487/1786/1505
f 1739/2084/1762 1487/1786/1505 1485/1784/1503 1484/1783/1502
f 1742/2088/1765 1741/2087/1764 1743/2089/1766 1744/2090/1767
f 1742/2088/1765 1744/2090/1767 1745/2091/1768 1490/1789/1508
f 1742/2088/1765 1490/1789/1508 1488/1787/1506 1487/1786/1505
f 1745/2091/1768 1744/2090/1767 1746/2092/1769 1747/2093/1770
f 1745/2091/1768 1747/2093/1770 1748/2094/1771 1493/1792/1511
f 1745/2091/1768 1493/1792/1511 1491/1790/1509 1490/1789/1508
f 1748/2094/1771 1747/2093/1770 1749/2095/1772 1750/2096/1773
f 1748/2094/1771 1750/2096/1773 1751/2097/1774 1496/1795/1514
f 1748/2094/1771 1496/1795/1514 1494/1793/1512 1493/1792/1511
f 1751/2097/1774 1750/2096/1773 1752/2098/1775 1753/2099/1776
f 1751/2097/1774 1753/2099/1776 1754/2100/1777 1499/1798/1517
f 1751/2097/1774 1499/1798/1517 1497/1796/1515 1496/1795/1514
f 1754/2101/1777 1753/2102/1776 1755/2103/1778 1756/2104/1779
f 1754/2100/1777 1756/2105/1779 1757/2106/1780 1502/1801/1520
f 1754/2100/1777 1502/1801/1520 1500/1799/1518 1499/1798/1517
f 1757/2107/1780 1756/2104/1779 1758/2108/1781 1759/2109/1782
f 1757/2107/1780 1759/2109/1782 1760/2110/1783 1505/2111/1523
f 1757/2106/1780 1505/1804/1523 1503/1802/1521 1502/1801/1520
f 1760/2110/1783 1759/2109/1782 1761/2112/1784 1762/2113/1785
f 1760/2110/1783 1762/2113/1785 1763/2114/1786 1508/1809/1526
f 1760/2110/1783 1508/1809/1526 1506/1808/1524 1505/2111/1523
f 1763/2114/1786 1762/2113/1785 1764/2115/1787 1765/2116/1788
f 1763/2114/1786 1765/2116/1788 1766/2117/1789 1511/1813/1529
f 1763/2114/1786 1511/1813/1529 1509/1810/1527 1508/1809/1526
f 1766/2117/1789 1765/2116/1788 1767/2118/1790 1768/2119/1791
f 1766/2117/1789 1768/2119/1791 1769/2120/1792 1514/1816/1532
f 1766/2117/1789 1514/1816/1532 1512/1814/1530 1511/1813/1529
f 1769/2120/1792 1768/2119/1791 1770/2121/1793 1771/2122/1794
f 1769/2120/1792 1771/2122/1794 2555/2123/1795 1517/1819/1535
f 1769/2120/1792 1517/1819/1535 1515/1817/1533 1514/1816/1532
f 2555/2123/1795 1772/2124/1796 1518/1820/1536 1517/1819/1535
f 1772/2124/1796 2556/2125/1797 1519/1821/1537 1518/1820/1536
f 2557/2126/1798 1724/2061/1745 1722/2059/1743 1721/2058/1742
f 2557/2126/1798 1721/2058/1742 1709/2045/1730 1708/2044/1729
f 2559/2127/1799 2558/2128/1800 1774/2129/1801 1775/2130/1802
f 2559/2127/1799 1775/2130/1802 1727/2066/1750 1725/2065/1749
f 1775/2131/1802 1774/2132/1801 1776/2133/1803 1777/2134/1804
f 1775/2130/1802 1777/2135/1804 1729/2068/1752 1727/2066/1750
f 1777/2134/1804 1776/2133/1803 1778/2136/1805 1734/2075/1757
f 1777/2134/1804 1734/2075/1757 1731/2074/1754 1729/2137/1752
f 1778/2136/1805 1776/2133/1803 1779/2138/1806 1780/2139/1807
f 1778/2136/1805 1780/2139/1807 1781/2140/1808 1737/2141/1760
f 1778/2136/1805 1737/2141/1760 1735/2076/1758 1734/2075/1757
f 1781/2142/1808 1780/2143/1807 1782/2144/1809 1783/2145/1810
f 1781/2142/1808 1783/2145/1810 1784/2146/1811 1740/2086/1763
f 1781/2142/1808 1740/2086/1763 1738/2083/1761 1737/2082/1760
f 1784/2146/1811 1783/2145/1810 1785/2147/1812 1786/2148/1813
f 1784/2146/1811 1786/2148/1813 1787/2149/1814 1743/2089/1766
f 1784/2146/1811 1743/2089/1766 1741/2087/1764 1740/2086/1763
f 1787/2149/1814 1786/2148/1813 1788/2150/1815 1789/2151/1816
f 1787/2149/1814 1789/2151/1816 1790/2152/1817 1746/2092/1769
f 1787/2149/1814 1746/2092/1769 1744/2090/1767 1743/2089/1766
f 1790/2152/1817 1789/2151/1816 1791/2153/1818 1792/2154/1819
f 1790/2152/1817 1792/2154/1819 1793/2155/1820 1749/2095/1772
f 1790/2152/1817 1749/2095/1772 1747/2093/1770 1746/2092/1769
f 1793/2156/1820 1792/2157/1819 1794/2158/1821 1795/2159/1822
f 1793/2156/1820 1795/2159/1822 1796/2160/1823 1752/2161/1775
f 1793/2155/1820 1752/2098/1775 1750/2096/1773 1749/2095/1772
f 1796/2160/1823 1795/2159/1822 1797/2162/1824 1798/2163/1825
f 1796/2160/1823 1798/2163/1825 1799/2164/1826 1755/2103/1778
f 1796/2160/1823 1755/2103/1778 1753/2102/1776 1752/2161/1775
f 1799/2164/1826 1798/2163/1825 1800/2165/1827 1801/2166/1828
f 1799/2164/1826 1801/2166/1828 1802/2167/1829 1758/2108/1781
f 1799/2164/1826 1758/2108/1781 1756/2104/1779 1755/2103/1778
f 1802/2167/1829 1801/2166/1828 1803/2168/1830 1804/2169/1831
f 1802/2167/1829 1804/2169/1831 1805/2170/1832 1761/2112/1784
f 1802/2167/1829 1761/2112/1784 1759/2109/1782 1758/2108/1781
f 1805/2170/1832 1804/2169/1831 1806/2171/1833 1807/2172/1834
f 1805/2170/1832 1807/2172/1834 1808/2173/1835 1764/2115/1787
f 1805/2170/1832 1764/2115/1787 1762/2113/1785 1761/2112/1784
f 1808/2173/1835 1807/2172/1834 1809/2174/1836 1810/2175/1837
f 1808/2173/1835 1810/2175/1837 2560/2176/1838 1767/2118/1790
f 1808/2173/1835 1767/2118/1790 1765/2116/1788 1764/2115/1787
f 2560/2176/1838 1770/2121/1793 1768/2119/1791 1767/2118/1790
f 1811/2177/1839 2561/2178/1840 1812/2179/1841 1813/2180/1842
f 1811/2177/1839 1813/2180/1842 1774/2132/1801 2558/2181/1800
f 1813/2180/1842 1812/2179/1841 1814/2182/1843 1779/2138/1806
f 1813/2180/1842 1779/2138/1806 1776/2133/1803 1774/2132/1801
f 1814/2182/1843 1812/2179/1841 1815/2183/1844 1816/2184/1845
f 1814/2182/1843 1816/2184/1845 1817/2185/1846 1782/2186/1809
f 1814/2182/1843 1782/2186/1809 1780/2139/1807 1779/2138/1806
f 1817/2187/1846 1816/2188/1845 1818/2189/1847 1819/2190/1848
f 1817/2191/1846 1819/2192/1848 1820/2193/1849 1785/2147/1812
f 1817/2191/1846 1785/2147/1812 1783/2145/1810 1782/2144/1809
f 1820/2194/1849 1819/2190/1848 1821/2195/1850 1822/2196/1851
f 1820/2193/1849 1822/2197/1851 1823/2198/1852 1788/2150/1815
f 1820/2193/1849 1788/2150/1815 1786/2148/1813 1785/2147/1812
f 1823/2199/1852 1822/2196/1851 1824/2200/1853 1825/2201/1854
f 1823/2199/1852 1825/2201/1854 1826/2202/1855 1791/2203/1818
f 1823/2198/1852 1791/2153/1818 1789/2151/1816 1788/2150/1815
f 1826/2202/1855 1825/2201/1854 1827/2204/1856 1828/2205/1857
f 1826/2206/1855 1828/2207/1857 1829/2208/1858 1794/2158/1821
f 1826/2202/1855 1794/2209/1821 1792/2210/1819 1791/2203/1818
f 1829/2208/1858 1828/2207/1857 1830/2211/1859 1831/2212/1860
f 1829/2208/1858 1831/2212/1860 1832/2213/1861 1797/2162/1824
f 1829/2208/1858 1797/2162/1824 1795/2159/1822 1794/2158/1821
f 1832/2213/1861 1831/2212/1860 1833/2214/1862 1834/2215/1863
f 1832/2213/1861 1834/2215/1863 1835/2216/1864 1800/2165/1827
f 1832/2213/1861 1800/2165/1827 1798/2163/1825 1797/2162/1824
f 1835/2216/1864 1834/2215/1863 1836/2217/1865 1837/2218/1866
f 1835/2216/1864 1837/2218/1866 1838/2219/1867 1803/2168/1830
f 1835/2216/1864 1803/2168/1830 1801/2166/1828 1800/2165/1827
f 1838/2219/1867 1837/2218/1866 1839/2220/1868 2562/2221/1869
f 1838/2219/1867 2562/2221/1869 2563/2222/1870 1806/2171/1833
f 1838/2219/1867 1806/2171/1833 1804/2169/1831 1803/2168/1830
f 2563/2222/1870 1809/2174/1836 1807/2172/1834 1806/2171/1833
f 1841/2223/1871 1840/2224/1872 1842/2225/1873 1815/2183/1844
f 1841/2223/1871 1815/2183/1844 1812/2179/1841 2561/2178/1840
f 1842/2226/1873 1840/2227/1872 2564/2228/1874 1843/2229/1875
f 1842/2226/1873 1843/2229/1875 1844/2230/1876 1818/2189/1847
f 1842/2225/1873 1818/2231/1847 1816/2184/1845 1815/2183/1844
f 1844/2230/1876 1843/2229/1875 1845/2232/1877 1846/2233/1878
f 1844/2230/1876 1846/2233/1878 1847/2234/1879 1821/2195/1850
f 1844/2230/1876 1821/2195/1850 1819/2190/1848 1818/2189/1847
f 1847/2234/1879 1846/2233/1878 59/49/49 58/48/48
f 1847/2234/1879 58/48/48 57/47/47 1824/2200/1853
f 1847/2234/1879 1824/2200/1853 1822/2196/1851 1821/2195/1850
f 1846/2233/1878 1845/2232/1877 1848/2235/1880 59/49/49
f 1848/2235/1880 2565/2236/1881 2566/2237/1882 1849/2238/1883
f 1848/2235/1880 1849/2238/1883 60/50/50 59/49/49
f 1848/2235/1880 1845/2232/1877 2567/2239/1884 2565/2236/1881
f 2567/2239/1884 1845/2232/1877 1843/2229/1875 2564/2228/1874
f 1850/2240/1885 2568/2241/1886 1851/2242/1887 1852/2243/1888
f 1850/2244/1885 1852/2245/1888 1849/2238/1883 2566/2237/1882
f 1852/2245/1888 1851/2246/1887 1853/2247/1889 61/51/51
f 1852/2245/1888 61/51/51 60/50/50 1849/2238/1883
f 1853/2248/1889 1851/2242/1887 1854/2249/1890 1855/2250/1891
f 1853/2248/1889 1855/2250/1891 1830/2211/1859 1856/2251/1892
f 1853/2247/1889 1856/2252/1892 56/46/46 61/51/51
f 1856/2251/1892 1830/2211/1859 1828/2207/1857 1827/2253/1856
f 1856/2252/1892 1827/2204/1856 57/47/47 56/46/46
f 1855/2250/1891 1854/2249/1890 1857/2254/1893 1833/2214/1862
f 1855/2250/1891 1833/2214/1862 1831/2212/1860 1830/2211/1859
f 1857/2254/1893 1854/2249/1890 1858/2255/1894 1859/2256/1895
f 1857/2254/1893 1859/2256/1895 2569/2257/1896 1836/2217/1865
f 1857/2254/1893 1836/2217/1865 1834/2215/1863 1833/2214/1862
f 2569/2257/1896 1839/2220/1868 1837/2218/1866 1836/2217/1865
f 1858/2255/1894 1854/2249/1890 1851/2242/1887 2568/2241/1886
f 1827/2204/1856 1825/2201/1854 1824/2200/1853 57/47/47
f 1860/2258/1897 2570/2259/1898 1525/1827/1543 1523/1825/1541
f 1860/2258/1897 1523/1825/1541 1521/1823/1539 1773/2260/1899
f 2570/2259/1898 1530/1832/1548 1527/1829/1545 1525/1827/1543
f 1773/2260/1899 1521/1823/1539 1519/1821/1537 2556/2125/1797
f 1721/2058/1742 1719/2056/1740 1711/2047/1732 1709/2045/1730
f 1704/2037/1722 1546/1848/1564 1544/1846/1562 1543/1845/1561
f 1702/2035/1720 1549/1851/1567 1547/1849/1565 1546/1848/1564
f 1700/2033/1718 1552/1854/1570 1550/1852/1568 1549/1851/1567
f 1699/2032/1717 1215/1465/1229 36/22/22 31/17/17
f 1697/2030/1715 1555/1857/1573 1553/1855/1571 1552/1854/1570
f 1568/1874/1586 1054/1269/1065 1050/1264/1061 1049/1263/1060
f 1565/1870/1583 1049/1263/1060 1045/1262/1056 1044/1871/1055
f 1563/1866/1581 1039/1251/1050 1035/1247/1046 1034/1246/1045
f 1563/1866/1581 1034/1246/1045 43/2261/30 39/2262/26
f 1562/1865/1580 1044/1256/1055 1040/1252/1051 1039/1251/1050
f 1462/1752/1476 1461/1751/1475 88/89/83 87/88/82
f 1438/1725/1452 1434/1721/1448 1433/1720/1447 1235/2263/1249
f 1433/1720/1447 1429/1716/1443 1428/1715/1442 1238/1490/1252
f 1433/1720/1447 1238/1490/1252 1236/1489/1250 1235/2263/1249
f 1428/1715/1442 1424/1711/1438 1243/1496/1257 1241/1494/1255
f 1428/1715/1442 1241/1494/1255 1239/1491/1253 1238/1490/1252
f 1420/1707/1434 1246/1499/1260 1244/1497/1258 1243/1496/1257
f 1416/1703/1430 1249/1502/1263 1247/1500/1261 1246/1499/1260
f 1412/1699/1426 1252/1505/1266 1250/1503/1264 1249/1502/1263
f 1408/1695/1422 1255/1508/1269 1253/1506/1267 1252/1505/1266
f 1404/1690/1418 1258/1511/1272 1256/1509/1270 1255/1508/1269
f 1380/1653/1394 1379/1652/1393 1274/1530/1288 1272/1528/1286
f 1379/1652/1393 1377/1651/1391 1861/2264/1900 1862/2265/1901
f 1379/1652/1393 1862/2265/1901 1276/1532/1290 1274/1530/1288
f 1862/2265/1901 1861/2264/1900 1863/2266/1902 1864/2267/1903
f 1862/2265/1901 1864/2267/1903 1278/1534/1292 1276/1532/1290
f 1864/2267/1903 1863/2266/1902 1865/2268/1904 1866/2269/1905
f 1864/2267/1903 1866/2269/1905 1280/1536/1294 1278/1534/1292
f 1866/2269/1905 1865/2268/1904 1867/2270/1906 1868/2271/1907
f 1866/2269/1905 1868/2271/1907 1869/2272/1908 1280/1536/1294
f 1869/2272/1908 1868/2271/1907 1870/2273/1909 1871/2274/1910
f 1869/2272/1908 1871/2274/1910 1872/2275/1911 1283/1539/1297
f 1869/2272/1908 1283/1539/1297 1281/1537/1295 1280/1536/1294
f 1872/2275/1911 1871/2274/1910 1873/2276/1912 1874/2277/1913
f 1872/2275/1911 1874/2277/1913 1875/2278/1914 1286/1542/1300
f 1872/2275/1911 1286/1542/1300 1284/1540/1298 1283/1539/1297
f 1875/2278/1914 1874/2277/1913 1876/2279/1915 1877/2280/1916
f 1875/2278/1914 1877/2280/1916 1878/2281/1917 1289/1546/1303
f 1875/2278/1914 1289/1546/1303 1287/1543/1301 1286/1542/1300
f 1878/2281/1917 1877/2280/1916 1879/2282/1918 1880/2283/1919
f 1878/2284/1917 1880/2285/1919 1881/2286/1920 1292/1551/1306
f 1878/2281/1917 1292/2287/1306 1290/1547/1304 1289/1546/1303
f 1881/2286/1920 1880/2285/1919 1882/2288/1921 1883/2289/1922
f 1881/2286/1920 1883/2289/1922 1884/2290/1923 1295/1554/1309
f 1881/2286/1920 1295/1554/1309 1293/1552/1307 1292/1551/1306
f 1884/2290/1923 1883/2289/1922 1885/2291/1924 1886/2292/1925
f 1884/2290/1923 1886/2292/1925 1887/2293/1926 1888/2294/1927
f 1884/2290/1923 1888/2294/1927 1296/1555/1310 1295/1554/1309
f 1888/2294/1927 1887/2293/1926 1889/2295/1928 1890/2296/1929
f 1888/2294/1927 1890/2296/1929 1297/1556/1311 1296/1555/1310
f 1890/2296/1929 1889/2295/1928 1891/2297/1930 1892/2298/1931
f 1890/2296/1929 1892/2298/1931 1299/1558/1313 1297/1556/1311
f 1892/2298/1931 1891/2297/1930 1893/2299/1932 1894/2300/1933
f 1892/2298/1931 1894/2300/1933 1301/1560/1315 1299/1558/1313
f 1894/2300/1933 1893/2299/1932 1895/2301/1934 1896/2302/1935
f 1894/2300/1933 1896/2302/1935 1303/1562/1317 1301/1560/1315
f 1896/2303/1935 1895/2304/1934 1897/2305/1936 1898/2306/1937
f 1896/2303/1935 1898/2306/1937 1305/1566/1319 1303/1565/1317
f 1898/2306/1937 1897/2305/1936 1899/2307/1938 1900/2308/1939
f 1898/2306/1937 1900/2308/1939 1307/1568/1321 1305/1566/1319
f 1900/2308/1939 1899/2307/1938 1901/2309/1940 1902/2310/1941
f 1900/2308/1939 1902/2310/1941 1309/1570/1323 1307/1568/1321
f 1902/2310/1941 1901/2309/1940 1903/2311/1942 1904/2312/1943
f 1902/2310/1941 1904/2312/1943 1311/1572/1325 1309/1570/1323
f 1904/2313/1943 1903/2314/1942 1905/2315/1944 1906/2316/1945
f 1904/2313/1943 1906/2316/1945 1313/1576/1327 1311/1575/1325
f 1906/2316/1945 1905/2315/1944 1907/2317/1946 1908/2318/1947
f 1906/2316/1945 1908/2318/1947 1315/1578/1329 1313/1576/1327
f 1908/2318/1947 1907/2317/1946 1909/2319/1948 1910/2320/1949
f 1908/2318/1947 1910/2320/1949 1317/1580/1331 1315/1578/1329
f 1910/2320/1949 1909/2319/1948 1911/2321/1950 1912/2322/1951
f 1910/2320/1949 1912/2322/1951 1319/1582/1333 1317/1580/1331
f 1912/2322/1951 1911/2321/1950 1913/2323/1952 1914/2324/1953
f 1912/2322/1951 1914/2324/1953 1321/1584/1335 1319/1582/1333
f 1914/2324/1953 1913/2323/1952 1915/2325/1954 1916/2326/1955
f 1914/2324/1953 1916/2326/1955 1323/1586/1337 1321/1584/1335
f 1916/2326/1955 1915/2325/1954 1917/2327/1956 1918/2328/1957
f 1916/2326/1955 1918/2328/1957 1325/1588/1339 1323/1586/1337
f 1918/2329/1957 1917/2330/1956 1919/2331/1958 1920/2332/1959
f 1918/2329/1957 1920/2332/1959 1327/1592/1341 1325/1591/1339
f 1920/2332/1959 1919/2331/1958 1921/2333/1960 1922/2334/1961
f 1920/2332/1959 1922/2334/1961 1923/2335/1962 1327/1592/1341
f 1923/2335/1962 1330/1596/1344 1328/1593/1342 1327/1592/1341
f 1923/2335/1962 1922/2334/1961 1924/2336/1963 1925/2337/1964
f 1923/2335/1962 1925/2337/1964 1926/2338/1965 1330/1596/1344
f 1926/2338/1965 1333/1599/1347 1331/1597/1345 1330/1596/1344
f 1926/2338/1965 1925/2337/1964 1927/2339/1966 1928/2340/1967
f 1926/2338/1965 1928/2340/1967 1340/1609/1354 1333/1599/1347
f 1928/2340/1967 1927/2339/1966 1929/2341/1968 1930/2342/1969
f 1928/2340/1967 1930/2342/1969 1341/1610/1355 1340/1609/1354
f 1930/2342/1969 1929/2341/1968 1931/2343/1970 1932/2344/1971
f 1930/2342/1969 1932/2344/1971 1342/2345/1356 1341/1610/1355
f 1932/2346/1971 1931/2347/1970 1933/2348/1972 1934/2349/1973
f 1932/2346/1971 1934/2349/1973 1344/1615/1358 1342/1613/1356
f 1934/2349/1973 1933/2348/1972 1935/2350/1974 1936/2351/1975
f 1934/2349/1973 1936/2351/1975 1937/2352/1976 1344/1615/1358
f 1937/2352/1976 1348/1619/1362 1345/1616/1359 1344/1615/1358
f 1937/2352/1976 1936/2351/1975 1938/2353/1977 1939/2354/1978
f 1937/2352/1976 1939/2354/1978 1940/2355/1979 1348/1619/1362
f 1940/2355/1979 1353/1624/1367 1349/1620/1363 1348/1619/1362
f 1940/2355/1979 1939/2354/1978 1941/2356/1980 1942/2357/1981
f 1940/2355/1979 1942/2357/1981 1943/2358/1982 1353/1624/1367
f 1943/2358/1982 1358/1629/1372 1354/1625/1368 1353/1624/1367
f 1943/2358/1982 1942/2357/1981 1944/2359/1983 1945/2360/1984
f 1943/2358/1982 1945/2360/1984 1946/2361/1985 1358/1629/1372
f 1946/2361/1985 1363/1634/1377 1359/1630/1373 1358/1629/1372
f 1946/2361/1985 1945/2360/1984 1947/2362/1986 1948/2363/1987
f 1946/2361/1985 1948/2363/1987 1949/2364/1988 1363/1634/1377
f 1949/2364/1988 1368/1639/1382 1364/1635/1378 1363/1634/1377
f 1949/2364/1988 1948/2363/1987 1950/2365/1989 1951/2366/1990
f 1949/2364/1988 1951/2366/1990 1952/2367/1991 1368/1639/1382
f 1952/2367/1991 1373/1644/1387 1369/1640/1383 1368/1639/1382
f 1952/2367/1991 1951/2366/1990 1953/2368/1992 1954/2369/1993
f 1952/2367/1991 1954/2369/1993 1375/1646/1389 1373/1644/1387
f 1954/2369/1993 1953/2368/1992 1863/2370/1902 1861/2371/1900
f 1954/2369/1993 1861/2371/1900 1377/1648/1391 1375/1646/1389
f 1953/2368/1992 1951/2366/1990 1950/2365/1989 1955/2372/1994
f 1953/2368/1992 1955/2372/1994 1865/2373/1904 1863/2370/1902
f 1955/2372/1994 1950/2365/1989 1956/2374/1995 1957/2375/1996
f 1955/2372/1994 1957/2375/1996 1867/2376/1906 1865/2373/1904
f 1957/2375/1996 1956/2374/1995 1958/2377/1997 1959/2378/1998
f 1957/2375/1996 1959/2378/1998 1960/2379/1999 1867/2376/1906
f 1960/2379/1999 1959/2378/1998 1961/2380/2000 1962/2381/2001
f 1960/2382/1999 1962/2383/2001 1963/2384/2002 1870/2273/1909
f 1960/2382/1999 1870/2273/1909 1868/2271/1907 1867/2270/1906
f 1963/2384/2002 1962/2383/2001 1964/2385/2003 1965/2386/2004
f 1963/2384/2002 1965/2386/2004 1966/2387/2005 1873/2276/1912
f 1963/2384/2002 1873/2276/1912 1871/2274/1910 1870/2273/1909
f 1966/2387/2005 1965/2386/2004 1967/2388/2006 1968/2389/2007
f 1966/2387/2005 1968/2389/2007 1969/2390/2008 1876/2279/1915
f 1966/2387/2005 1876/2279/1915 1874/2277/1913 1873/2276/1912
f 1969/2390/2008 1968/2389/2007 1970/2391/2009 1971/2392/2010
f 1969/2390/2008 1971/2392/2010 1972/2393/2011 1879/2282/1918
f 1969/2390/2008 1879/2282/1918 1877/2280/1916 1876/2279/1915
f 1972/2393/2011 1971/2392/2010 1973/2394/2012 1974/2395/2013
f 1972/2393/2011 1974/2395/2013 1975/2396/2014 1882/2397/1921
f 1972/2393/2011 1882/2397/1921 1880/2283/1919 1879/2282/1918
f 1975/2396/2014 1974/2395/2013 1976/2398/2015 1977/2399/2016
f 1975/2400/2014 1977/2401/2016 1978/2402/2017 1885/2291/1924
f 1975/2400/2014 1885/2291/1924 1883/2289/1922 1882/2288/1921
f 1978/2402/2017 1977/2401/2016 1979/2403/2018 1980/2404/2019
f 1978/2402/2017 1980/2404/2019 1981/2405/2020 1982/2406/2021
f 1978/2402/2017 1982/2406/2021 1886/2292/1925 1885/2291/1924
f 1982/2406/2021 1981/2405/2020 1983/2407/2022 1984/2408/2023
f 1982/2406/2021 1984/2408/2023 1887/2293/1926 1886/2292/1925
f 1984/2408/2023 1983/2407/2022 1985/2409/2024 1986/2410/2025
f 1984/2408/2023 1986/2410/2025 1889/2295/1928 1887/2293/1926
f 1986/2410/2025 1985/2409/2024 1987/2411/2026 1988/2412/2027
f 1986/2410/2025 1988/2412/2027 1891/2297/1930 1889/2295/1928
f 1988/2412/2027 1987/2411/2026 1989/2413/2028 1990/2414/2029
f 1988/2412/2027 1990/2414/2029 1893/2299/1932 1891/2297/1930
f 1990/2414/2029 1989/2413/2028 1991/2415/2030 1992/2416/2031
f 1990/2414/2029 1992/2416/2031 1895/2301/1934 1893/2299/1932
f 1992/2416/2031 1991/2415/2030 1993/2417/2032 1994/2418/2033
f 1992/2416/2031 1994/2418/2033 1897/2419/1936 1895/2301/1934
f 1994/2420/2033 1993/2421/2032 1995/2422/2034 1996/2423/2035
f 1994/2420/2033 1996/2423/2035 1899/2307/1938 1897/2305/1936
f 1996/2423/2035 1995/2422/2034 1997/2424/2036 1998/2425/2037
f 1996/2423/2035 1998/2425/2037 1901/2309/1940 1899/2307/1938
f 1998/2425/2037 1997/2424/2036 1999/2426/2038 2000/2427/2039
f 1998/2425/2037 2000/2427/2039 1903/2311/1942 1901/2309/1940
f 2000/2428/2039 1999/2429/2038 2001/2430/2040 2002/2431/2041
f 2000/2428/2039 2002/2431/2041 1905/2315/1944 1903/2314/1942
f 2002/2431/2041 2001/2430/2040 2003/2432/2042 2004/2433/2043
f 2002/2431/2041 2004/2433/2043 1907/2317/1946 1905/2315/1944
f 2004/2433/2043 2003/2432/2042 2005/2434/2044 2006/2435/2045
f 2004/2433/2043 2006/2435/2045 1909/2319/1948 1907/2317/1946
f 2006/2435/2045 2005/2434/2044 2007/2436/2046 2008/2437/2047
f 2006/2435/2045 2008/2437/2047 1911/2321/1950 1909/2319/1948
f 2008/2437/2047 2007/2436/2046 2009/2438/2048 2010/2439/2049
f 2008/2437/2047 2010/2439/2049 1913/2323/1952 1911/2321/1950
f 2010/2439/2049 2009/2438/2048 2011/2440/2050 2012/2441/2051
f 2010/2439/2049 2012/2441/2051 1915/2325/1954 1913/2323/1952
f 2012/2441/2051 2011/2440/2050 2013/2442/2052 2014/2443/2053
f 2012/2441/2051 2014/2443/2053 1917/2327/1956 1915/2325/1954
f 2014/2444/2053 2013/2445/2052 2015/2446/2054 2016/2447/2055
f 2014/2444/2053 2016/2447/2055 1919/2331/1958 1917/2330/1956
f 2016/2447/2055 2015/2446/2054 2017/2448/2056 2018/2449/2057
f 2016/2447/2055 2018/2449/2057 1921/2333/1960 1919/2331/1958
f 2018/2449/2057 2017/2448/2056 2019/2450/2058 2020/2451/2059
f 2018/2449/2057 2020/2451/2059 2021/2452/2060 1921/2333/1960
f 2021/2452/2060 1924/2336/1963 1922/2334/1961 1921/2333/1960
f 2021/2452/2060 2020/2451/2059 2022/2453/2061 2023/2454/2062
f 2021/2452/2060 2023/2454/2062 2024/2455/2063 1924/2336/1963
f 2024/2455/2063 1927/2339/1966 1925/2337/1964 1924/2336/1963
f 2024/2455/2063 2023/2454/2062 2025/2456/2064 2026/2457/2065
f 2024/2455/2063 2026/2457/2065 1929/2341/1968 1927/2339/1966
f 2026/2458/2065 2025/2459/2064 2027/2460/2066 2028/2461/2067
f 2026/2458/2065 2028/2461/2067 1931/2347/1970 1929/2462/1968
f 2028/2461/2067 2027/2460/2066 2029/2463/2068 2030/2464/2069
f 2028/2461/2067 2030/2464/2069 1933/2348/1972 1931/2347/1970
f 2030/2464/2069 2029/2463/2068 2031/2465/2070 2032/2466/2071
f 2030/2464/2069 2032/2466/2071 1935/2350/1974 1933/2348/1972
f 2032/2467/2071 2031/2468/2070 2033/2469/2072 2034/2470/2073
f 2032/2466/2071 2034/2471/2073 2035/2472/2074 1935/2350/1974
f 2035/2472/2074 1938/2353/1977 1936/2351/1975 1935/2350/1974
f 2035/2472/2074 2034/2471/2073 2036/2473/2075 2037/2474/2076
f 2035/2472/2074 2037/2474/2076 2038/2475/2077 1938/2353/1977
f 2038/2475/2077 1941/2356/1980 1939/2354/1978 1938/2353/1977
f 2038/2475/2077 2037/2474/2076 2039/2476/2078 2040/2477/2079
f 2038/2475/2077 2040/2477/2079 2041/2478/2080 1941/2356/1980
f 2041/2478/2080 1944/2359/1983 1942/2357/1981 1941/2356/1980
f 2041/2478/2080 2040/2477/2079 2042/2479/2081 2043/2480/2082
f 2041/2478/2080 2043/2480/2082 2044/2481/2083 1944/2359/1983
f 2044/2481/2083 1947/2362/1986 1945/2360/1984 1944/2359/1983
f 2044/2481/2083 2043/2480/2082 2045/2482/2084 1958/2377/1997
f 2044/2481/2083 1958/2377/1997 1956/2374/1995 1947/2362/1986
f 2045/2482/2084 2043/2480/2082 2042/2479/2081 2046/2483/2085
f 2045/2482/2084 2046/2483/2085 2047/2484/2086 1961/2380/2000
f 2045/2482/2084 1961/2380/2000 1959/2378/1998 1958/2377/1997
f 2047/2484/2086 2046/2483/2085 2048/2485/2087 2049/2486/2088
f 2047/2484/2086 2049/2486/2088 2050/2487/2089 1964/2488/2003
f 2047/2484/2086 1964/2488/2003 1962/2381/2001 1961/2380/2000
f 2050/2489/2089 2049/2490/2088 2051/2491/2090 2052/2492/2091
f 2050/2489/2089 2052/2492/2091 2053/2493/2092 1967/2388/2006
f 2050/2489/2089 1967/2388/2006 1965/2386/2004 1964/2385/2003
f 2053/2493/2092 2052/2492/2091 2054/2494/2093 2055/2495/2094
f 2053/2493/2092 2055/2495/2094 2056/2496/2095 1970/2391/2009
f 2053/2493/2092 1970/2391/2009 1968/2389/2007 1967/2388/2006
f 2056/2496/2095 2055/2495/2094 2057/2497/2096 2058/2498/2097
f 2056/2496/2095 2058/2498/2097 2059/2499/2098 1973/2394/2012
f 2056/2496/2095 1973/2394/2012 1971/2392/2010 1970/2391/2009
f 2059/2499/2098 2058/2498/2097 2060/2500/2099 2061/2501/2100
f 2059/2499/2098 2061/2501/2100 2062/2502/2101 1976/2398/2015
f 2059/2499/2098 1976/2398/2015 1974/2395/2013 1973/2394/2012
f 2062/2502/2101 2061/2501/2100 2063/2503/2102 2064/2504/2103
f 2062/2502/2101 2064/2504/2103 2065/2505/2104 1979/2506/2018
f 2062/2502/2101 1979/2506/2018 1977/2399/2016 1976/2398/2015
f 2065/2505/2104 2064/2504/2103 2066/2507/2105 2067/2508/2106
f 2065/2505/2104 2067/2508/2106 2068/2509/2107 2069/2510/2108
f 2065/2511/2104 2069/2512/2108 1980/2404/2019 1979/2403/2018
f 2069/2512/2108 2068/2513/2107 2070/2514/2109 2071/2515/2110
f 2069/2512/2108 2071/2515/2110 1981/2405/2020 1980/2404/2019
f 2071/2515/2110 2070/2514/2109 2072/2516/2111 2073/2517/2112
f 2071/2515/2110 2073/2517/2112 1983/2407/2022 1981/2405/2020
f 2073/2517/2112 2072/2516/2111 2074/2518/2113 2075/2519/2114
f 2073/2517/2112 2075/2519/2114 1985/2409/2024 1983/2407/2022
f 2075/2519/2114 2074/2518/2113 2076/2520/2115 2077/2521/2116
f 2075/2519/2114 2077/2521/2116 1987/2411/2026 1985/2409/2024
f 2077/2521/2116 2076/2520/2115 2078/2522/2117 2079/2523/2118
f 2077/2521/2116 2079/2523/2118 1989/2413/2028 1987/2411/2026
f 2079/2523/2118 2078/2522/2117 2080/2524/2119 2081/2525/2120
f 2079/2523/2118 2081/2525/2120 1991/2415/2030 1989/2413/2028
f 2081/2525/2120 2080/2524/2119 2082/2526/2121 2083/2527/2122
f 2081/2525/2120 2083/2527/2122 1993/2417/2032 1991/2415/2030
f 2083/2528/2122 2082/2529/2121 2084/2530/2123 2085/2531/2124
f 2083/2528/2122 2085/2531/2124 1995/2422/2034 1993/2421/2032
f 2085/2531/2124 2084/2530/2123 2086/2532/2125 2087/2533/2126
f 2085/2531/2124 2087/2533/2126 1997/2424/2036 1995/2422/2034
f 2087/2533/2126 2086/2532/2125 2088/2534/2127 2089/2535/2128
f 2087/2533/2126 2089/2535/2128 1999/2426/2038 1997/2424/2036
f 2089/2536/2128 2088/2537/2127 2090/2538/2129 2091/2539/2130
f 2089/2536/2128 2091/2539/2130 2001/2430/2040 1999/2429/2038
f 2091/2539/2130 2090/2538/2129 2092/2540/2131 2093/2541/2132
f 2091/2539/2130 2093/2541/2132 2003/2432/2042 2001/2430/2040
f 2093/2541/2132 2092/2540/2131 2094/2542/2133 2095/2543/2134
f 2093/2541/2132 2095/2543/2134 2005/2434/2044 2003/2432/2042
f 2095/2543/2134 2094/2542/2133 2096/2544/2135 2097/2545/2136
f 2095/2543/2134 2097/2545/2136 2007/2436/2046 2005/2434/2044
f 2097/2545/2136 2096/2544/2135 2098/2546/2137 2099/2547/2138
f 2097/2545/2136 2099/2547/2138 2009/2438/2048 2007/2436/2046
f 2099/2547/2138 2098/2546/2137 2100/2548/2139 2101/2549/2140
f 2099/2547/2138 2101/2549/2140 2011/2440/2050 2009/2438/2048
f 2101/2550/2140 2100/2551/2139 2102/2552/2141 2103/2553/2142
f 2101/2550/2140 2103/2553/2142 2013/2445/2052 2011/2554/2050
f 2103/2553/2142 2102/2552/2141 2104/2555/2143 2105/2556/2144
f 2103/2553/2142 2105/2556/2144 2015/2446/2054 2013/2445/2052
f 2105/2556/2144 2104/2555/2143 2106/2557/2145 2107/2558/2146
f 2105/2556/2144 2107/2558/2146 2017/2448/2056 2015/2446/2054
f 2107/2558/2146 2106/2557/2145 2108/2559/2147 2109/2560/2148
f 2107/2558/2146 2109/2560/2148 2019/2450/2058 2017/2448/2056
f 2109/2560/2148 2108/2559/2147 2110/2561/2149 2111/2562/2150
f 2109/2560/2148 2111/2562/2150 2112/2563/2151 2019/2450/2058
f 2112/2563/2151 2022/2453/2061 2020/2451/2059 2019/2450/2058
f 2112/2563/2151 2111/2562/2150 2113/2564/2152 2114/2565/2153
f 2112/2563/2151 2114/2565/2153 2115/2566/2154 2022/2453/2061
f 2115/2566/2154 2025/2456/2064 2023/2454/2062 2022/2453/2061
f 2115/2566/2154 2114/2565/2153 2116/2567/2155 2117/2568/2156
f 2115/2569/2154 2117/2570/2156 2027/2460/2066 2025/2459/2064
f 2117/2570/2156 2116/2571/2155 2118/2572/2157 2119/2573/2158
f 2117/2570/2156 2119/2573/2158 2029/2463/2068 2027/2460/2066
f 2119/2574/2158 2118/2575/2157 2120/2576/2159 2121/2577/2160
f 2119/2574/2158 2121/2577/2160 2031/2468/2070 2029/2578/2068
f 2121/2577/2160 2120/2576/2159 2122/2579/2161 2123/2580/2162
f 2121/2577/2160 2123/2580/2162 2033/2469/2072 2031/2468/2070
f 2123/2581/2162 2122/2582/2161 2124/2583/2163 2125/2584/2164
f 2123/2581/2162 2125/2584/2164 2126/2585/2165 2033/2586/2072
f 2126/2585/2165 2036/2473/2075 2034/2471/2073 2033/2586/2072
f 2126/2585/2165 2125/2584/2164 2127/2587/2166 2128/2588/2167
f 2126/2585/2165 2128/2588/2167 2129/2589/2168 2036/2473/2075
f 2129/2589/2168 2039/2476/2078 2037/2474/2076 2036/2473/2075
f 2129/2589/2168 2128/2588/2167 2130/2590/2169 2131/2591/2170
f 2129/2589/2168 2131/2591/2170 2132/2592/2171 2039/2476/2078
f 2132/2592/2171 2042/2479/2081 2040/2477/2079 2039/2476/2078
f 2132/2592/2171 2131/2591/2170 2133/2593/2172 2048/2485/2087
f 2132/2592/2171 2048/2485/2087 2046/2483/2085 2042/2479/2081
f 2133/2593/2172 2131/2591/2170 2130/2590/2169 2134/2594/2173
f 2133/2593/2172 2134/2594/2173 2135/2595/2174 2051/2596/2090
f 2133/2593/2172 2051/2596/2090 2049/2486/2088 2048/2485/2087
f 2135/2595/2174 2134/2594/2173 2136/2597/2175 2137/2598/2176
f 2135/2599/2174 2137/2600/2176 2138/2601/2177 2054/2494/2093
f 2135/2599/2174 2054/2494/2093 2052/2492/2091 2051/2491/2090
f 2138/2601/2177 2137/2600/2176 2139/2602/2178 2140/2603/2179
f 2138/2601/2177 2140/2603/2179 2141/2604/2180 2057/2497/2096
f 2138/2601/2177 2057/2497/2096 2055/2495/2094 2054/2494/2093
f 2141/2604/2180 2140/2603/2179 2142/2605/2181 2143/2606/2182
f 2141/2604/2180 2143/2606/2182 2144/2607/2183 2060/2500/2099
f 2141/2604/2180 2060/2500/2099 2058/2498/2097 2057/2497/2096
f 2144/2607/2183 2143/2606/2182 2145/2608/2184 2146/2609/2185
f 2144/2607/2183 2146/2609/2185 2147/2610/2186 2063/2503/2102
f 2144/2607/2183 2063/2503/2102 2061/2501/2100 2060/2500/2099
f 2147/2610/2186 2146/2609/2185 2148/2611/2187 2149/2612/2188
f 2147/2610/2186 2149/2612/2188 2150/2613/2189 2066/2507/2105
f 2147/2610/2186 2066/2507/2105 2064/2504/2103 2063/2503/2102
f 2150/2613/2189 2149/2612/2188 2151/2614/2190 2152/2615/2191
f 2150/2613/2189 2152/2615/2191 2153/2616/2192 2154/2617/2193
f 2150/2613/2189 2154/2617/2193 2067/2508/2106 2066/2507/2105
f 2154/2617/2193 2153/2616/2192 2155/2618/2194 2156/2619/2195
f 2154/2617/2193 2156/2619/2195 2068/2509/2107 2067/2508/2106
f 2156/2620/2195 2155/2621/2194 2157/2622/2196 2158/2623/2197
f 2156/2620/2195 2158/2623/2197 2070/2514/2109 2068/2513/2107
f 2158/2623/2197 2157/2622/2196 2159/2624/2198 2160/2625/2199
f 2158/2623/2197 2160/2625/2199 2072/2516/2111 2070/2514/2109
f 2160/2625/2199 2159/2624/2198 2161/2626/2200 2162/2627/2201
f 2160/2625/2199 2162/2627/2201 2074/2518/2113 2072/2516/2111
f 2162/2627/2201 2161/2626/2200 2163/2628/2202 2164/2629/2203
f 2162/2627/2201 2164/2629/2203 2076/2520/2115 2074/2518/2113
f 2164/2629/2203 2163/2628/2202 2165/2630/2204 2166/2631/2205
f 2164/2629/2203 2166/2631/2205 2078/2522/2117 2076/2520/2115
f 2166/2631/2205 2165/2630/2204 2167/2632/2206 2168/2633/2207
f 2166/2631/2205 2168/2633/2207 2080/2524/2119 2078/2522/2117
f 2168/2633/2207 2167/2632/2206 2169/2634/2208 2170/2635/2209
f 2168/2633/2207 2170/2635/2209 2082/2526/2121 2080/2524/2119
f 2170/2636/2209 2169/2637/2208 2171/2638/2210 2172/2639/2211
f 2170/2636/2209 2172/2639/2211 2084/2530/2123 2082/2529/2121
f 2172/2639/2211 2171/2638/2210 2173/2640/2212 2174/2641/2213
f 2172/2639/2211 2174/2641/2213 2086/2532/2125 2084/2530/2123
f 2174/2641/2213 2173/2640/2212 2175/2642/2214 2176/2643/2215
f 2174/2641/2213 2176/2643/2215 2088/2534/2127 2086/2532/2125
f 2176/2644/2215 2175/2645/2214 2177/2646/2216 2178/2647/2217
f 2176/2644/2215 2178/2647/2217 2090/2538/2129 2088/2537/2127
f 2178/2647/2217 2177/2646/2216 2179/2648/2218 2180/2649/2219
f 2178/2647/2217 2180/2649/2219 2092/2540/2131 2090/2538/2129
f 2180/2649/2219 2179/2648/2218 2181/2650/2220 2182/2651/2221
f 2180/2649/2219 2182/2651/2221 2094/2542/2133 2092/2540/2131
f 2182/2651/2221 2181/2650/2220 2183/2652/2222 2184/2653/2223
f 2182/2651/2221 2184/2653/2223 2096/2544/2135 2094/2542/2133
f 2184/2653/2223 2183/2652/2222 2185/2654/2224 2186/2655/2225
f 2184/2653/2223 2186/2655/2225 2098/2546/2137 2096/2544/2135
f 2186/2655/2225 2185/2654/2224 2187/2656/2226 2188/2657/2227
f 2186/2655/2225 2188/2657/2227 2100/2548/2139 2098/2546/2137
f 2188/2658/2227 2187/2659/2226 2189/2660/2228 2190/2661/2229
f 2188/2658/2227 2190/2661/2229 2102/2552/2141 2100/2551/2139
f 2190/2661/2229 2189/2660/2228 2191/2662/2230 2192/2663/2231
f 2190/2661/2229 2192/2663/2231 2104/2555/2143 2102/2552/2141
f 2192/2663/2231 2191/2662/2230 2193/2664/2232 2194/2665/2233
f 2192/2663/2231 2194/2665/2233 2106/2557/2145 2104/2555/2143
f 2194/2665/2233 2193/2664/2232 2195/2666/2234 2196/2667/2235
f 2194/2665/2233 2196/2667/2235 2108/2559/2147 2106/2557/2145
f 2196/2667/2235 2195/2666/2234 2197/2668/2236 2198/2669/2237
f 2196/2667/2235 2198/2669/2237 2110/2561/2149 2108/2559/2147
f 2198/2669/2237 2197/2668/2236 2199/2670/2238 2200/2671/2239
f 2198/2669/2237 2200/2671/2239 2201/2672/2240 2110/2561/2149
f 2201/2672/2240 2113/2564/2152 2111/2562/2150 2110/2561/2149
f 2201/2672/2240 2200/2671/2239 2202/2673/2241 2203/2674/2242
f 2201/2672/2240 2203/2674/2242 2204/2675/2243 2113/2564/2152
f 2204/2675/2243 2116/2567/2155 2114/2565/2153 2113/2564/2152
f 2204/2675/2243 2203/2674/2242 2205/2676/2244 2206/2677/2245
f 2204/2675/2243 2206/2677/2245 2118/2678/2157 2116/2567/2155
f 2206/2679/2245 2205/2680/2244 2207/2681/2246 2208/2682/2247
f 2206/2679/2245 2208/2682/2247 2120/2683/2159 2118/2572/2157
f 2208/2682/2247 2207/2681/2246 2209/2684/2248 2210/2685/2249
f 2208/2682/2247 2210/2685/2249 2122/2582/2161 2120/2683/2159
f 2210/2685/2249 2209/2684/2248 2211/2686/2250 2212/2687/2251
f 2210/2685/2249 2212/2687/2251 2124/2583/2163 2122/2582/2161
f 2212/2687/2251 2211/2686/2250 2213/2688/2252 2214/2689/2253
f 2212/2687/2251 2214/2689/2253 2215/2690/2254 2124/2583/2163
f 2215/2690/2254 2127/2587/2166 2125/2584/2164 2124/2583/2163
f 2215/2690/2254 2214/2689/2253 2216/2691/2255 2217/2692/2256
f 2215/2690/2254 2217/2692/2256 2218/2693/2257 2127/2587/2166
f 2218/2693/2257 2130/2590/2169 2128/2588/2167 2127/2587/2166
f 2218/2693/2257 2217/2692/2256 2219/2694/2258 2136/2597/2175
f 2218/2693/2257 2136/2597/2175 2134/2594/2173 2130/2590/2169
f 2219/2694/2258 2217/2692/2256 2216/2691/2255 2220/2695/2259
f 2219/2696/2258 2220/2697/2259 2221/2698/2260 2139/2602/2178
f 2219/2694/2258 2139/2699/2178 2137/2598/2176 2136/2597/2175
f 2221/2698/2260 2220/2697/2259 2222/2700/2261 2223/2701/2262
f 2221/2698/2260 2223/2701/2262 2224/2702/2263 2142/2605/2181
f 2221/2698/2260 2142/2605/2181 2140/2603/2179 2139/2602/2178
f 2224/2702/2263 2223/2701/2262 2225/2703/2264 2226/2704/2265
f 2224/2702/2263 2226/2704/2265 2227/2705/2266 2145/2608/2184
f 2224/2702/2263 2145/2608/2184 2143/2606/2182 2142/2605/2181
f 2227/2705/2266 2226/2704/2265 2228/2706/2267 2229/2707/2268
f 2227/2705/2266 2229/2707/2268 2230/2708/2269 2148/2611/2187
f 2227/2705/2266 2148/2611/2187 2146/2609/2185 2145/2608/2184
f 2230/2708/2269 2229/2707/2268 2231/2709/2270 2232/2710/2271
f 2230/2708/2269 2232/2710/2271 2233/2711/2272 2151/2614/2190
f 2230/2708/2269 2151/2614/2190 2149/2612/2188 2148/2611/2187
f 2233/2711/2272 2232/2710/2271 2234/2712/2273 2235/2713/2274
f 2233/2711/2272 2235/2713/2274 2236/2714/2275 2237/2715/2276
f 2233/2711/2272 2237/2715/2276 2152/2615/2191 2151/2614/2190
f 2237/2715/2276 2236/2714/2275 2238/2716/2277 2239/2717/2278
f 2237/2715/2276 2239/2717/2278 2153/2616/2192 2152/2615/2191
f 2239/2717/2278 2238/2716/2277 2240/2718/2279 2241/2719/2280
f 2239/2717/2278 2241/2719/2280 2155/2618/2194 2153/2616/2192
f 2241/2720/2280 2240/2721/2279 2242/2722/2281 2243/2723/2282
f 2241/2720/2280 2243/2723/2282 2157/2622/2196 2155/2621/2194
f 2243/2723/2282 2242/2722/2281 2244/2724/2283 2245/2725/2284
f 2243/2723/2282 2245/2725/2284 2159/2624/2198 2157/2622/2196
f 2245/2725/2284 2244/2724/2283 2246/2726/2285 2247/2727/2286
f 2245/2725/2284 2247/2727/2286 2161/2626/2200 2159/2624/2198
f 2247/2727/2286 2246/2726/2285 2248/2728/2287 2249/2729/2288
f 2247/2727/2286 2249/2729/2288 2163/2628/2202 2161/2626/2200
f 2249/2729/2288 2248/2728/2287 2250/2730/2289 2251/2731/2290
f 2249/2729/2288 2251/2731/2290 2165/2630/2204 2163/2628/2202
f 2251/2731/2290 2250/2730/2289 2252/2732/2291 2253/2733/2292
f 2251/2731/2290 2253/2733/2292 2167/2632/2206 2165/2630/2204
f 2253/2733/2292 2252/2732/2291 2254/2734/2293 2255/2735/2294
f 2253/2733/2292 2255/2735/2294 2169/2634/2208 2167/2632/2206
f 2255/2736/2294 2254/2737/2293 2256/2738/2295 2257/2739/2296
f 2255/2736/2294 2257/2739/2296 2171/2638/2210 2169/2637/2208
f 2257/2739/2296 2256/2738/2295 2258/2740/2297 2259/2741/2298
f 2257/2739/2296 2259/2741/2298 2173/2640/2212 2171/2638/2210
f 2259/2741/2298 2258/2740/2297 2260/2742/2299 2261/2743/2300
f 2259/2741/2298 2261/2743/2300 2175/2642/2214 2173/2640/2212
f 2261/2743/2300 2260/2742/2299 2262/2744/2301 2263/2745/2302
f 2261/2746/2300 2263/2747/2302 2177/2646/2216 2175/2645/2214
f 2263/2747/2302 2262/2748/2301 2264/2749/2303 2265/2750/2304
f 2263/2747/2302 2265/2750/2304 2179/2648/2218 2177/2646/2216
f 2265/2750/2304 2264/2749/2303 2266/2751/2305 2267/2752/2306
f 2265/2750/2304 2267/2752/2306 2181/2650/2220 2179/2648/2218
f 2267/2752/2306 2266/2751/2305 2268/2753/2307 2269/2754/2308
f 2267/2752/2306 2269/2754/2308 2183/2652/2222 2181/2650/2220
f 2269/2754/2308 2268/2753/2307 2270/2755/2309 2271/2756/2310
f 2269/2754/2308 2271/2756/2310 2185/2654/2224 2183/2652/2222
f 2271/2757/2310 2270/2758/2309 2272/2759/2311 2273/2760/2312
f 2271/2757/2310 2273/2760/2312 2187/2659/2226 2185/2761/2224
f 2273/2760/2312 2272/2759/2311 2274/2762/2313 2275/2763/2314
f 2273/2760/2312 2275/2763/2314 2189/2660/2228 2187/2659/2226
f 2275/2763/2314 2274/2762/2313 85/85/79 2276/2764/2315
f 2275/2763/2314 2276/2764/2315 2191/2662/2230 2189/2660/2228
f 2276/2764/2315 85/85/79 84/84/78 2277/2765/2316
f 2276/2764/2315 2277/2765/2316 2193/2664/2232 2191/2662/2230
f 2277/2765/2316 84/84/78 83/83/77 2278/2766/2317
f 2277/2765/2316 2278/2766/2317 2195/2666/2234 2193/2664/2232
f 2278/2766/2317 83/83/77 2279/2767/2318 2280/2768/2319
f 2278/2766/2317 2280/2768/2319 2197/2668/2236 2195/2666/2234
f 2280/2768/2319 2279/2767/2318 2281/2769/2320 2282/2770/2321
f 2280/2768/2319 2282/2770/2321 2199/2670/2238 2197/2668/2236
f 2282/2770/2321 2281/2769/2320 2283/2771/2322 2284/2772/2323
f 2282/2770/2321 2284/2772/2323 2285/2773/2324 2199/2670/2238
f 2285/2773/2324 2202/2673/2241 2200/2671/2239 2199/2670/2238
f 2285/2773/2324 2284/2772/2323 2286/2774/2325 2287/2775/2326
f 2285/2773/2324 2287/2775/2326 2288/2776/2327 2202/2673/2241
f 2288/2776/2327 2205/2676/2244 2203/2674/2242 2202/2673/2241
f 2288/2776/2327 2287/2775/2326 2289/2777/2328 2290/2778/2329
f 2288/2776/2327 2290/2778/2329 2207/2779/2246 2205/2676/2244
f 2290/2780/2329 2289/2781/2328 2291/2782/2330 2292/2783/2331
f 2290/2780/2329 2292/2783/2331 2209/2684/2248 2207/2681/2246
f 2292/2783/2331 2291/2782/2330 2293/2784/2332 2294/2785/2333
f 2292/2783/2331 2294/2785/2333 2211/2686/2250 2209/2684/2248
f 2294/2785/2333 2293/2784/2332 2295/2786/2334 2296/2787/2335
f 2294/2785/2333 2296/2787/2335 2213/2688/2252 2211/2686/2250
f 2296/2787/2335 2295/2786/2334 2297/2788/2336 2298/2789/2337
f 2296/2787/2335 2298/2789/2337 2299/2790/2338 2213/2688/2252
f 2299/2790/2338 2216/2691/2255 2214/2689/2253 2213/2688/2252
f 2299/2790/2338 2298/2789/2337 2300/2791/2339 2222/2792/2261
f 2299/2790/2338 2222/2792/2261 2220/2695/2259 2216/2691/2255
f 2300/2791/2339 2298/2789/2337 2297/2788/2336 2301/2793/2340
f 2300/2794/2339 2301/2795/2340 2302/2796/2341 2225/2703/2264
f 2300/2794/2339 2225/2703/2264 2223/2701/2262 2222/2700/2261
f 2302/2796/2341 2301/2795/2340 2303/2797/2342 2304/2798/2343
f 2302/2796/2341 2304/2798/2343 2305/2799/2344 2228/2706/2267
f 2302/2796/2341 2228/2706/2267 2226/2704/2265 2225/2703/2264
f 2305/2799/2344 2304/2798/2343 2306/2800/2345 2307/2801/2346
f 2305/2799/2344 2307/2801/2346 2308/2802/2347 2231/2709/2270
f 2305/2799/2344 2231/2709/2270 2229/2707/2268 2228/2706/2267
f 2308/2802/2347 2307/2801/2346 2309/2803/2348 2310/2804/2349
f 2308/2802/2347 2310/2804/2349 2311/2805/2350 2234/2712/2273
f 2308/2802/2347 2234/2712/2273 2232/2710/2271 2231/2709/2270
f 2311/2805/2350 2310/2804/2349 2312/2806/2351 2313/2807/2352
f 2311/2805/2350 2313/2807/2352 2314/2808/2353 2315/2809/2354
f 2311/2805/2350 2315/2809/2354 2235/2713/2274 2234/2712/2273
f 2315/2809/2354 2314/2808/2353 2316/2810/2355 2317/2811/2356
f 2315/2809/2354 2317/2811/2356 2236/2714/2275 2235/2713/2274
f 2317/2811/2356 2316/2810/2355 2318/2812/2357 2319/2813/2358
f 2317/2811/2356 2319/2813/2358 2238/2716/2277 2236/2714/2275
f 2319/2813/2358 2318/2812/2357 2320/2814/2359 2321/2815/2360
f 2319/2813/2358 2321/2815/2360 2240/2718/2279 2238/2716/2277
f 2321/2816/2360 2320/2817/2359 2322/2818/2361 2323/2819/2362
f 2321/2816/2360 2323/2819/2362 2242/2722/2281 2240/2721/2279
f 2323/2819/2362 2322/2818/2361 2324/2820/2363 2325/2821/2364
f 2323/2819/2362 2325/2821/2364 2244/2724/2283 2242/2722/2281
f 2325/2821/2364 2324/2820/2363 2326/2822/2365 2327/2823/2366
f 2325/2821/2364 2327/2823/2366 2246/2726/2285 2244/2724/2283
f 2327/2823/2366 2326/2822/2365 2328/2824/2367 2329/2825/2368
f 2327/2823/2366 2329/2825/2368 2248/2728/2287 2246/2726/2285
f 2329/2825/2368 2328/2824/2367 2330/2826/2369 2331/2827/2370
f 2329/2825/2368 2331/2827/2370 2250/2730/2289 2248/2728/2287
f 2331/2827/2370 2330/2826/2369 2332/2828/2371 2333/2829/2372
f 2331/2827/2370 2333/2829/2372 2252/2732/2291 2250/2730/2289
f 2333/2830/2372 2332/2831/2371 2334/2832/2373 2335/2833/2374
f 2333/2830/2372 2335/2833/2374 2254/2737/2293 2252/2834/2291
f 2335/2833/2374 2334/2832/2373 2336/2835/2375 2337/2836/2376
f 2335/2833/2374 2337/2836/2376 2256/2738/2295 2254/2737/2293
f 2337/2836/2376 2336/2835/2375 2338/2837/2377 2339/2838/2378
f 2337/2836/2376 2339/2838/2378 2258/2740/2297 2256/2738/2295
f 2339/2838/2378 2338/2837/2377 2340/2839/2379 2341/2840/2380
f 2339/2838/2378 2341/2840/2380 2260/2742/2299 2258/2740/2297
f 2341/2840/2380 2340/2839/2379 2342/2841/2381 2343/2842/2382
f 2341/2840/2380 2343/2842/2382 2262/2744/2301 2260/2742/2299
f 2343/2843/2382 2342/2844/2381 2344/2845/2383 2345/2846/2384
f 2343/2843/2382 2345/2846/2384 2264/2749/2303 2262/2748/2301
f 2345/2846/2384 2344/2845/2383 2346/2847/2385 2347/2848/2386
f 2345/2846/2384 2347/2848/2386 2266/2751/2305 2264/2749/2303
f 2347/2848/2386 2346/2847/2385 2348/2849/2387 2349/2850/2388
f 2347/2848/2386 2349/2850/2388 2268/2753/2307 2266/2751/2305
f 2349/2851/2388 2348/2852/2387 2350/2853/2389 2351/2854/2390
f 2349/2850/2388 2351/2855/2390 2270/2755/2309 2268/2753/2307
f 2351/2854/2390 2350/2853/2389 2352/2856/2391 2353/2857/2392
f 2351/2854/2390 2353/2857/2392 2272/2759/2311 2270/2758/2309
f 2353/2857/2392 2352/2856/2391 2354/2858/2393 2355/2859/2394
f 2353/2857/2392 2355/2859/2394 2274/2762/2313 2272/2759/2311
f 2355/2859/2394 2354/2858/2393 81/81/75 80/80/74
f 2355/2859/2394 80/80/74 85/85/79 2274/2762/2313
f 2354/2858/2393 2352/2856/2391 2356/2860/2395 2357/2861/2396
f 2354/2858/2393 2357/2861/2396 2358/2862/2397 81/81/75
f 2358/2862/2397 2357/2861/2396 2359/2863/2398 2360/2864/2399
f 2358/2862/2397 2360/2864/2399 2361/2865/2400 2362/2866/2401
f 2358/2862/2397 2362/2866/2401 82/82/76 81/81/75
f 2362/2866/2401 2279/2767/2318 83/83/77 82/82/76
f 2362/2866/2401 2361/2865/2400 2281/2769/2320 2279/2767/2318
f 2361/2865/2400 2360/2864/2399 2363/2867/2402 2364/2868/2403
f 2361/2865/2400 2364/2868/2403 2283/2771/2322 2281/2769/2320
f 2364/2868/2403 2363/2867/2402 2365/2869/2404 2366/2870/2405
f 2364/2868/2403 2366/2870/2405 2367/2871/2406 2283/2771/2322
f 2367/2871/2406 2286/2774/2325 2284/2772/2323 2283/2771/2322
f 2367/2871/2406 2366/2870/2405 2368/2872/2407 2369/2873/2408
f 2367/2871/2406 2369/2873/2408 2370/2874/2409 2286/2774/2325
f 2370/2874/2409 2289/2777/2328 2287/2775/2326 2286/2774/2325
f 2370/2875/2409 2369/2876/2408 2371/2877/2410 2372/2878/2411
f 2370/2875/2409 2372/2878/2411 2291/2782/2330 2289/2781/2328
f 2372/2878/2411 2371/2877/2410 2373/2879/2412 2374/2880/2413
f 2372/2878/2411 2374/2880/2413 2293/2784/2332 2291/2782/2330
f 2374/2880/2413 2373/2879/2412 2375/2881/2414 2376/2882/2415
f 2374/2880/2413 2376/2882/2415 2295/2786/2334 2293/2784/2332
f 2376/2882/2415 2375/2881/2414 2377/2883/2416 2378/2884/2417
f 2376/2882/2415 2378/2884/2417 2297/2788/2336 2295/2786/2334
f 2378/2884/2417 2377/2883/2416 2379/2885/2418 2303/2886/2342
f 2378/2884/2417 2303/2886/2342 2301/2793/2340 2297/2788/2336
f 2379/2885/2418 2377/2883/2416 2380/2887/2419 2381/2888/2420
f 2379/2889/2418 2381/2890/2420 2382/2891/2421 2306/2800/2345
f 2379/2889/2418 2306/2800/2345 2304/2798/2343 2303/2797/2342
f 2382/2891/2421 2381/2890/2420 2383/2892/2422 2384/2893/2423
f 2382/2891/2421 2384/2893/2423 2385/2894/2424 2309/2803/2348
f 2382/2891/2421 2309/2803/2348 2307/2801/2346 2306/2800/2345
f 2385/2894/2424 2384/2893/2423 53/42/42 2386/2895/2425
f 2385/2894/2424 2386/2895/2425 2387/2896/2426 2312/2806/2351
f 2385/2894/2424 2312/2806/2351 2310/2804/2349 2309/2803/2348
f 2387/2896/2426 2386/2895/2425 2388/2897/2427 2389/2898/2428
f 2387/2896/2426 2389/2898/2428 2390/2899/2429 2391/2900/2430
f 2387/2896/2426 2391/2900/2430 2313/2807/2352 2312/2806/2351
f 2391/2900/2430 2390/2899/2429 2392/2901/2431 2393/2902/2432
f 2391/2900/2430 2393/2902/2432 2314/2808/2353 2313/2807/2352
f 2393/2902/2432 2392/2901/2431 2394/2903/2433 2395/2904/2434
f 2393/2902/2432 2395/2904/2434 2316/2810/2355 2314/2808/2353
f 2395/2904/2434 2394/2903/2433 67/58/58 2396/2905/2435
f 2395/2904/2434 2396/2905/2435 2318/2812/2357 2316/2810/2355
f 2396/2905/2435 67/58/58 66/57/57 2397/2906/2436
f 2396/2905/2435 2397/2906/2436 2320/2814/2359 2318/2812/2357
f 2397/2907/2436 66/2908/57 65/2909/56 2398/2910/2437
f 2397/2907/2436 2398/2910/2437 2322/2818/2361 2320/2817/2359
f 2398/2910/2437 65/2909/56 2399/2911/2438 2400/2912/2439
f 2398/2910/2437 2400/2912/2439 2324/2820/2363 2322/2818/2361
f 2400/2912/2439 2399/2911/2438 2401/2913/2440 2402/2914/2441
f 2400/2912/2439 2402/2914/2441 2326/2822/2365 2324/2820/2363
f 2402/2914/2441 2401/2913/2440 2403/2915/2442 2404/2916/2443
f 2402/2914/2441 2404/2916/2443 2328/2824/2367 2326/2822/2365
f 2404/2916/2443 2403/2915/2442 2405/2917/2444 2406/2918/2445
f 2404/2916/2443 2406/2918/2445 2330/2826/2369 2328/2824/2367
f 2406/2918/2445 2405/2917/2444 94/96/90 93/95/89
f 2406/2918/2445 93/95/89 2332/2828/2371 2330/2826/2369
f 2405/2917/2444 2403/2915/2442 2407/2919/2446 2408/2920/2447
f 2405/2917/2444 2408/2920/2447 95/97/91 94/96/90
f 2408/2920/2447 2407/2919/2446 2409/2921/2448 2410/2922/2449
f 2408/2920/2447 2410/2922/2449 2411/2923/2450 95/97/91
f 2411/2923/2450 2412/2924/2451 96/98/92 95/97/91
f 2411/2923/2450 2410/2922/2449 2413/2925/2452 2414/2926/2453
f 2411/2923/2450 2414/2926/2453 2415/2927/2454 2412/2924/2451
f 2415/2928/2454 2416/2929/2455 2417/2930/2456 2412/2931/2451
f 2415/2928/2454 2414/2932/2453 2418/2933/2457 2419/2934/2458
f 2415/2928/2454 2419/2934/2458 2420/2935/2459 2416/2929/2455
f 2420/2935/2459 2342/2841/2381 2340/2839/2379 2416/2929/2455
f 2420/2936/2459 2419/2937/2458 2421/2938/2460 2422/2939/2461
f 2420/2936/2459 2422/2939/2461 2344/2845/2383 2342/2844/2381
f 2422/2939/2461 2421/2938/2460 2423/2940/2462 2424/2941/2463
f 2422/2939/2461 2424/2941/2463 2346/2847/2385 2344/2845/2383
f 2424/2942/2463 2423/2943/2462 2425/2944/2464 2426/2945/2465
f 2424/2942/2463 2426/2945/2465 2348/2852/2387 2346/2946/2385
f 2426/2945/2465 2425/2944/2464 2427/2947/2466 2428/2948/2467
f 2426/2945/2465 2428/2948/2467 2350/2853/2389 2348/2852/2387
f 2428/2948/2467 2427/2947/2466 2429/2949/2468 2356/2860/2395
f 2428/2948/2467 2356/2860/2395 2352/2856/2391 2350/2853/2389
f 2429/2949/2468 2427/2947/2466 2430/2950/2469 2431/2951/2470
f 2429/2949/2468 2431/2951/2470 2432/2952/2471 2359/2863/2398
f 2429/2949/2468 2359/2863/2398 2357/2861/2396 2356/2860/2395
f 2432/2952/2471 2431/2951/2470 2433/2953/2472 2434/2954/2473
f 2432/2952/2471 2434/2954/2473 2365/2869/2404 2363/2867/2402
f 2432/2952/2471 2363/2867/2402 2360/2864/2399 2359/2863/2398
f 2434/2954/2473 2433/2953/2472 2435/2955/2474 2436/2956/2475
f 2434/2954/2473 2436/2956/2475 2437/2957/2476 2365/2869/2404
f 2437/2957/2476 2368/2872/2407 2366/2870/2405 2365/2869/2404
f 2437/2957/2476 2436/2956/2475 2438/2958/2477 2439/2959/2478
f 2437/2957/2476 2439/2959/2478 2440/2960/2479 2368/2872/2407
f 2440/2961/2479 2371/2877/2410 2369/2876/2408 2368/2962/2407
f 2440/2961/2479 2439/2963/2478 2441/2964/2480 2442/2965/2481
f 2440/2961/2479 2442/2965/2481 2373/2879/2412 2371/2877/2410
f 2442/2965/2481 2441/2964/2480 2443/2966/2482 2444/2967/2483
f 2442/2965/2481 2444/2967/2483 2375/2881/2414 2373/2879/2412
f 2444/2967/2483 2443/2966/2482 2445/2968/2484 2380/2887/2419
f 2444/2967/2483 2380/2887/2419 2377/2883/2416 2375/2881/2414
f 2445/2968/2484 2443/2966/2482 2446/2969/2485 55/2970/44
f 2445/2968/2484 55/2970/44 54/2971/43 2383/2972/2422
f 2445/2968/2484 2383/2972/2422 2381/2888/2420 2380/2887/2419
f 2446/2969/2485 2443/2966/2482 2441/2964/2480 2447/2973/2486
f 2446/2969/2485 2447/2973/2486 2448/2974/2487 2449/2975/2488
f 2446/2969/2485 2449/2975/2488 50/2976/39 55/2970/44
f 2449/2977/2488 2448/2978/2487 2450/2979/2489 2451/2980/2490
f 2449/2981/2488 2451/2982/2490 51/40/40 50/39/39
f 2451/2980/2490 2450/2979/2489 2452/2983/2491 2453/2984/2492
f 2451/2982/2490 2453/2985/2492 2454/2986/2493 51/40/40
f 2454/2986/2493 2453/2985/2492 2455/2987/2494 2456/2988/2495
f 2454/2986/2493 2456/2988/2495 2389/2898/2428 2388/2897/2427
f 2454/2986/2493 2388/2897/2427 52/41/41 51/40/40
f 2456/2988/2495 2455/2987/2494 2457/2989/2496 2458/2990/2497
f 2456/2988/2495 2458/2990/2497 2390/2899/2429 2389/2898/2428
f 2458/2990/2497 2457/2989/2496 2459/2991/2498 2460/2992/2499
f 2458/2990/2497 2460/2992/2499 2392/2901/2431 2390/2899/2429
f 2460/2992/2499 2459/2991/2498 2461/2993/2500 2462/2994/2501
f 2460/2992/2499 2462/2994/2501 2394/2903/2433 2392/2901/2431
f 2462/2994/2501 2461/2993/2500 63/54/54 62/53/53
f 2462/2994/2501 62/53/53 67/58/58 2394/2903/2433
f 2461/2995/2500 2463/2996/2502 2464/2997/2503 63/2998/54
f 2461/2995/2500 2459/2999/2498 2465/3000/2504 2463/2996/2502
f 2465/3000/2504 2466/3001/2505 2467/3002/2506 2463/2996/2502
f 2465/3000/2504 2459/2999/2498 2457/3003/2496 2468/3004/2507
f 2465/3000/2504 2468/3004/2507 2469/3005/2508 2466/3001/2505
f 2469/3005/2508 2470/3006/2509 2471/3007/2510 2466/3001/2505
f 2469/3005/2508 2468/3004/2507 2472/3008/2511 2473/3009/2512
f 2469/3005/2508 2473/3009/2512 2474/3010/2513 2470/3006/2509
f 2474/3010/2513 2475/3011/2514 2476/3012/2515 2470/3006/2509
f 2474/3010/2513 2473/3009/2512 2477/3013/2516 2478/3014/2517
f 2474/3010/2513 2478/3014/2517 2479/3015/2518 2475/3011/2514
f 2479/3015/2518 2480/3016/2519 2481/3017/2520 2475/3011/2514
f 2479/3015/2518 2478/3014/2517 2482/3018/2521 2483/3019/2522
f 2479/3015/2518 2483/3019/2522 2430/3020/2469 2480/3016/2519
f 2483/3021/2522 2482/3022/2521 2435/2955/2474 2433/2953/2472
f 2483/3021/2522 2433/2953/2472 2431/2951/2470 2430/2950/2469
f 2482/3018/2521 2478/3014/2517 2477/3013/2516 2484/3023/2523
f 2482/3018/2521 2484/3023/2523 2485/3024/2524 2435/3025/2474
f 2485/3024/2524 2484/3023/2523 2450/2979/2489 2448/2978/2487
f 2485/3024/2524 2448/2978/2487 2447/3026/2486 2438/3027/2477
f 2485/3028/2524 2438/2958/2477 2436/2956/2475 2435/2955/2474
f 2484/3023/2523 2477/3013/2516 2452/2983/2491 2450/2979/2489
f 2481/3017/2520 2423/3029/2462 2421/3030/2460 2486/3031/2525
f 2481/3017/2520 2486/3031/2525 2476/3012/2515 2475/3011/2514
f 2481/3032/2520 2480/3033/2519 2425/2944/2464 2423/2943/2462
f 2486/3031/2525 2421/3030/2460 2419/3034/2458 2418/3035/2457
f 2486/3031/2525 2418/3035/2457 2487/3036/2526 2476/3012/2515
f 2487/3036/2526 2418/3035/2457 2414/3037/2453 2413/3038/2452
f 2487/3036/2526 2413/3038/2452 2488/3039/2527 2471/3007/2510
f 2487/3036/2526 2471/3007/2510 2470/3006/2509 2476/3012/2515
f 2488/3040/2527 2413/2925/2452 2410/2922/2449 2409/2921/2448
f 2488/3040/2527 2409/2921/2448 2489/3041/2528 2467/3042/2506
f 2488/3039/2527 2467/3002/2506 2466/3001/2505 2471/3007/2510
f 2489/3041/2528 2409/2921/2448 2407/2919/2446 2490/3043/2529
f 2489/3041/2528 2490/3043/2529 2491/3044/2530 2464/3045/2503
f 2489/3046/2528 2464/2997/2503 2463/2996/2502 2467/3002/2506
f 2491/3044/2530 2490/3043/2529 2401/2913/2440 2399/2911/2438
f 2491/3044/2530 2399/2911/2438 65/2909/56 64/3047/55
f 2491/3044/2530 64/3047/55 63/3048/54 2464/3045/2503
f 2490/3043/2529 2407/2919/2446 2403/2915/2442 2401/2913/2440
f 2480/3033/2519 2430/2950/2469 2427/2947/2466 2425/2944/2464
f 2477/3013/2516 2473/3009/2512 2472/3008/2511 2452/2983/2491
f 2472/3008/2511 2468/3004/2507 2457/3003/2496 2455/3049/2494
f 2472/3008/2511 2455/3049/2494 2453/2984/2492 2452/2983/2491
f 2447/2973/2486 2441/2964/2480 2439/2963/2478 2438/3050/2477
f 2417/2930/2456 2338/2837/2377 2336/2835/2375 97/101/93
f 2417/2930/2456 97/101/93 96/100/92 2412/2931/2451
f 2417/2930/2456 2416/2929/2455 2340/2839/2379 2338/2837/2377
f 2388/2897/2427 2386/2895/2425 53/42/42 52/41/41
f 2384/2893/2423 2383/2892/2422 54/43/43 53/42/42
f 2336/2835/2375 2334/2832/2373 92/102/88 97/101/93
f 2334/2832/2373 2332/2831/2371 93/3051/89 92/102/88
f 1956/2374/1995 1950/2365/1989 1948/2363/1987 1947/2362/1986
f 1352/1623/1366 37/24/24 3/23/23 1347/1618/1361
f 1340/1609/1354 1336/1602/1350 1334/1600/1348 1333/1599/1347
f 1210/1457/1221 1209/1456/1220 35/21/21 34/20/20
f 1152/1381/1163 1150/1377/1161 1142/1362/1153 1141/1361/1152
f 1140/1360/1151 1138/1358/1149 99/105/96 98/104/95
f 1136/1356/1147 1135/1355/1146 100/106/97 99/105/96
f 1118/1336/1129 637/757/645 636/756/644 2492/3052/2531
f 1118/1336/1129 2492/3052/2531 1113/1331/1124 1112/1330/1123
f 1118/1336/1129 1117/1335/1128 639/759/647 637/757/645
f 2492/3052/2531 636/756/644 632/755/640 2493/3053/2532
f 2492/3052/2531 2493/3053/2532 2494/3054/2533 1113/1331/1124
f 2494/3055/2533 2493/3056/2532 629/744/637 2495/3057/2534
f 2494/3055/2533 2495/3057/2534 2496/3058/2535 1108/3059/1119
f 2494/3054/2533 1108/1326/1119 1107/1325/1118 1113/1331/1124
f 2496/3058/2535 2495/3057/2534 626/741/634 2497/3060/2536
f 2496/3058/2535 2497/3060/2536 2498/3061/2537 1103/1318/1114
f 2496/3058/2535 1103/1318/1114 1102/1317/1113 1108/3059/1119
f 2498/3061/2537 2497/3060/2536 623/738/631 2499/3062/2538
f 2498/3061/2537 2499/3062/2538 2500/3063/2539 1098/1313/1109
f 2498/3061/2537 1098/1313/1109 1097/1312/1108 1103/1318/1114
f 2500/3063/2539 2499/3062/2538 620/735/628 2501/3064/2540
f 2500/3063/2539 2501/3064/2540 2502/3065/2541 1093/1308/1104
f 2500/3063/2539 1093/1308/1104 1092/1307/1103 1098/1313/1109
f 2502/3065/2541 2501/3064/2540 617/732/625 2503/3066/2542
f 2502/3065/2541 2503/3066/2542 2504/3067/2543 1088/1303/1099
f 2502/3065/2541 1088/1303/1099 1087/1302/1098 1093/1308/1104
f 2504/3067/2543 2503/3066/2542 614/729/622 2505/3068/2544
f 2504/3067/2543 2505/3068/2544 2506/3069/2545 1083/1298/1094
f 2504/3067/2543 1083/1298/1094 1082/1297/1093 1088/1303/1099
f 2506/3069/2545 2505/3068/2544 611/726/619 2507/3070/2546
f 2506/3069/2545 2507/3070/2546 2508/3071/2547 1078/1293/1089
f 2506/3069/2545 1078/1293/1089 1077/1292/1088 1083/1298/1094
f 2508/3071/2547 2507/3070/2546 608/723/616 2509/3072/2548
f 2508/3071/2547 2509/3072/2548 2510/3073/2549 1073/1288/1084
f 2508/3071/2547 1073/1288/1084 1072/1287/1083 1078/1293/1089
f 2510/3073/2549 2509/3072/2548 605/720/613 2511/3074/2550
f 2510/3073/2549 2511/3074/2550 2512/3075/2551 1068/1283/1079
f 2510/3073/2549 1068/1283/1079 1067/1282/1078 1073/1288/1084
f 2512/3075/2551 2511/3074/2550 602/716/610 2513/3076/2552
f 2512/3075/2551 2513/3076/2552 2514/3077/2553 1063/1278/1074
f 2512/3075/2551 1063/1278/1074 1062/1277/1073 1068/1283/1079
f 2514/3077/2553 2513/3076/2552 599/3078/607 2515/3079/2554
f 2514/3077/2553 2515/3079/2554 2516/3080/2555 1058/1273/1069
f 2514/3077/2553 1058/1273/1069 1057/1272/1068 1063/1278/1074
f 2516/3081/2555 2515/3082/2554 596/708/604 2517/3083/2556
f 2516/3081/2555 2517/3083/2556 2518/3084/2557 1053/3085/1064
f 2516/3080/2555 1053/1268/1064 1052/1267/1063 1058/1273/1069
f 2518/3084/2557 2517/3083/2556 593/705/601 2519/3086/2558
f 2518/3084/2557 2519/3086/2558 2520/3087/2559 1048/1260/1059
f 2518/3084/2557 1048/1260/1059 1047/1259/1058 1053/3085/1064
f 2520/3087/2559 2519/3086/2558 590/702/598 2521/3088/2560
f 2520/3087/2559 2521/3088/2560 2522/3089/2561 1043/1255/1054
f 2520/3087/2559 1043/1255/1054 1042/1254/1053 1048/1260/1059
f 2522/3089/2561 2521/3088/2560 587/699/595 2523/3090/2562
f 2522/3089/2561 2523/3090/2562 2524/3091/2563 1038/1250/1049
f 2522/3089/2561 1038/1250/1049 1037/1249/1048 1043/1255/1054
f 2524/3091/2563 2523/3090/2562 584/696/592 2525/3092/2564
f 2524/3091/2563 2525/3092/2564 2526/3093/2565 1033/1245/1044
f 2524/3091/2563 1033/1245/1044 1032/1244/1043 1038/1250/1049
f 2526/3093/2565 2525/3092/2564 581/693/589 2527/3094/2566
f 2526/3093/2565 2527/3094/2566 2528/3095/2567 1028/1238/1039
f 2526/3093/2565 1028/1238/1039 1027/1237/1038 1033/1245/1044
f 2528/3095/2567 2527/3094/2566 578/690/586 2529/3096/2568
f 2528/3095/2567 2529/3096/2568 2530/3097/2569 1023/3098/1034
f 2528/3095/2567 1023/3098/1034 1022/1239/1033 1028/1238/1039
f 2530/3097/2569 2529/3096/2568 575/687/583 2531/3099/2570
f 2530/3097/2569 2531/3099/2570 110/3100/108 1018/3101/1029
f 2530/3102/2569 1018/1227/1029 1017/1226/1028 1023/1232/1034
f 2531/3099/2570 575/687/583 573/686/581 572/3103/580
f 2531/3099/2570 572/3103/580 104/3104/102 110/3100/108
f 2529/3096/2568 578/690/586 576/688/584 575/687/583
f 2527/3094/2566 581/693/589 579/691/587 578/690/586
f 2525/3092/2564 584/696/592 582/694/590 581/693/589
f 2523/3090/2562 587/699/595 585/697/593 584/696/592
f 2521/3088/2560 590/702/598 588/700/596 587/699/595
f 2519/3086/2558 593/705/601 591/703/599 590/702/598
f 2517/3083/2556 596/708/604 594/706/602 593/705/601
f 2515/3082/2554 599/711/607 597/709/605 596/708/604
f 2513/3076/2552 602/716/610 600/715/608 599/3078/607
f 2511/3074/2550 605/720/613 603/717/611 602/716/610
f 2509/3072/2548 608/723/616 606/721/614 605/720/613
f 2507/3070/2546 611/726/619 609/724/617 608/723/616
f 2505/3068/2544 614/729/622 612/727/620 611/726/619
f 2503/3066/2542 617/732/625 615/730/623 614/729/622
f 2501/3064/2540 620/735/628 618/733/626 617/732/625
f 2499/3062/2538 623/738/631 621/736/629 620/735/628
f 2497/3060/2536 626/741/634 624/739/632 623/738/631
f 2495/3057/2534 629/744/637 627/742/635 626/741/634
f 2493/3056/2532 632/747/640 630/745/638 629/744/637
f 1034/3105/1045 1030/1241/1041 1029/1240/1040 43/1607/30
f 1018/1227/1029 110/3106/108 109/3107/107 1013/1225/1024
f 1004/1210/1015 1000/1206/1011 998/1204/1009 997/1203/1008
f 837/1012/848 687/827/695 685/825/693 684/824/692
f 833/1008/844 690/830/698 688/828/696 687/827/695
f 829/1004/840 693/833/701 691/831/699 690/830/698
f 825/1000/836 696/836/704 694/834/702 693/833/701
f 821/996/832 699/839/707 697/837/705 696/836/704
f 817/991/828 702/842/710 700/840/708 699/839/707
f 813/990/824 705/845/713 703/843/711 702/842/710
f 809/980/820 708/850/716 706/849/714 705/984/713
f 805/976/816 711/854/719 709/851/717 708/850/716
f 801/972/812 714/857/722 712/855/720 711/854/719
f 797/967/808 717/860/725 715/858/723 714/857/722
f 793/961/804 720/863/728 718/861/726 717/860/725
f 789/960/800 723/866/731 721/864/729 720/863/728
f 785/950/796 726/871/734 724/870/732 723/954/731
f 781/946/792 729/875/737 727/872/735 726/871/734
f 768/930/779 742/929/750 739/3108/747 738/886/746
f 764/925/775 745/924/753 743/3109/751 742/929/750
f 760/920/771 759/3110/770 746/3111/754 745/924/753
f 759/3110/770 755/909/766 2542/908/765 2571/3112/2571
f 759/3110/770 2571/3112/2571 747/3113/755 746/3111/754
f 669/1019/677 667/3114/675 74/78/67 79/77/72
f 644/772/652 389/466/395 73/67/65 70/66/62
f 572/681/580 570/679/578 105/112/103 104/111/102
f 567/676/575 565/675/573 106/113/104 105/112/103
f 565/671/573 563/668/571 113/123/111 106/122/104
f 563/668/571 561/666/569 560/665/568 113/123/111
f 387/464/393 386/463/392 71/68/63 73/67/65
f 370/444/376 47/35/35 46/34/34 365/439/371
f 358/432/364 357/431/363 44/32/32 49/37/37
f 263/670/269 259/317/265 257/311/263 256/310/262
f 2590/3115/2572 2589/3116/2573 2588/3117/2574 2572/3118/2575
f 2588/3117/2574 2592/3119/2576 2591/3120/2577 2572/3118/2575
f 2591/3120/2577 2594/3121/2578 2593/3122/2579 2572/3118/2575
f 2593/3122/2579 2596/3123/2580 2595/3124/2581 2572/3118/2575
f 2595/3124/2581 2597/3125/2582 2590/3115/2572 2572/3118/2575
f 2600/3126/2583 2599/3127/2584 2598/3128/2585 2573/3129/2586
f 2602/3130/2587 2601/3131/2588 2600/3126/2583 2573/3129/2586
f 2605/3132/2589 2604/3133/2590 2603/3134/2591 2573/3129/2586
f 2598/3128/2585 2606/3135/2592 2605/3132/2589 2573/3129/2586
f 2603/3134/2591 2607/3136/2593 2602/3130/2587 2573/3129/2586
f 2610/3137/2594 2609/3138/2595 2608/3139/2596 2574/3140/2597
f 2613/3141/2598 2612/3142/2599 2611/3143/2600 2574/3140/2597
f 2611/3143/2600 2614/3144/2601 2610/3137/2594 2574/3140/2597
f 2617/3145/2602 2616/3146/2603 2615/3147/2604 2575/3148/2605
f 2619/3149/2606 2618/3150/2607 2617/3145/2602 2575/3148/2605
f 2615/3147/2604 2620/3151/2608 2619/3149/2606 2575/3148/2605
f 2623/3152/2609 2622/3153/2610 2621/3154/2611 2576/3155/2612
f 2625/3156/2613 2624/3157/2614 2623/3152/2609 2576/3155/2612
f 2621/3154/2611 2626/3158/2615 2625/3156/2613 2576/3155/2612
f 2629/3159/2616 2628/3160/2617 2627/3161/2618 2577/3162/2619
f 2631/3163/2620 2630/3164/2621 2629/3159/2616 2577/3162/2619
f 2627/3161/2618 2632/3165/2622 2631/3163/2620 2577/3162/2619
f 2635/3166/2623 2634/3167/2624 2633/3168/2625 2578/3169/2626
f 2637/3170/2627 2636/3171/2628 2635/3166/2623 2578/3169/2626
f 2633/3168/2625 2638/3172/2629 2637/3170/2627 2578/3169/2626
f 2641/3173/2630 2640/3174/2631 2639/3175/2632 2579/3176/2633
f 2639/3175/2632 2643/3177/2634 2642/3178/2635 2579/3176/2633
f 2642/3178/2635 2644/3179/2636 2641/3173/2630 2579/3176/2633
f 2647/3180/2637 2646/3181/2638 2645/3182/2639 2580/3183/2640
f 2649/3184/2641 2648/3185/2642 2647/3180/2637 2580/3183/2640
f 2645/3182/2639 2650/3186/2643 2649/3184/2641 2580/3183/2640
f 2653/3187/2644 2652/3188/2645 2651/3189/2646 2581/3190/2647
f 2655/3191/2648 2654/3192/2649 2653/3187/2644 2581/3190/2647
f 2651/3189/2646 2656/3193/2650 2655/3191/2648 2581/3190/2647
f 2659/3194/2651 2658/3195/2652 2657/3196/2653 2582/3197/2654
f 2661/3198/2655 2660/3199/2656 2659/3194/2651 2582/3197/2654
f 2657/3196/2653 2662/3200/2657 2661/3198/2655 2582/3197/2654
f 2665/3201/2658 2664/3202/2659 2663/3203/2660 2583/3204/2661
f 2667/3205/2662 2666/3206/2663 2665/3201/2658 2583/3204/2661
f 2663/3203/2660 2668/3207/2664 2667/3205/2662 2583/3204/2661
f 2671/3208/2665 2670/3209/2666 2669/3210/2667 2584/3211/2668
f 2669/3210/2667 2673/3212/2669 2672/3213/2670 2584/3211/2668
f 2672/3213/2670 2674/3214/2671 2671/3208/2665 2584/3211/2668
f 2677/3215/2672 2676/3216/2673 2675/3217/2674 2585/3218/2675
f 2680/3219/2676 2679/3220/2677 2678/3221/2678 2585/3222/2675
f 2675/3223/2674 2681/3224/2679 2680/3219/2676 2585/3222/2675
f 2678/3225/2678 2683/3226/2680 2682/3227/2681 2585/3228/2675
f 2682/3227/2681 2684/3229/2682 2677/3230/2672 2585/3228/2675
f 2687/3231/2683 2686/3232/2684 2685/3233/2685 2586/3234/2686
f 2685/3235/2685 2689/3236/2687 2688/3237/2688 2586/3238/2686
f 2691/3239/2689 2690/3240/2690 2687/3241/2683 2586/3238/2686
f 2688/3237/2688 2693/3242/2691 2692/3243/2692 2586/3238/2686
f 2692/3243/2692 2694/3244/2693 2691/3239/2689 2586/3238/2686
f 2697/3245/2694 2696/3246/2695 2695/3247/2696 2587/3248/2697
f 2699/3249/2698 2698/3250/2699 2697/3245/2694 2587/3248/2697
f 2701/3251/2700 2700/3252/2701 2699/3249/2698 2587/3248/2697
f 2703/3253/2702 2702/3254/2703 2701/3251/2700 2587/3248/2697
f 2695/3247/2696 2704/3255/2704 2703/3253/2702 2587/3248/2697
f 2695/3247/2696 2706/3256/2705 2705/3257/2706 2704/3255/2704
f 2708/3258/2707 2707/3259/2708 2703/3253/2702 2704/3255/2704
f 2705/3257/2706 2709/3260/2709 2708/3258/2707 2704/3255/2704
f 2705/3257/2706 139/155/140 2532/154/139 2709/3260/2709
f 2711/3261/2710 2710/3262/2711 2708/3258/2707 2709/3260/2709
f 2532/154/139 2533/158/143 2711/3261/2710 2709/3260/2709
f 143/3263/145 2712/3264/2712 2711/3261/2710 2533/158/143
f 2706/3256/2705 2713/3265/2713 145/164/147 144/163/146
f 139/155/140 2705/3257/2706 2706/3256/2705 144/163/146
f 2696/3246/2695 2715/3266/2714 2714/3267/2715 2713/3265/2713
f 2706/3256/2705 2695/3247/2696 2696/3246/2695 2713/3265/2713
f 2714/3267/2715 149/168/151 145/164/147 2713/3265/2713
f 2714/3267/2715 2716/3268/2716 150/169/152 149/168/151
f 2718/3269/2717 2717/3270/2718 152/172/155 2534/171/154
f 150/169/152 2716/3268/2716 2718/3269/2717 2534/171/154
f 2720/3271/2719 2719/3272/2720 2717/3270/2718 2718/3269/2717
f 2716/3268/2716 2721/3273/2721 2720/3271/2719 2718/3269/2717
f 2723/3274/2722 2722/3275/2723 2720/3271/2719 2721/3273/2721
f 2715/3266/2714 2724/3276/2724 2723/3274/2722 2721/3273/2721
f 2716/3268/2716 2714/3267/2715 2715/3266/2714 2721/3273/2721
f 2726/3277/2725 2725/3278/2726 2723/3274/2722 2724/3276/2724
f 2697/3245/2694 2698/3250/2699 2726/3277/2725 2724/3276/2724
f 2715/3266/2714 2696/3246/2695 2697/3245/2694 2724/3276/2724
f 2728/3279/2727 2727/3280/2728 2725/3278/2726 2726/3277/2725
f 2698/3250/2699 2729/3281/2729 2728/3279/2727 2726/3277/2725
f 2731/3282/2730 2730/3283/2731 2728/3279/2727 2729/3281/2729
f 2733/3284/2732 2732/3285/2733 2731/3282/2730 2729/3281/2729
f 2698/3250/2699 2699/3249/2698 2733/3284/2732 2729/3281/2729
f 2735/3286/2734 2734/3287/2735 2732/3285/2733 2733/3284/2732
f 2699/3249/2698 2700/3252/2701 2735/3286/2734 2733/3284/2732
f 2737/3288/2736 2736/3289/2737 2734/3287/2735 2735/3286/2734
f 2700/3252/2701 2738/3290/2738 2737/3288/2736 2735/3286/2734
f 2740/3291/2739 2739/3292/2740 2737/3288/2736 2738/3290/2738
f 2742/3293/2741 2741/3294/2742 2740/3291/2739 2738/3290/2738
f 2700/3252/2701 2701/3251/2700 2742/3293/2741 2738/3290/2738
f 2744/3295/2743 2743/3296/2744 2741/3294/2742 2742/3293/2741
f 2701/3251/2700 2702/3254/2703 2744/3295/2743 2742/3293/2741
f 2746/3297/2745 2745/3298/2746 2743/3296/2744 2744/3295/2743
f 2702/3254/2703 2747/3299/2747 2746/3297/2745 2744/3295/2743
f 2702/3254/2703 2703/3253/2702 2707/3259/2708 2747/3299/2747
f 2749/3300/2748 2748/3301/2749 2746/3297/2745 2747/3299/2747
f 2707/3259/2708 2750/3302/2750 2749/3300/2748 2747/3299/2747
f 2707/3259/2708 2708/3258/2707 2710/3262/2711 2750/3302/2750
f 2752/3303/2751 2751/3304/2752 2749/3300/2748 2750/3302/2750
f 2710/3262/2711 2753/3305/2753 2752/3303/2751 2750/3302/2750
f 2710/3262/2711 2711/3261/2710 2712/3264/2712 2753/3305/2753
f 2755/3306/2754 2754/3307/2755 2752/3303/2751 2753/3305/2753
f 2712/3264/2712 2756/3308/2756 2755/3306/2754 2753/3305/2753
f 2712/3264/2712 143/3263/145 2535/3309/196 2756/3308/2756
f 2758/3310/2757 2757/3311/2758 2755/3306/2754 2756/3308/2756
f 2535/3312/196 195/229/199 2758/3313/2757 2756/3314/2756
f 2536/232/201 2759/3315/2759 2758/3313/2757 195/229/199
f 2693/3316/2691 2759/3317/2759 2536/3318/201 197/3319/202
f 198/234/203 2692/3243/2692 2693/3242/2691 197/233/202
f 199/235/204 2694/3244/2693 2692/3243/2692 198/234/203
f 201/237/206 2760/3320/2760 2694/3244/2693 199/235/204
f 2762/3321/2761 2761/3322/2762 2537/239/208 2538/238/207
f 152/172/155 2717/3270/2718 2762/3321/2761 2538/238/207
f 2764/3323/2763 2763/3324/2764 2761/3322/2762 2762/3321/2761
f 2717/3270/2718 2719/3272/2720 2764/3323/2763 2762/3321/2761
f 2766/3325/2765 2765/3326/2766 2763/3324/2764 2764/3323/2763
f 2719/3272/2720 2767/3327/2767 2766/3325/2765 2764/3323/2763
f 2769/3328/2768 2768/3329/2769 2766/3325/2765 2767/3327/2767
f 2722/3275/2723 2770/3330/2770 2769/3328/2768 2767/3327/2767
f 2719/3272/2720 2720/3271/2719 2722/3275/2723 2767/3327/2767
f 2772/3331/2771 2771/3332/2772 2769/3328/2768 2770/3330/2770
f 2725/3278/2726 2727/3280/2728 2772/3331/2771 2770/3330/2770
f 2722/3275/2723 2723/3274/2722 2725/3278/2726 2770/3330/2770
f 2774/3333/2773 2773/3334/2774 2771/3332/2772 2772/3331/2771
f 2727/3280/2728 2775/3335/2775 2774/3333/2773 2772/3331/2771
f 2777/3336/2776 2776/3337/2777 2774/3338/2773 2775/3339/2775
f 2730/3340/2731 2778/3341/2778 2777/3336/2776 2775/3339/2775
f 2727/3280/2728 2728/3279/2727 2730/3283/2731 2775/3335/2775
f 2780/3342/2779 2779/3343/2780 2777/3336/2776 2778/3341/2778
f 2782/3344/2781 2781/3345/2782 2780/3342/2779 2778/3341/2778
f 2730/3340/2731 2731/3346/2730 2782/3344/2781 2778/3341/2778
f 2784/3347/2783 2783/3348/2784 2781/3345/2782 2782/3344/2781
f 2731/3346/2730 2732/3349/2733 2784/3347/2783 2782/3344/2781
f 2786/3350/2785 2785/3351/2786 2783/3348/2784 2784/3347/2783
f 2732/3349/2733 2734/3352/2735 2786/3350/2785 2784/3347/2783
f 2788/3353/2787 2787/3354/2788 2785/3351/2786 2786/3350/2785
f 2734/3355/2735 2736/3356/2737 2788/3357/2787 2786/3358/2785
f 2790/3359/2789 2789/3360/2790 2787/3361/2788 2788/3357/2787
f 2736/3356/2737 2791/3362/2791 2790/3359/2789 2788/3357/2787
f 2793/3363/2792 2792/3364/2793 2790/3359/2789 2791/3362/2791
f 2739/3365/2740 2794/3366/2794 2793/3363/2792 2791/3362/2791
f 2736/3356/2737 2737/3367/2736 2739/3365/2740 2791/3362/2791
f 2796/3368/2795 2795/3369/2796 2793/3363/2792 2794/3366/2794
f 2798/3370/2797 2797/3371/2798 2796/3372/2795 2794/3373/2794
f 2739/3292/2740 2740/3291/2739 2798/3370/2797 2794/3373/2794
f 2800/3374/2799 2799/3375/2800 2797/3371/2798 2798/3370/2797
f 2740/3291/2739 2741/3294/2742 2800/3374/2799 2798/3370/2797
f 2802/3376/2801 2801/3377/2802 2799/3375/2800 2800/3374/2799
f 2741/3294/2742 2743/3296/2744 2802/3376/2801 2800/3374/2799
f 2804/3378/2803 2803/3379/2804 2801/3377/2802 2802/3376/2801
f 2743/3296/2744 2745/3298/2746 2804/3378/2803 2802/3376/2801
f 2806/3380/2805 2805/3381/2806 2803/3379/2804 2804/3378/2803
f 2745/3298/2746 2807/3382/2807 2806/3380/2805 2804/3378/2803
f 2745/3298/2746 2746/3297/2745 2748/3301/2749 2807/3382/2807
f 2809/3383/2808 2808/3384/2809 2806/3380/2805 2807/3382/2807
f 2748/3301/2749 2810/3385/2810 2809/3383/2808 2807/3382/2807
f 2748/3301/2749 2749/3300/2748 2751/3304/2752 2810/3385/2810
f 2812/3386/2811 2811/3387/2812 2809/3388/2808 2810/3389/2810
f 2751/3390/2752 2813/3391/2813 2812/3386/2811 2810/3389/2810
f 2751/3390/2752 2752/3392/2751 2754/3393/2755 2813/3391/2813
f 2815/3394/2814 2814/3395/2815 2812/3386/2811 2813/3391/2813
f 2754/3307/2755 2816/3396/2816 2815/3397/2814 2813/3398/2813
f 2754/3307/2755 2755/3306/2754 2757/3311/2758 2816/3396/2816
f 2818/3399/2817 2817/3400/2818 2815/3401/2814 2816/3402/2816
f 2757/3311/2758 2819/3403/2819 2818/3404/2817 2816/3396/2816
f 2757/3311/2758 2758/3310/2757 2759/3405/2759 2819/3403/2819
f 2688/3406/2688 2689/3407/2687 2818/3404/2817 2819/3403/2819
f 2759/3315/2759 2693/3242/2691 2688/3237/2688 2819/3408/2819
f 2689/3407/2687 2820/3409/2820 2817/3410/2818 2818/3404/2817
f 2822/3411/2821 2821/3412/2822 2817/3413/2818 2820/3414/2820
f 2824/3415/2823 2823/3416/2824 2822/3417/2821 2820/3409/2820
f 2689/3407/2687 2685/3233/2685 2824/3415/2823 2820/3409/2820
f 2826/3418/2825 2825/3419/2826 2823/3416/2824 2824/3415/2823
f 2685/3233/2685 2686/3232/2684 2826/3418/2825 2824/3415/2823
f 2686/3232/2684 2828/3420/2827 2827/3421/2828 2826/3418/2825
f 2827/3421/2828 2829/3422/2829 2825/3419/2826 2826/3418/2825
f 2827/3421/2828 2831/3423/2830 2830/3424/2831 2829/3422/2829
f 2833/3425/2832 2832/3426/2833 2825/3419/2826 2829/3422/2829
f 2830/3424/2831 2834/3427/2834 2833/3425/2832 2829/3422/2829
f 2830/3424/2831 2836/3428/2835 2835/3429/2836 2834/3427/2834
f 2838/3430/2837 2837/3431/2838 2833/3425/2832 2834/3427/2834
f 2835/3429/2836 2839/3432/2839 2838/3430/2837 2834/3427/2834
f 2835/3429/2836 2841/3433/2840 2840/3434/2841 2839/3432/2839
f 2843/3435/2842 2842/3436/2843 2838/3430/2837 2839/3432/2839
f 2840/3434/2841 2844/3437/2844 2843/3435/2842 2839/3432/2839
f 2840/3434/2841 2846/3438/2845 2845/3439/2846 2844/3437/2844
f 2848/3440/2847 2847/3441/2848 2843/3435/2842 2844/3437/2844
f 2845/3439/2846 2849/3442/2849 2848/3440/2847 2844/3437/2844
f 2845/3439/2846 2851/3443/2850 2850/3444/2851 2849/3442/2849
f 2853/3445/2852 2852/3446/2853 2848/3440/2847 2849/3442/2849
f 2850/3444/2851 2854/3447/2854 2853/3445/2852 2849/3442/2849
f 2850/3444/2851 2856/3448/2855 2855/3449/2856 2854/3447/2854
f 2858/3450/2857 2857/3451/2858 2853/3452/2852 2854/3453/2854
f 2855/3454/2856 2859/3455/2859 2858/3450/2857 2854/3453/2854
f 2855/3454/2856 2861/3456/2860 2860/3457/2861 2859/3455/2859
f 2863/3458/2862 2862/3459/2863 2858/3450/2857 2859/3455/2859
f 2860/3457/2861 2864/3460/2864 2863/3458/2862 2859/3455/2859
f 2860/3457/2861 2866/3461/2865 2865/3462/2866 2864/3460/2864
f 2868/3463/2867 2867/3464/2868 2863/3458/2862 2864/3460/2864
f 2865/3462/2866 2869/3465/2869 2868/3463/2867 2864/3460/2864
f 2865/3462/2866 2871/3466/2870 2870/3467/2871 2869/3465/2869
f 2873/3468/2872 2872/3469/2873 2868/3463/2867 2869/3465/2869
f 2870/3467/2871 2874/3470/2874 2873/3468/2872 2869/3465/2869
f 2870/3467/2871 2876/3471/2875 2875/3472/2876 2874/3470/2874
f 2878/3473/2877 2877/3474/2878 2873/3468/2872 2874/3470/2874
f 2875/3472/2876 2879/3475/2879 2878/3473/2877 2874/3470/2874
f 2875/3472/2876 2881/3476/2880 2880/3477/2881 2879/3475/2879
f 2883/3478/2882 2882/3479/2883 2878/3473/2877 2879/3475/2879
f 2880/3477/2881 2884/3480/2884 2883/3478/2882 2879/3475/2879
f 2880/3477/2881 2886/3481/2885 2885/3482/2886 2884/3480/2884
f 2888/3483/2887 2887/3484/2888 2883/3478/2882 2884/3480/2884
f 2885/3482/2886 2889/3485/2889 2888/3483/2887 2884/3480/2884
f 2885/3482/2886 2891/3486/2890 2890/3487/2891 2889/3485/2889
f 2893/3488/2892 2892/3489/2893 2888/3483/2887 2889/3485/2889
f 2890/3487/2891 2894/3490/2894 2893/3488/2892 2889/3485/2889
f 2890/3487/2891 2896/3491/2895 2895/3492/2896 2894/3490/2894
f 2898/3493/2897 2897/3494/2898 2893/3488/2892 2894/3490/2894
f 2895/3492/2896 2899/3495/2899 2898/3493/2897 2894/3490/2894
f 2895/3492/2896 2901/3496/2900 2900/3497/2901 2899/3495/2899
f 2903/3498/2902 2902/3499/2903 2898/3500/2897 2899/3501/2899
f 2900/3502/2901 2904/3503/2904 2903/3498/2902 2899/3501/2899
f 2900/3502/2901 2906/3504/2905 2905/3505/2906 2904/3503/2904
f 2908/3506/2907 2907/3507/2908 2903/3498/2902 2904/3503/2904
f 2905/3505/2906 2909/3508/2909 2908/3506/2907 2904/3503/2904
f 2905/3505/2906 2911/3509/2910 2910/3510/2911 2909/3508/2909
f 2913/3511/2912 2912/3512/2913 2908/3506/2907 2909/3508/2909
f 2910/3510/2911 2914/3513/2914 2913/3511/2912 2909/3508/2909
f 2910/3510/2911 2916/3514/2915 2915/3515/2916 2914/3513/2914
f 2918/3516/2917 2917/3517/2918 2913/3511/2912 2914/3513/2914
f 2915/3515/2916 2919/3518/2919 2918/3516/2917 2914/3513/2914
f 2915/3515/2916 2615/3147/2604 2616/3146/2603 2919/3518/2919
f 2921/3519/2920 2920/3520/2921 2918/3516/2917 2919/3518/2919
f 2616/3146/2603 2922/3521/2922 2921/3519/2920 2919/3518/2919
f 2616/3146/2603 2617/3145/2602 2923/3522/2923 2922/3521/2922
f 2925/3523/2924 2924/3524/2925 2921/3519/2920 2922/3521/2922
f 2923/3522/2923 2926/3525/2926 2925/3523/2924 2922/3521/2922
f 2923/3522/2923 2928/3526/2927 2927/3527/2928 2926/3525/2926
f 2930/3528/2929 2929/3529/2930 2925/3523/2924 2926/3525/2926
f 2927/3527/2928 2931/3530/2931 2930/3528/2929 2926/3525/2926
f 2927/3527/2928 2933/3531/2932 2932/3532/2933 2931/3530/2931
f 2935/3533/2934 2934/3534/2935 2930/3528/2929 2931/3530/2931
f 2932/3532/2933 2936/3535/2936 2935/3533/2934 2931/3530/2931
f 2932/3532/2933 2938/3536/2937 2937/3537/2938 2936/3535/2936
f 2940/3538/2939 2939/3539/2940 2935/3533/2934 2936/3535/2936
f 2937/3540/2938 2941/3541/2941 2940/3542/2939 2936/3543/2936
f 2937/3540/2938 2943/3544/2942 2942/3545/2943 2941/3541/2941
f 2945/3546/2944 2944/3547/2945 2940/3542/2939 2941/3541/2941
f 2942/3545/2943 2946/3548/2946 2945/3546/2944 2941/3541/2941
f 2947/3549/2947 2644/3179/2636 2945/3546/2944 2946/3548/2946
f 2949/3550/2948 2948/3551/2949 2947/3549/2947 2946/3548/2946
f 2942/3545/2943 2950/3552/2950 2949/3550/2948 2946/3548/2946
f 2953/3553/2951 2952/3554/2952 2951/3555/2953 2950/3556/2950
f 2942/3545/2943 2943/3544/2942 2953/3557/2951 2950/3552/2950
f 2951/3558/2953 2954/3559/2954 2949/3550/2948 2950/3552/2950
f 2955/3560/2955 2948/3551/2949 2949/3550/2948 2954/3559/2954
f 2957/3561/2956 2956/3562/2957 2955/3563/2955 2954/3564/2954
f 2951/3555/2953 2958/3565/2958 2957/3561/2956 2954/3564/2954
f 2960/3566/2959 2959/3567/2960 2957/3561/2956 2958/3565/2958
f 2962/3568/2961 2961/3569/2962 2960/3566/2959 2958/3565/2958
f 2951/3555/2953 2952/3554/2952 2962/3568/2961 2958/3565/2958
f 2964/3570/2963 2963/3571/2964 2961/3569/2962 2962/3568/2961
f 2952/3554/2952 2965/3572/2965 2964/3570/2963 2962/3568/2961
f 2967/3573/2966 2966/3574/2967 2964/3575/2963 2965/3576/2965
f 2969/3577/2968 2968/3578/2969 2967/3573/2966 2965/3576/2965
f 2952/3579/2952 2953/3580/2951 2969/3577/2968 2965/3576/2965
f 2971/3581/2970 2970/3582/2971 2968/3578/2969 2969/3577/2968
f 2953/3580/2951 2943/3583/2942 2971/3581/2970 2969/3577/2968
f 2938/3536/2937 2972/3584/2972 2970/3582/2971 2971/3581/2970
f 2943/3583/2942 2937/3537/2938 2938/3536/2937 2971/3581/2970
f 2974/3585/2973 2973/3586/2974 2970/3582/2971 2972/3584/2972
f 2933/3531/2932 2975/3587/2975 2974/3585/2973 2972/3584/2972
f 2938/3536/2937 2932/3532/2933 2933/3531/2932 2972/3584/2972
f 2977/3588/2976 2976/3589/2977 2974/3585/2973 2975/3587/2975
f 2928/3526/2927 2618/3150/2607 2977/3588/2976 2975/3587/2975
f 2933/3531/2932 2927/3527/2928 2928/3526/2927 2975/3587/2975
f 2979/3590/2978 2978/3591/2979 2976/3589/2977 2977/3588/2976
f 2618/3150/2607 2619/3149/2606 2979/3590/2978 2977/3588/2976
f 2981/3592/2980 2980/3593/2981 2978/3591/2979 2979/3590/2978
f 2619/3149/2606 2620/3151/2608 2981/3592/2980 2979/3590/2978
f 2983/3594/2982 2982/3595/2983 2980/3593/2981 2981/3592/2980
f 2620/3151/2608 2916/3514/2915 2983/3594/2982 2981/3592/2980
f 2911/3509/2910 2984/3596/2984 2982/3595/2983 2983/3594/2982
f 2916/3514/2915 2910/3510/2911 2911/3509/2910 2983/3594/2982
f 2986/3597/2985 2985/3598/2986 2982/3595/2983 2984/3596/2984
f 2906/3504/2905 2987/3599/2987 2986/3597/2985 2984/3596/2984
f 2911/3509/2910 2905/3505/2906 2906/3504/2905 2984/3596/2984
f 2989/3600/2988 2988/3601/2989 2986/3602/2985 2987/3603/2987
f 2901/3496/2900 2990/3604/2990 2989/3600/2988 2987/3603/2987
f 2906/3605/2905 2900/3497/2901 2901/3496/2900 2987/3603/2987
f 2992/3606/2991 2991/3607/2992 2989/3600/2988 2990/3604/2990
f 2896/3491/2895 2993/3608/2993 2992/3606/2991 2990/3604/2990
f 2901/3496/2900 2895/3492/2896 2896/3491/2895 2990/3604/2990
f 2995/3609/2994 2994/3610/2995 2992/3606/2991 2993/3608/2993
f 2891/3486/2890 2996/3611/2996 2995/3609/2994 2993/3608/2993
f 2896/3491/2895 2890/3487/2891 2891/3486/2890 2993/3608/2993
f 2998/3612/2997 2997/3613/2998 2995/3609/2994 2996/3611/2996
f 2886/3481/2885 2999/3614/2999 2998/3612/2997 2996/3611/2996
f 2891/3486/2890 2885/3482/2886 2886/3481/2885 2996/3611/2996
f 3001/3615/3000 3000/3616/3001 2998/3612/2997 2999/3614/2999
f 2881/3476/2880 3002/3617/3002 3001/3615/3000 2999/3614/2999
f 2886/3481/2885 2880/3477/2881 2881/3476/2880 2999/3614/2999
f 3004/3618/3003 3003/3619/3004 3001/3615/3000 3002/3617/3002
f 2876/3471/2875 3005/3620/3005 3004/3618/3003 3002/3617/3002
f 2881/3476/2880 2875/3472/2876 2876/3471/2875 3002/3617/3002
f 3007/3621/3006 3006/3622/3007 3004/3618/3003 3005/3620/3005
f 2871/3466/2870 3008/3623/3008 3007/3621/3006 3005/3620/3005
f 2876/3471/2875 2870/3467/2871 2871/3466/2870 3005/3620/3005
f 3010/3624/3009 3009/3625/3010 3007/3621/3006 3008/3623/3008
f 2866/3461/2865 3011/3626/3011 3010/3624/3009 3008/3623/3008
f 2871/3466/2870 2865/3462/2866 2866/3461/2865 3008/3623/3008
f 3013/3627/3012 3012/3628/3013 3010/3624/3009 3011/3626/3011
f 2861/3456/2860 3014/3629/3014 3013/3627/3012 3011/3626/3011
f 2866/3461/2865 2860/3457/2861 2861/3456/2860 3011/3626/3011
f 3016/3630/3015 3015/3631/3016 3013/3632/3012 3014/3633/3014
f 2856/3448/2855 3017/3634/3017 3016/3630/3015 3014/3633/3014
f 2861/3456/2860 2855/3454/2856 2856/3635/2855 3014/3629/3014
f 3019/3636/3018 3018/3637/3019 3016/3630/3015 3017/3634/3017
f 2851/3443/2850 3020/3638/3020 3019/3636/3018 3017/3634/3017
f 2856/3448/2855 2850/3444/2851 2851/3443/2850 3017/3634/3017
f 3022/3639/3021 3021/3640/3022 3019/3636/3018 3020/3638/3020
f 2846/3438/2845 3023/3641/3023 3022/3639/3021 3020/3638/3020
f 2851/3443/2850 2845/3439/2846 2846/3438/2845 3020/3638/3020
f 3025/3642/3024 3024/3643/3025 3022/3639/3021 3023/3641/3023
f 2841/3433/2840 3026/3644/3026 3025/3642/3024 3023/3641/3023
f 2846/3438/2845 2840/3434/2841 2841/3433/2840 3023/3641/3023
f 3028/3645/3027 3027/3646/3028 3025/3642/3024 3026/3644/3026
f 2836/3428/2835 3029/3647/3029 3028/3645/3027 3026/3644/3026
f 2841/3433/2840 2835/3429/2836 2836/3428/2835 3026/3644/3026
f 3031/3648/3030 3030/3649/3031 3028/3645/3027 3029/3647/3029
f 2831/3423/2830 3032/3650/3032 3031/3648/3030 3029/3647/3029
f 2836/3428/2835 2830/3424/2831 2831/3423/2830 3029/3647/3029
f 3034/3651/3033 3033/3652/3034 3031/3648/3030 3032/3650/3032
f 2828/3420/2827 3035/3653/3035 3034/3651/3033 3032/3650/3032
f 2831/3423/2830 2827/3421/2828 2828/3420/2827 3032/3650/3032
f 3037/3654/3036 3036/3655/3037 3034/3656/3033 3035/3657/3035
f 2687/3241/2683 2690/3240/2690 3037/3654/3036 3035/3657/3035
f 2828/3420/2827 2686/3232/2684 2687/3231/2683 3035/3653/3035
f 3039/3658/3038 3038/3659/3039 3036/3655/3037 3037/3654/3036
f 2690/3240/2690 3040/3660/3040 3039/3658/3038 3037/3654/3036
f 3042/3661/3041 3041/3662/3042 3039/3658/3038 3040/3660/3040
f 3044/3663/3043 3043/3664/3044 3042/3661/3041 3040/3660/3040
f 2690/3240/2690 2691/3239/2689 3044/3663/3043 3040/3660/3040
f 2760/3320/2760 3045/3665/3045 3043/3664/3044 3044/3663/3043
f 2691/3239/2689 2694/3244/2693 2760/3320/2760 3044/3663/3043
f 3047/3666/3046 3046/3667/3047 3043/3664/3044 3045/3665/3045
f 202/583/497 490/582/496 3047/3666/3046 3045/3665/3045
f 2760/3320/2760 201/237/206 202/583/497 3045/3665/3045
f 492/585/499 3048/3668/3048 3047/3666/3046 490/582/496
f 3050/3669/3049 3049/3670/3050 493/587/501 2539/586/500
f 2537/239/208 2761/3322/2762 3050/3669/3049 2539/586/500
f 3052/3671/3051 3051/3672/3052 3049/3670/3050 3050/3669/3049
f 2761/3322/2762 2763/3324/2764 3052/3671/3051 3050/3669/3049
f 3054/3673/3053 3053/3674/3054 3051/3672/3052 3052/3671/3051
f 2763/3324/2764 2765/3326/2766 3054/3673/3053 3052/3671/3051
f 3056/3675/3055 3055/3676/3056 3053/3674/3054 3054/3673/3053
f 2765/3326/2766 3057/3677/3057 3056/3675/3055 3054/3673/3053
f 3059/3678/3058 3058/3679/3059 3056/3675/3055 3057/3677/3057
f 2768/3329/2769 3060/3680/3060 3059/3678/3058 3057/3677/3057
f 2765/3326/2766 2766/3325/2765 2768/3329/2769 3057/3677/3057
f 3062/3681/3061 3061/3682/3062 3059/3678/3058 3060/3680/3060
f 2771/3332/2772 2773/3334/2774 3062/3681/3061 3060/3680/3060
f 2768/3329/2769 2769/3328/2768 2771/3332/2772 3060/3680/3060
f 3064/3683/3063 3063/3684/3064 3061/3685/3062 3062/3686/3061
f 2773/3687/2774 3065/3688/3065 3064/3683/3063 3062/3686/3061
f 3067/3689/3066 3066/3690/3067 3064/3683/3063 3065/3688/3065
f 2776/3337/2777 3068/3691/3068 3067/3689/3066 3065/3688/3065
f 2773/3687/2774 2774/3338/2773 2776/3337/2777 3065/3688/3065
f 3070/3692/3069 3069/3693/3070 3067/3689/3066 3068/3691/3068
f 2779/3343/2780 3071/3694/3071 3070/3692/3069 3068/3691/3068
f 2776/3337/2777 2777/3336/2776 2779/3343/2780 3068/3691/3068
f 3073/3695/3072 3072/3696/3073 3070/3692/3069 3071/3694/3071
f 3075/3697/3074 3074/3698/3075 3073/3695/3072 3071/3694/3071
f 2779/3343/2780 2780/3342/2779 3075/3697/3074 3071/3694/3071
f 3077/3699/3076 3076/3700/3077 3074/3698/3075 3075/3697/3074
f 2780/3342/2779 2781/3345/2782 3077/3699/3076 3075/3697/3074
f 3079/3701/3078 3078/3702/3079 3076/3700/3077 3077/3699/3076
f 2781/3345/2782 2783/3348/2784 3079/3701/3078 3077/3699/3076
f 3081/3703/3080 3080/3704/3081 3078/3702/3079 3079/3701/3078
f 2783/3348/2784 2785/3351/2786 3081/3703/3080 3079/3701/3078
f 3083/3705/3082 3082/3706/3083 3080/3704/3081 3081/3703/3080
f 2785/3351/2786 2787/3354/2788 3083/3705/3082 3081/3703/3080
f 3085/3707/3084 3084/3708/3085 3082/3709/3083 3083/3710/3082
f 2787/3361/2788 2789/3360/2790 3085/3707/3084 3083/3710/3082
f 3087/3711/3086 3086/3712/3087 3084/3708/3085 3085/3707/3084
f 2789/3360/2790 3088/3713/3088 3087/3711/3086 3085/3707/3084
f 3090/3714/3089 3089/3715/3090 3087/3711/3086 3088/3713/3088
f 2792/3364/2793 3091/3716/3091 3090/3714/3089 3088/3713/3088
f 2789/3360/2790 2790/3359/2789 2792/3364/2793 3088/3713/3088
f 3093/3717/3092 3092/3718/3093 3090/3714/3089 3091/3716/3091
f 2795/3369/2796 3094/3719/3094 3093/3717/3092 3091/3716/3091
f 2792/3364/2793 2793/3363/2792 2795/3369/2796 3091/3716/3091
f 3096/3720/3095 3095/3721/3096 3093/3717/3092 3094/3719/3094
f 3098/3722/3097 3097/3723/3098 3096/3720/3095 3094/3719/3094
f 2795/3369/2796 2796/3368/2795 3098/3722/3097 3094/3719/3094
f 3100/3724/3099 3099/3725/3100 3097/3726/3098 3098/3727/3097
f 2796/3372/2795 2797/3371/2798 3100/3724/3099 3098/3727/3097
f 3102/3728/3101 3101/3729/3102 3099/3725/3100 3100/3724/3099
f 2797/3371/2798 2799/3375/2800 3102/3728/3101 3100/3724/3099
f 3104/3730/3103 3103/3731/3104 3101/3729/3102 3102/3728/3101
f 2799/3375/2800 2801/3377/2802 3104/3730/3103 3102/3728/3101
f 3106/3732/3105 3105/3733/3106 3103/3731/3104 3104/3730/3103
f 2801/3377/2802 2803/3379/2804 3106/3732/3105 3104/3730/3103
f 3108/3734/3107 3107/3735/3108 3105/3733/3106 3106/3732/3105
f 2803/3379/2804 2805/3381/2806 3108/3734/3107 3106/3732/3105
f 3110/3736/3109 3109/3737/3110 3107/3738/3108 3108/3739/3107
f 2805/3740/2806 3111/3741/3111 3110/3736/3109 3108/3739/3107
f 2805/3740/2806 2806/3742/2805 2808/3743/2809 3111/3741/3111
f 3113/3744/3112 3112/3745/3113 3110/3736/3109 3111/3741/3111
f 2808/3743/2809 3114/3746/3114 3113/3744/3112 3111/3741/3111
f 2808/3743/2809 2809/3388/2808 2811/3387/2812 3114/3746/3114
f 3116/3747/3115 3115/3748/3116 3113/3744/3112 3114/3746/3114
f 2811/3387/2812 3117/3749/3117 3116/3747/3115 3114/3746/3114
f 2811/3387/2812 2812/3386/2811 2814/3395/2815 3117/3749/3117
f 3119/3750/3118 3118/3751/3119 3116/3752/3115 3117/3753/3117
f 2814/3754/2815 2821/3755/2822 3119/3750/3118 3117/3753/3117
f 3121/3756/3120 3120/3757/3121 3118/3751/3119 3119/3750/3118
f 2821/3755/2822 2822/3417/2821 3121/3756/3120 3119/3750/3118
f 3123/3758/3122 3122/3759/3123 3120/3757/3121 3121/3756/3120
f 2822/3417/2821 2823/3416/2824 3123/3758/3122 3121/3756/3120
f 2832/3426/2833 3124/3760/3124 3122/3759/3123 3123/3758/3122
f 2823/3416/2824 2825/3419/2826 2832/3426/2833 3123/3758/3122
f 2832/3426/2833 2833/3425/2832 2837/3431/2838 3124/3760/3124
f 3125/3761/3125 2676/3216/2673 3122/3759/3123 3124/3760/3124
f 2837/3431/2838 3126/3762/3126 3125/3761/3125 3124/3760/3124
f 2837/3431/2838 2838/3430/2837 2842/3436/2843 3126/3762/3126
f 3128/3763/3127 3127/3764/3128 3125/3761/3125 3126/3762/3126
f 2842/3436/2843 3129/3765/3129 3128/3763/3127 3126/3762/3126
f 2842/3436/2843 2843/3435/2842 2847/3441/2848 3129/3765/3129
f 3131/3766/3130 3130/3767/3131 3128/3768/3127 3129/3769/3129
f 2847/3770/2848 3132/3771/3132 3131/3766/3130 3129/3769/3129
f 2847/3770/2848 2848/3772/2847 2852/3773/2853 3132/3771/3132
f 3134/3774/3133 3133/3775/3134 3131/3766/3130 3132/3771/3132
f 2852/3773/2853 3135/3776/3135 3134/3774/3133 3132/3771/3132
f 2852/3773/2853 2853/3452/2852 2857/3451/2858 3135/3776/3135
f 3137/3777/3136 3136/3778/3137 3134/3774/3133 3135/3776/3135
f 2857/3451/2858 3138/3779/3138 3137/3777/3136 3135/3776/3135
f 2857/3451/2858 2858/3450/2857 2862/3459/2863 3138/3779/3138
f 3140/3780/3139 3139/3781/3140 3137/3777/3136 3138/3779/3138
f 2862/3459/2863 3141/3782/3141 3140/3780/3139 3138/3779/3138
f 2862/3459/2863 2863/3458/2862 2867/3464/2868 3141/3782/3141
f 3143/3783/3142 3142/3784/3143 3140/3780/3139 3141/3782/3141
f 2867/3464/2868 3144/3785/3144 3143/3783/3142 3141/3782/3141
f 2867/3464/2868 2868/3463/2867 2872/3469/2873 3144/3785/3144
f 3146/3786/3145 3145/3787/3146 3143/3783/3142 3144/3785/3144
f 2872/3469/2873 3147/3788/3147 3146/3786/3145 3144/3785/3144
f 2872/3469/2873 2873/3468/2872 2877/3474/2878 3147/3788/3147
f 3149/3789/3148 3148/3790/3149 3146/3786/3145 3147/3788/3147
f 2877/3474/2878 3150/3791/3150 3149/3789/3148 3147/3788/3147
f 2877/3474/2878 2878/3473/2877 2882/3479/2883 3150/3791/3150
f 3152/3792/3151 3151/3793/3152 3149/3789/3148 3150/3791/3150
f 2882/3479/2883 3153/3794/3153 3152/3792/3151 3150/3791/3150
f 2882/3479/2883 2883/3478/2882 2887/3484/2888 3153/3794/3153
f 3155/3795/3154 3154/3796/3155 3152/3792/3151 3153/3794/3153
f 2887/3484/2888 3156/3797/3156 3155/3795/3154 3153/3794/3153
f 2887/3484/2888 2888/3483/2887 2892/3489/2893 3156/3797/3156
f 3158/3798/3157 3157/3799/3158 3155/3800/3154 3156/3801/3156
f 2892/3802/2893 3159/3803/3159 3158/3798/3157 3156/3801/3156
f 2892/3802/2893 2893/3804/2892 2897/3805/2898 3159/3803/3159
f 3161/3806/3160 3160/3807/3161 3158/3798/3157 3159/3803/3159
f 2897/3805/2898 3162/3808/3162 3161/3806/3160 3159/3803/3159
f 2897/3805/2898 2898/3500/2897 2902/3499/2903 3162/3808/3162
f 3164/3809/3163 3163/3810/3164 3161/3806/3160 3162/3808/3162
f 2902/3499/2903 3165/3811/3165 3164/3809/3163 3162/3808/3162
f 2902/3499/2903 2903/3498/2902 2907/3507/2908 3165/3811/3165
f 3167/3812/3166 3166/3813/3167 3164/3809/3163 3165/3811/3165
f 2907/3507/2908 3168/3814/3168 3167/3812/3166 3165/3811/3165
f 2907/3507/2908 2908/3506/2907 2912/3512/2913 3168/3814/3168
f 3170/3815/3169 3169/3816/3170 3167/3812/3166 3168/3814/3168
f 2912/3512/2913 3171/3817/3171 3170/3815/3169 3168/3814/3168
f 2912/3512/2913 2913/3511/2912 2917/3517/2918 3171/3817/3171
f 3173/3818/3172 3172/3819/3173 3170/3815/3169 3171/3817/3171
f 2917/3517/2918 3174/3820/3174 3173/3818/3172 3171/3817/3171
f 2917/3517/2918 2918/3516/2917 2920/3520/2921 3174/3820/3174
f 3176/3821/3175 3175/3822/3176 3173/3818/3172 3174/3820/3174
f 2920/3520/2921 3177/3823/3177 3176/3821/3175 3174/3820/3174
f 2920/3520/2921 2921/3519/2920 2924/3524/2925 3177/3823/3177
f 3179/3824/3178 3178/3825/3179 3176/3821/3175 3177/3823/3177
f 2924/3524/2925 3180/3826/3180 3179/3824/3178 3177/3823/3177
f 2924/3524/2925 2925/3523/2924 2929/3529/2930 3180/3826/3180
f 3182/3827/3181 3181/3828/3182 3179/3824/3178 3180/3826/3180
f 2929/3529/2930 3183/3829/3183 3182/3827/3181 3180/3826/3180
f 2929/3529/2930 2930/3528/2929 2934/3534/2935 3183/3829/3183
f 3185/3830/3184 3184/3831/3185 3182/3827/3181 3183/3829/3183
f 2934/3534/2935 3186/3832/3186 3185/3830/3184 3183/3829/3183
f 2934/3534/2935 2935/3533/2934 2939/3539/2940 3186/3832/3186
f 3188/3833/3187 3187/3834/3188 3185/3835/3184 3186/3836/3186
f 2939/3837/2940 3189/3838/3189 3188/3833/3187 3186/3836/3186
f 2939/3837/2940 2940/3542/2939 2944/3547/2945 3189/3838/3189
f 2643/3177/2634 3190/3839/3190 3188/3833/3187 3189/3838/3189
f 2944/3547/2945 2642/3178/2635 2643/3177/2634 3189/3838/3189
f 3191/3840/3191 3187/3834/3188 3188/3833/3187 3190/3839/3190
f 3193/3841/3192 3192/3842/3193 3191/3840/3191 3190/3839/3190
f 2643/3177/2634 2639/3175/2632 3193/3841/3192 3190/3839/3190
f 3195/3843/3194 3194/3844/3195 3192/3842/3193 3193/3841/3192
f 2639/3175/2632 2640/3174/2631 3195/3843/3194 3193/3841/3192
f 3197/3845/3196 3196/3846/3197 3194/3844/3195 3195/3843/3194
f 2640/3174/2631 3198/3847/3198 3197/3845/3196 3195/3843/3194
f 2640/3174/2631 2641/3173/2630 3199/3848/3199 3198/3847/3198
f 3201/3849/3200 3200/3850/3201 3197/3845/3196 3198/3847/3198
f 3199/3848/3199 3202/3851/3202 3201/3849/3200 3198/3847/3198
f 3204/3852/3203 3203/3853/3204 3201/3849/3200 3202/3851/3202
f 2948/3551/2949 2955/3560/2955 3204/3852/3203 3202/3851/3202
f 3199/3848/3199 2947/3549/2947 2948/3551/2949 3202/3851/3202
f 3206/3854/3205 3205/3855/3206 3203/3856/3204 3204/3857/3203
f 2955/3560/2955 2956/3858/2957 3206/3859/3205 3204/3852/3203
f 3208/3860/3207 3207/3861/3208 3205/3855/3206 3206/3854/3205
f 2956/3862/2957 3209/3863/3209 3208/3860/3207 3206/3854/3205
f 3211/3864/3210 3210/3865/3211 3208/3860/3207 3209/3863/3209
f 2959/3567/2960 3212/3866/3212 3211/3867/3210 3209/3868/3209
f 2956/3562/2957 2957/3561/2956 2959/3567/2960 3209/3868/3209
f 3214/3869/3213 3213/3870/3214 3211/3864/3210 3212/3871/3212
f 3216/3872/3215 3215/3873/3216 3214/3869/3213 3212/3871/3212
f 2959/3567/2960 2960/3566/2959 3216/3874/3215 3212/3866/3212
f 3218/3875/3217 3217/3876/3218 3215/3877/3216 3216/3874/3215
f 2960/3566/2959 2961/3569/2962 3218/3875/3217 3216/3874/3215
f 3220/3878/3219 3219/3879/3220 3217/3876/3218 3218/3875/3217
f 2961/3569/2962 2963/3571/2964 3220/3878/3219 3218/3875/3217
f 2646/3181/2638 2647/3180/2637 3219/3879/3220 3220/3878/3219
f 2963/3571/2964 3221/3880/3221 2646/3181/2638 3220/3878/3219
f 3222/3881/3222 2645/3182/2639 2646/3181/2638 3221/3880/3221
f 2966/3882/2967 3223/3883/3223 3222/3881/3222 3221/3880/3221
f 2963/3571/2964 2964/3570/2963 2966/3882/2967 3221/3880/3221
f 3225/3884/3224 3224/3885/3225 3222/3886/3222 3223/3887/3223
f 3227/3888/3226 3226/3889/3227 3225/3884/3224 3223/3887/3223
f 2966/3574/2967 2967/3573/2966 3227/3888/3226 3223/3887/3223
f 3229/3890/3228 3228/3891/3229 3226/3889/3227 3227/3888/3226
f 2967/3573/2966 2968/3578/2969 3229/3890/3228 3227/3888/3226
f 2973/3586/2974 3230/3892/3230 3228/3891/3229 3229/3890/3228
f 2968/3578/2969 2970/3582/2971 2973/3586/2974 3229/3890/3228
f 3232/3893/3231 3231/3894/3232 3228/3891/3229 3230/3892/3230
f 2976/3589/2977 2978/3591/2979 3232/3893/3231 3230/3892/3230
f 2973/3586/2974 2974/3585/2973 2976/3589/2977 3230/3892/3230
f 3234/3895/3233 3233/3896/3234 3231/3894/3232 3232/3893/3231
f 2978/3591/2979 2980/3593/2981 3234/3895/3233 3232/3893/3231
f 2985/3598/2986 3235/3897/3235 3233/3896/3234 3234/3895/3233
f 2980/3593/2981 2982/3595/2983 2985/3598/2986 3234/3895/3233
f 3237/3898/3236 3236/3899/3237 3233/3900/3234 3235/3901/3235
f 2988/3601/2989 3238/3902/3238 3237/3898/3236 3235/3901/3235
f 2985/3903/2986 2986/3602/2985 2988/3601/2989 3235/3901/3235
f 3240/3904/3239 3239/3905/3240 3237/3898/3236 3238/3902/3238
f 2991/3607/2992 3241/3906/3241 3240/3904/3239 3238/3902/3238
f 2988/3601/2989 2989/3600/2988 2991/3607/2992 3238/3902/3238
f 3243/3907/3242 3242/3908/3243 3240/3904/3239 3241/3906/3241
f 2994/3610/2995 3244/3909/3244 3243/3907/3242 3241/3906/3241
f 2991/3607/2992 2992/3606/2991 2994/3610/2995 3241/3906/3241
f 3246/3910/3245 3245/3911/3246 3243/3907/3242 3244/3909/3244
f 2997/3613/2998 3247/3912/3247 3246/3910/3245 3244/3909/3244
f 2994/3610/2995 2995/3609/2994 2997/3613/2998 3244/3909/3244
f 3249/3913/3248 3248/3914/3249 3246/3910/3245 3247/3912/3247
f 3000/3616/3001 3250/3915/3250 3249/3913/3248 3247/3912/3247
f 2997/3613/2998 2998/3612/2997 3000/3616/3001 3247/3912/3247
f 3252/3916/3251 3251/3917/3252 3249/3913/3248 3250/3915/3250
f 3003/3619/3004 3253/3918/3253 3252/3916/3251 3250/3915/3250
f 3000/3616/3001 3001/3615/3000 3003/3619/3004 3250/3915/3250
f 3255/3919/3254 3254/3920/3255 3252/3916/3251 3253/3918/3253
f 3006/3622/3007 3256/3921/3256 3255/3919/3254 3253/3918/3253
f 3003/3619/3004 3004/3618/3003 3006/3622/3007 3253/3918/3253
f 3258/3922/3257 3257/3923/3258 3255/3919/3254 3256/3921/3256
f 3009/3625/3010 3259/3924/3259 3258/3922/3257 3256/3921/3256
f 3006/3622/3007 3007/3621/3006 3009/3625/3010 3256/3921/3256
f 3261/3925/3260 3260/3926/3261 3258/3927/3257 3259/3928/3259
f 3012/3929/3013 3262/3930/3262 3261/3925/3260 3259/3928/3259
f 3009/3625/3010 3010/3624/3009 3012/3628/3013 3259/3924/3259
f 3264/3931/3263 3263/3932/3264 3261/3925/3260 3262/3930/3262
f 3015/3631/3016 3265/3933/3265 3264/3931/3263 3262/3930/3262
f 3012/3929/3013 3013/3632/3012 3015/3631/3016 3262/3930/3262
f 3267/3934/3266 3266/3935/3267 3264/3931/3263 3265/3933/3265
f 3018/3637/3019 3268/3936/3268 3267/3934/3266 3265/3933/3265
f 3015/3631/3016 3016/3630/3015 3018/3637/3019 3265/3933/3265
f 3270/3937/3269 3269/3938/3270 3267/3934/3266 3268/3936/3268
f 3021/3640/3022 3271/3939/3271 3270/3937/3269 3268/3936/3268
f 3018/3637/3019 3019/3636/3018 3021/3640/3022 3268/3936/3268
f 3273/3940/3272 3272/3941/3273 3270/3937/3269 3271/3939/3271
f 3024/3643/3025 3274/3942/3274 3273/3940/3272 3271/3939/3271
f 3021/3640/3022 3022/3639/3021 3024/3643/3025 3271/3939/3271
f 3276/3943/3275 3275/3944/3276 3273/3940/3272 3274/3942/3274
f 3027/3646/3028 3277/3945/3277 3276/3943/3275 3274/3942/3274
f 3024/3643/3025 3025/3642/3024 3027/3646/3028 3274/3942/3274
f 3279/3946/3278 3278/3947/3279 3276/3943/3275 3277/3945/3277
f 3030/3649/3031 3280/3948/3280 3279/3946/3278 3277/3945/3277
f 3027/3646/3028 3028/3645/3027 3030/3649/3031 3277/3945/3277
f 3282/3949/3281 3281/3950/3282 3279/3951/3278 3280/3952/3280
f 3033/3953/3034 3283/3954/3283 3282/3949/3281 3280/3952/3280
f 3030/3649/3031 3031/3648/3030 3033/3652/3034 3280/3948/3280
f 3285/3955/3284 3284/3956/3285 3282/3949/3281 3283/3954/3283
f 3036/3655/3037 3038/3659/3039 3285/3955/3284 3283/3954/3283
f 3033/3953/3034 3034/3656/3033 3036/3655/3037 3283/3954/3283
f 3287/3957/3286 3286/3958/3287 3284/3956/3285 3285/3955/3284
f 3038/3659/3039 3288/3959/3288 3287/3957/3286 3285/3955/3284
f 3290/3960/3289 3289/3961/3290 3287/3957/3286 3288/3959/3288
f 3041/3662/3042 3291/3962/3291 3290/3960/3289 3288/3959/3288
f 3038/3659/3039 3039/3658/3038 3041/3662/3042 3288/3959/3288
f 3293/3963/3292 3292/3964/3293 3290/3960/3289 3291/3962/3291
f 3295/3965/3294 3294/3966/3295 3293/3963/3292 3291/3962/3291
f 3041/3662/3042 3042/3661/3041 3295/3965/3294 3291/3962/3291
f 3046/3667/3047 3296/3967/3296 3294/3966/3295 3295/3965/3294
f 3042/3661/3041 3043/3664/3044 3046/3667/3047 3295/3965/3294
f 3298/3968/3297 3297/3969/3298 3294/3966/3295 3296/3967/3296
f 3048/3668/3048 3299/3970/3299 3298/3968/3297 3296/3967/3296
f 3046/3667/3047 3047/3666/3046 3048/3668/3048 3296/3967/3296
f 3301/3971/3300 3300/3972/3301 3298/3968/3297 3299/3970/3299
f 748/897/756 747/896/755 3301/3971/3300 3299/3970/3299
f 3048/3668/3048 492/585/499 748/897/756 3299/3970/3299
f 2540/901/760 3303/3973/3302 3302/3974/3303 749/898/757
f 3302/3974/3303 3304/3975/3304 2541/902/761 749/898/757
f 3302/3974/3303 3306/3976/3305 3305/3977/3306 3304/3975/3304
f 3307/3978/3307 2542/3979/765 2541/3980/761 3304/3981/3304
f 3305/3982/3306 3308/3983/3308 3307/3978/3307 3304/3981/3304
f 3305/3982/3306 3310/3984/3309 3309/3985/3310 3308/3983/3308
f 3312/3986/3311 3311/3987/3312 3307/3978/3307 3308/3983/3308
f 3309/3985/3310 3313/3988/3313 3312/3986/3311 3308/3983/3308
f 3309/3985/3310 3315/3989/3314 3314/3990/3315 3313/3988/3313
f 3316/3991/3316 3300/3992/3301 3312/3986/3311 3313/3988/3313
f 3314/3990/3315 3317/3993/3317 3316/3991/3316 3313/3988/3313
f 3314/3990/3315 3319/3994/3318 3318/3995/3319 3317/3993/3317
f 3320/3996/3320 3297/3969/3298 3316/3997/3316 3317/3998/3317
f 3318/3995/3319 3321/3999/3321 3320/4000/3320 3317/3993/3317
f 3318/3995/3319 3323/4001/3322 3322/4002/3323 3321/3999/3321
f 3292/3964/3293 3293/3963/3292 3320/3996/3320 3321/4003/3321
f 3322/4004/3323 3324/4005/3324 3292/3964/3293 3321/4003/3321
f 3322/4002/3323 3326/4006/3325 3325/4007/3326 3324/4008/3324
f 3289/3961/3290 3290/3960/3289 3292/3964/3293 3324/4005/3324
f 3325/4009/3326 3327/4010/3327 3289/3961/3290 3324/4005/3324
f 3325/4009/3326 3329/4011/3328 3328/4012/3329 3327/4010/3327
f 3286/3958/3287 3287/3957/3286 3289/3961/3290 3327/4010/3327
f 3328/4012/3329 3330/4013/3330 3286/3958/3287 3327/4010/3327
f 3328/4012/3329 3332/4014/3331 3331/4015/3332 3330/4013/3330
f 3333/4016/3333 3284/3956/3285 3286/3958/3287 3330/4013/3330
f 3331/4015/3332 3334/4017/3334 3333/4016/3333 3330/4013/3330
f 3331/4015/3332 3336/4018/3335 3335/4019/3336 3334/4017/3334
f 3337/4020/3337 3281/3950/3282 3333/4016/3333 3334/4017/3334
f 3335/4019/3336 3338/4021/3338 3337/4020/3337 3334/4017/3334
f 3335/4019/3336 3340/4022/3339 3339/4023/3340 3338/4021/3338
f 3341/4024/3341 3278/4025/3279 3337/4020/3337 3338/4021/3338
f 3339/4023/3340 3342/4026/3342 3341/4024/3341 3338/4021/3338
f 3339/4023/3340 3344/4027/3343 3343/4028/3344 3342/4026/3342
f 3345/4029/3345 3275/3944/3276 3341/4030/3341 3342/4031/3342
f 3343/4032/3344 3346/4033/3346 3345/4029/3345 3342/4031/3342
f 3343/4032/3344 3348/4034/3347 3347/4035/3348 3346/4033/3346
f 3349/4036/3349 3272/3941/3273 3345/4029/3345 3346/4033/3346
f 3347/4035/3348 3350/4037/3350 3349/4036/3349 3346/4033/3346
f 3347/4035/3348 3352/4038/3351 3351/4039/3352 3350/4037/3350
f 3353/4040/3353 3269/3938/3270 3349/4036/3349 3350/4037/3350
f 3351/4039/3352 3354/4041/3354 3353/4040/3353 3350/4037/3350
f 3351/4039/3352 3356/4042/3355 3355/4043/3356 3354/4041/3354
f 3357/4044/3357 3266/3935/3267 3353/4040/3353 3354/4041/3354
f 3355/4043/3356 3358/4045/3358 3357/4044/3357 3354/4041/3354
f 3355/4043/3356 3360/4046/3359 3359/4047/3360 3358/4045/3358
f 3361/4048/3361 3263/3932/3264 3357/4044/3357 3358/4045/3358
f 3359/4047/3360 3362/4049/3362 3361/4048/3361 3358/4045/3358
f 3359/4047/3360 3364/4050/3363 3363/4051/3364 3362/4049/3362
f 3365/4052/3365 3260/3926/3261 3361/4048/3361 3362/4049/3362
f 3363/4051/3364 3366/4053/3366 3365/4052/3365 3362/4049/3362
f 3363/4051/3364 3368/4054/3367 3367/4055/3368 3366/4053/3366
f 3369/4056/3369 3257/4057/3258 3365/4052/3365 3366/4053/3366
f 3367/4055/3368 3370/4058/3370 3369/4056/3369 3366/4053/3366
f 3367/4055/3368 3372/4059/3371 3371/4060/3372 3370/4058/3370
f 3373/4061/3373 3254/3920/3255 3369/4062/3369 3370/4063/3370
f 3371/4064/3372 3374/4065/3374 3373/4061/3373 3370/4063/3370
f 3371/4064/3372 3376/4066/3375 3375/4067/3376 3374/4065/3374
f 3377/4068/3377 3251/3917/3252 3373/4061/3373 3374/4065/3374
f 3375/4067/3376 3378/4069/3378 3377/4068/3377 3374/4065/3374
f 3375/4067/3376 3380/4070/3379 3379/4071/3380 3378/4069/3378
f 3381/4072/3381 3248/3914/3249 3377/4068/3377 3378/4069/3378
f 3379/4071/3380 3382/4073/3382 3381/4072/3381 3378/4069/3378
f 3379/4071/3380 3384/4074/3383 3383/4075/3384 3382/4073/3382
f 3385/4076/3385 3245/3911/3246 3381/4072/3381 3382/4073/3382
f 3383/4075/3384 3386/4077/3386 3385/4076/3385 3382/4073/3382
f 3383/4075/3384 3388/4078/3387 3387/4079/3388 3386/4077/3386
f 3389/4080/3389 3242/3908/3243 3385/4076/3385 3386/4077/3386
f 3387/4079/3388 3390/4081/3390 3389/4080/3389 3386/4077/3386
f 3387/4079/3388 3392/4082/3391 3391/4083/3392 3390/4081/3390
f 3393/4084/3393 3239/3905/3240 3389/4080/3389 3390/4081/3390
f 3391/4083/3392 3394/4085/3394 3393/4084/3393 3390/4081/3390
f 3391/4083/3392 3224/4086/3225 3225/4087/3224 3394/4085/3394
f 3395/4088/3395 3236/3899/3237 3393/4084/3393 3394/4085/3394
f 3225/3884/3224 3226/3889/3227 3395/4089/3395 3394/4090/3394
f 3231/3894/3232 3233/3896/3234 3236/4091/3237 3395/4089/3395
f 3226/3889/3227 3228/3891/3229 3231/3894/3232 3395/4089/3395
f 3236/3899/3237 3237/3898/3236 3239/3905/3240 3393/4084/3393
f 3396/4092/3396 2649/4093/2641 2650/4094/2643 3392/4082/3391
f 3387/4079/3388 3388/4078/3387 3396/4092/3396 3392/4082/3391
f 2650/4094/2643 3224/4086/3225 3391/4083/3392 3392/4082/3391
f 3397/4095/3397 2648/3185/2642 2649/3184/2641 3396/4096/3396
f 3388/4078/3387 3398/4097/3398 3397/4098/3397 3396/4092/3396
f 3400/4099/3399 3399/4100/3400 3397/4098/3397 3398/4097/3398
f 3384/4074/3383 3401/4101/3401 3400/4099/3399 3398/4097/3398
f 3388/4078/3387 3383/4075/3384 3384/4074/3383 3398/4097/3398
f 3403/4102/3402 3402/4103/3403 3400/4099/3399 3401/4101/3401
f 3380/4070/3379 3404/4104/3404 3403/4102/3402 3401/4101/3401
f 3384/4074/3383 3379/4071/3380 3380/4070/3379 3401/4101/3401
f 3406/4105/3405 3405/4106/3406 3403/4107/3402 3404/4108/3404
f 3376/4109/3375 3407/4110/3407 3406/4105/3405 3404/4108/3404
f 3380/4070/3379 3375/4067/3376 3376/4066/3375 3404/4104/3404
f 3409/4111/3408 3408/4112/3409 3406/4105/3405 3407/4110/3407
f 3372/4059/3371 3410/4113/3410 3409/4111/3408 3407/4110/3407
f 3376/4109/3375 3371/4060/3372 3372/4059/3371 3407/4110/3407
f 3412/4114/3411 3411/4115/3412 3409/4111/3408 3410/4113/3410
f 3368/4054/3367 3413/4116/3413 3412/4114/3411 3410/4113/3410
f 3372/4059/3371 3367/4055/3368 3368/4054/3367 3410/4113/3410
f 3415/4117/3414 3414/4118/3415 3412/4114/3411 3413/4116/3413
f 3364/4050/3363 3416/4119/3416 3415/4117/3414 3413/4116/3413
f 3368/4054/3367 3363/4051/3364 3364/4050/3363 3413/4116/3413
f 3418/4120/3417 3417/4121/3418 3415/4117/3414 3416/4119/3416
f 3360/4046/3359 3419/4122/3419 3418/4120/3417 3416/4119/3416
f 3364/4050/3363 3359/4047/3360 3360/4046/3359 3416/4119/3416
f 3421/4123/3420 3420/4124/3421 3418/4120/3417 3419/4122/3419
f 3356/4042/3355 3422/4125/3422 3421/4123/3420 3419/4122/3419
f 3360/4046/3359 3355/4043/3356 3356/4042/3355 3419/4122/3419
f 3424/4126/3423 3423/4127/3424 3421/4123/3420 3422/4125/3422
f 3352/4038/3351 3425/4128/3425 3424/4126/3423 3422/4125/3422
f 3356/4042/3355 3351/4039/3352 3352/4038/3351 3422/4125/3422
f 3427/4129/3426 3426/4130/3427 3424/4131/3423 3425/4132/3425
f 3348/4133/3347 3428/4134/3428 3427/4129/3426 3425/4132/3425
f 3352/4038/3351 3347/4035/3348 3348/4034/3347 3425/4128/3425
f 3430/4135/3429 3429/4136/3430 3427/4129/3426 3428/4134/3428
f 3344/4027/3343 3431/4137/3431 3430/4135/3429 3428/4134/3428
f 3348/4133/3347 3343/4028/3344 3344/4027/3343 3428/4134/3428
f 3433/4138/3432 3432/4139/3433 3430/4135/3429 3431/4137/3431
f 3340/4022/3339 3434/4140/3434 3433/4138/3432 3431/4137/3431
f 3344/4027/3343 3339/4023/3340 3340/4022/3339 3431/4137/3431
f 3436/4141/3435 3435/4142/3436 3433/4138/3432 3434/4140/3434
f 3336/4018/3335 3437/4143/3437 3436/4141/3435 3434/4140/3434
f 3340/4022/3339 3335/4019/3336 3336/4018/3335 3434/4140/3434
f 3439/4144/3438 3438/4145/3439 3436/4141/3435 3437/4143/3437
f 3332/4014/3331 3440/4146/3440 3439/4144/3438 3437/4143/3437
f 3336/4018/3335 3331/4015/3332 3332/4014/3331 3437/4143/3437
f 3442/4147/3441 3441/4148/3442 3439/4149/3438 3440/4150/3440
f 3329/4151/3328 3443/4152/3443 3442/4147/3441 3440/4150/3440
f 3332/4014/3331 3328/4012/3329 3329/4011/3328 3440/4146/3440
f 3445/4153/3444 3444/4154/3445 3442/4147/3441 3443/4152/3443
f 3326/4006/3325 3446/4155/3446 3445/4153/3444 3443/4152/3443
f 3329/4151/3328 3325/4007/3326 3326/4006/3325 3443/4152/3443
f 3448/4156/3447 3447/4157/3448 3445/4153/3444 3446/4155/3446
f 3323/4001/3322 3449/4158/3449 3448/4156/3447 3446/4155/3446
f 3326/4006/3325 3322/4002/3323 3323/4001/3322 3446/4155/3446
f 3451/4159/3450 3450/4160/3451 3448/4156/3447 3449/4158/3449
f 3319/3994/3318 3452/4161/3452 3451/4159/3450 3449/4158/3449
f 3323/4001/3322 3318/3995/3319 3319/3994/3318 3449/4158/3449
f 3454/4162/3453 3453/4163/3454 3451/4159/3450 3452/4161/3452
f 3315/3989/3314 3455/4164/3455 3454/4162/3453 3452/4161/3452
f 3319/3994/3318 3314/3990/3315 3315/3989/3314 3452/4161/3452
f 3457/4165/3456 3456/4166/3457 3454/4162/3453 3455/4164/3455
f 3310/4167/3309 3458/4168/3458 3457/4169/3456 3455/4170/3455
f 3315/3989/3314 3309/3985/3310 3310/3984/3309 3455/4164/3455
f 3460/4171/3459 3459/4172/3460 3457/4165/3456 3458/4173/3458
f 3306/3976/3305 3461/4174/3461 3460/4175/3459 3458/4168/3458
f 3310/4167/3309 3305/3977/3306 3306/3976/3305 3458/4168/3458
f 3463/4176/3462 3462/4177/3463 3460/4175/3459 3461/4174/3461
f 3303/3973/3302 3464/4178/3464 3463/4176/3462 3461/4174/3461
f 3306/4179/3305 3302/4180/3303 3303/4181/3302 3461/4182/3461
f 3466/4183/3465 3465/4184/3466 3463/4176/3462 3464/4178/3464
f 2543/1108/927 915/1107/926 3466/4183/3465 3464/4178/3464
f 3303/3973/3302 2540/901/760 2543/1108/927 3464/4178/3464
f 2544/1110/929 3467/4185/3467 3466/4183/3465 915/1107/926
f 3469/4186/3468 3468/4187/3469 919/1112/931 920/1111/930
f 493/587/501 3049/3670/3050 3469/4186/3468 920/1111/930
f 3471/4188/3470 3470/4189/3471 3468/4187/3469 3469/4186/3468
f 3049/3670/3050 3051/3672/3052 3471/4188/3470 3469/4186/3468
f 3473/4190/3472 3472/4191/3473 3470/4189/3471 3471/4188/3470
f 3051/3672/3052 3053/3674/3054 3473/4190/3472 3471/4188/3470
f 3475/4192/3474 3474/4193/3475 3472/4191/3473 3473/4190/3472
f 3053/3674/3054 3055/3676/3056 3475/4192/3474 3473/4190/3472
f 3477/4194/3476 3476/4195/3477 3474/4193/3475 3475/4192/3474
f 3055/3676/3056 3478/4196/3478 3477/4194/3476 3475/4192/3474
f 3480/4197/3479 3479/4198/3480 3477/4194/3476 3478/4196/3478
f 3058/3679/3059 3481/4199/3481 3480/4197/3479 3478/4196/3478
f 3055/3676/3056 3056/3675/3055 3058/3679/3059 3478/4196/3478
f 3483/4200/3482 3482/4201/3483 3480/4202/3479 3481/4203/3481
f 3061/3685/3062 3063/3684/3064 3483/4200/3482 3481/4203/3481
f 3058/3679/3059 3059/3678/3058 3061/3682/3062 3481/4199/3481
f 3485/4204/3484 3484/4205/3485 3482/4201/3483 3483/4200/3482
f 3063/3684/3064 3486/4206/3486 3485/4204/3484 3483/4200/3482
f 3488/4207/3487 3487/4208/3488 3485/4204/3484 3486/4206/3486
f 3066/3690/3067 3489/4209/3489 3488/4207/3487 3486/4206/3486
f 3063/3684/3064 3064/3683/3063 3066/3690/3067 3486/4206/3486
f 3491/4210/3490 3490/4211/3491 3488/4207/3487 3489/4209/3489
f 3069/3693/3070 3492/4212/3492 3491/4210/3490 3489/4209/3489
f 3066/3690/3067 3067/3689/3066 3069/3693/3070 3489/4209/3489
f 3494/4213/3493 3493/4214/3494 3491/4210/3490 3492/4212/3492
f 3072/3696/3073 3495/4215/3495 3494/4213/3493 3492/4212/3492
f 3069/3693/3070 3070/3692/3069 3072/3696/3073 3492/4212/3492
f 3497/4216/3496 3496/4217/3497 3494/4213/3493 3495/4215/3495
f 3499/4218/3498 3498/4219/3499 3497/4216/3496 3495/4215/3495
f 3072/3696/3073 3073/3695/3072 3499/4218/3498 3495/4215/3495
f 3501/4220/3500 3500/4221/3501 3498/4219/3499 3499/4218/3498
f 3073/3695/3072 3074/3698/3075 3501/4220/3500 3499/4218/3498
f 3503/4222/3502 3502/4223/3503 3500/4221/3501 3501/4220/3500
f 3074/3698/3075 3076/3700/3077 3503/4222/3502 3501/4220/3500
f 3505/4224/3504 3504/4225/3505 3502/4223/3503 3503/4222/3502
f 3076/3700/3077 3078/3702/3079 3505/4224/3504 3503/4222/3502
f 3507/4226/3506 3506/4227/3507 3504/4225/3505 3505/4224/3504
f 3078/3702/3079 3080/3704/3081 3507/4226/3506 3505/4224/3504
f 3509/4228/3508 3508/4229/3509 3506/4227/3507 3507/4226/3506
f 3080/3704/3081 3082/3706/3083 3509/4228/3508 3507/4226/3506
f 3511/4230/3510 3510/4231/3511 3508/4232/3509 3509/4233/3508
f 3082/4234/3083 3084/4235/3085 3511/4230/3510 3509/4233/3508
f 3513/4236/3512 3512/4237/3513 3510/4231/3511 3511/4230/3510
f 3084/4235/3085 3086/4238/3087 3513/4236/3512 3511/4230/3510
f 3515/4239/3514 3514/4240/3515 3512/4237/3513 3513/4236/3512
f 3086/4238/3087 3516/4241/3516 3515/4239/3514 3513/4236/3512
f 3518/4242/3517 3517/4243/3518 3515/4239/3514 3516/4241/3516
f 3089/3715/3090 3519/4244/3519 3518/4245/3517 3516/4246/3516
f 3086/3712/3087 3087/3711/3086 3089/3715/3090 3516/4246/3516
f 3521/4247/3520 3520/4248/3521 3518/4245/3517 3519/4244/3519
f 3092/3718/3093 3522/4249/3522 3521/4247/3520 3519/4244/3519
f 3089/3715/3090 3090/3714/3089 3092/3718/3093 3519/4244/3519
f 3524/4250/3523 3523/4251/3524 3521/4247/3520 3522/4249/3522
f 3095/3721/3096 3525/4252/3525 3524/4250/3523 3522/4249/3522
f 3092/3718/3093 3093/3717/3092 3095/3721/3096 3522/4249/3522
f 3527/4253/3526 3526/4254/3527 3524/4250/3523 3525/4252/3525
f 3529/4255/3528 3528/4256/3529 3527/4253/3526 3525/4252/3525
f 3095/3721/3096 3096/3720/3095 3529/4255/3528 3525/4252/3525
f 3531/4257/3530 3530/4258/3531 3528/4256/3529 3529/4255/3528
f 3096/3720/3095 3097/3723/3098 3531/4257/3530 3529/4255/3528
f 3533/4259/3532 3532/4260/3533 3530/4258/3531 3531/4257/3530
f 3097/3723/3098 3099/4261/3100 3533/4259/3532 3531/4257/3530
f 3535/4262/3534 3534/4263/3535 3532/4264/3533 3533/4265/3532
f 3099/3725/3100 3101/3729/3102 3535/4262/3534 3533/4265/3532
f 3537/4266/3536 3536/4267/3537 3534/4263/3535 3535/4262/3534
f 3101/3729/3102 3103/3731/3104 3537/4266/3536 3535/4262/3534
f 3539/4268/3538 3538/4269/3539 3536/4267/3537 3537/4266/3536
f 3103/3731/3104 3105/3733/3106 3539/4268/3538 3537/4266/3536
f 3541/4270/3540 3540/4271/3541 3538/4269/3539 3539/4268/3538
f 3105/3733/3106 3107/3735/3108 3541/4270/3540 3539/4268/3538
f 3543/4272/3542 3542/4273/3543 3540/4271/3541 3541/4270/3540
f 3107/3735/3108 3109/4274/3110 3543/4272/3542 3541/4270/3540
f 3545/4275/3544 3544/4276/3545 3542/4277/3543 3543/4278/3542
f 3109/3737/3110 3546/4279/3546 3545/4275/3544 3543/4278/3542
f 3109/3737/3110 3110/3736/3109 3112/3745/3113 3546/4279/3546
f 3548/4280/3547 3547/4281/3548 3545/4275/3544 3546/4279/3546
f 3112/3745/3113 3549/4282/3549 3548/4280/3547 3546/4279/3546
f 3112/3745/3113 3113/3744/3112 3115/3748/3116 3549/4282/3549
f 2682/3227/2681 2683/3226/2680 3548/4280/3547 3549/4282/3549
f 3115/3748/3116 2684/3229/2682 2682/3227/2681 3549/4282/3549
f 2683/3226/2680 3550/4283/3550 3547/4281/3548 3548/4280/3547
f 3552/4284/3551 3551/4285/3552 3547/4281/3548 3550/4283/3550
f 3554/4286/3553 3553/4287/3554 3552/4284/3551 3550/4283/3550
f 2683/3226/2680 2678/3225/2678 3554/4286/3553 3550/4283/3550
f 3556/4288/3555 3555/4289/3556 3553/4287/3554 3554/4286/3553
f 2678/3225/2678 2679/4290/2677 3556/4288/3555 3554/4286/3553
f 3558/4291/3557 3557/4292/3558 3555/4293/3556 3556/4294/3555
f 2679/3220/2677 3559/4295/3559 3558/4291/3557 3556/4294/3555
f 2679/3220/2677 2680/3219/2676 3560/4296/3560 3559/4295/3559
f 3562/4297/3561 3561/4298/3562 3558/4291/3557 3559/4295/3559
f 3560/4296/3560 3563/4299/3563 3562/4297/3561 3559/4295/3559
f 3560/4296/3560 3565/4300/3564 3564/4301/3565 3563/4299/3563
f 3567/4302/3566 3566/4303/3567 3562/4297/3561 3563/4299/3563
f 3564/4301/3565 3568/4304/3568 3567/4302/3566 3563/4299/3563
f 3564/4301/3565 3570/4305/3569 3569/4306/3570 3568/4304/3568
f 3572/4307/3571 3571/4308/3572 3567/4302/3566 3568/4304/3568
f 3569/4306/3570 3573/4309/3573 3572/4307/3571 3568/4304/3568
f 3569/4310/3570 3575/4311/3574 3574/4312/3575 3573/4313/3573
f 3577/4314/3576 3576/4315/3577 3572/4307/3571 3573/4309/3573
f 3574/4312/3575 3578/4316/3578 3577/4317/3576 3573/4313/3573
f 3574/4312/3575 3580/4318/3579 3579/4319/3580 3578/4316/3578
f 3582/4320/3581 3581/4321/3582 3577/4317/3576 3578/4316/3578
f 3579/4319/3580 3583/4322/3583 3582/4320/3581 3578/4316/3578
f 3579/4319/3580 3585/4323/3584 3584/4324/3585 3583/4322/3583
f 3587/4325/3586 3586/4326/3587 3582/4320/3581 3583/4322/3583
f 3584/4324/3585 3588/4327/3588 3587/4325/3586 3583/4322/3583
f 3584/4324/3585 3590/4328/3589 3589/4329/3590 3588/4327/3588
f 3592/4330/3591 3591/4331/3592 3587/4325/3586 3588/4327/3588
f 3589/4329/3590 3593/4332/3593 3592/4330/3591 3588/4327/3588
f 3589/4329/3590 3595/4333/3594 3594/4334/3595 3593/4332/3593
f 3597/4335/3596 3596/4336/3597 3592/4337/3591 3593/4338/3593
f 3594/4339/3595 3598/4340/3598 3597/4335/3596 3593/4338/3593
f 3594/4339/3595 3600/4341/3599 3599/4342/3600 3598/4340/3598
f 3602/4343/3601 3601/4344/3602 3597/4335/3596 3598/4340/3598
f 3599/4342/3600 3603/4345/3603 3602/4343/3601 3598/4340/3598
f 3599/4342/3600 3605/4346/3604 3604/4347/3605 3603/4345/3603
f 3607/4348/3606 3606/4349/3607 3602/4343/3601 3603/4345/3603
f 3604/4347/3605 3608/4350/3608 3607/4348/3606 3603/4345/3603
f 3604/4347/3605 3610/4351/3609 3609/4352/3610 3608/4350/3608
f 3612/4353/3611 3611/4354/3612 3607/4348/3606 3608/4350/3608
f 3609/4352/3610 3613/4355/3613 3612/4353/3611 3608/4350/3608
f 3609/4352/3610 3615/4356/3614 3614/4357/3615 3613/4355/3613
f 3617/4358/3616 3616/4359/3617 3612/4353/3611 3613/4355/3613
f 3614/4357/3615 3618/4360/3618 3617/4358/3616 3613/4355/3613
f 3614/4357/3615 3620/4361/3619 3619/4362/3620 3618/4360/3618
f 3622/4363/3621 3621/4364/3622 3617/4358/3616 3618/4360/3618
f 3619/4362/3620 3623/4365/3623 3622/4363/3621 3618/4360/3618
f 3619/4362/3620 3625/4366/3624 3624/4367/3625 3623/4365/3623
f 3627/4368/3626 3626/4369/3627 3622/4363/3621 3623/4365/3623
f 3624/4367/3625 3628/4370/3628 3627/4368/3626 3623/4365/3623
f 3624/4367/3625 3630/4371/3629 3629/4372/3630 3628/4370/3628
f 3632/4373/3631 3631/4374/3632 3627/4368/3626 3628/4370/3628
f 3629/4372/3630 3633/4375/3633 3632/4373/3631 3628/4370/3628
f 3629/4372/3630 3635/4376/3634 3634/4377/3635 3633/4375/3633
f 3637/4378/3636 3636/4379/3637 3632/4373/3631 3633/4375/3633
f 3634/4377/3635 3638/4380/3638 3637/4378/3636 3633/4375/3633
f 3634/4377/3635 3640/4381/3639 3639/4382/3640 3638/4380/3638
f 3642/4383/3641 3641/4384/3642 3637/4378/3636 3638/4380/3638
f 3639/4382/3640 3643/4385/3643 3642/4383/3641 3638/4380/3638
f 3639/4382/3640 3645/4386/3644 3644/4387/3645 3643/4385/3643
f 3647/4388/3646 3646/4389/3647 3642/4390/3641 3643/4391/3643
f 3644/4387/3645 3648/4392/3648 3647/4393/3646 3643/4385/3643
f 3644/4387/3645 3650/4394/3649 3649/4395/3650 3648/4392/3648
f 3652/4396/3651 3651/4397/3652 3647/4388/3646 3648/4398/3648
f 3649/4399/3650 3653/4400/3653 3652/4396/3651 3648/4398/3648
f 3649/4399/3650 3655/4401/3654 3654/4402/3655 3653/4400/3653
f 3657/4403/3656 3656/4404/3657 3652/4396/3651 3653/4400/3653
f 3654/4402/3655 3658/4405/3658 3657/4403/3656 3653/4400/3653
f 3654/4402/3655 3660/4406/3659 3659/4407/3660 3658/4405/3658
f 3662/4408/3661 3661/4409/3662 3657/4403/3656 3658/4405/3658
f 3659/4407/3660 3663/4410/3663 3662/4408/3661 3658/4405/3658
f 3659/4407/3660 3665/4411/3664 3664/4412/3665 3663/4410/3663
f 3667/4413/3666 3666/4414/3667 3662/4408/3661 3663/4410/3663
f 3664/4412/3665 3668/4415/3668 3667/4413/3666 3663/4410/3663
f 3664/4412/3665 3194/3844/3195 3196/3846/3197 3668/4415/3668
f 3670/4416/3669 3669/4417/3670 3667/4413/3666 3668/4415/3668
f 3196/3846/3197 3671/4418/3671 3670/4416/3669 3668/4415/3668
f 3196/3846/3197 3197/3845/3196 3200/3850/3201 3671/4418/3671
f 3673/4419/3672 3672/4420/3673 3670/4416/3669 3671/4418/3671
f 3200/3850/3201 3674/4421/3674 3673/4419/3672 3671/4418/3671
f 3200/3850/3201 3201/3849/3200 3203/3853/3204 3674/4421/3674
f 3676/4422/3675 3675/4423/3676 3673/4419/3672 3674/4421/3674
f 3203/3853/3204 3205/4424/3206 3676/4422/3675 3674/4421/3674
f 3678/4425/3677 3677/4426/3678 3675/4427/3676 3676/4428/3675
f 3205/3855/3206 3207/3861/3208 3678/4425/3677 3676/4428/3675
f 3680/4429/3679 3679/4430/3680 3677/4426/3678 3678/4425/3677
f 3207/3861/3208 3681/4431/3681 3680/4429/3679 3678/4425/3677
f 3683/4432/3682 3682/4433/3683 3680/4429/3679 3681/4431/3681
f 3210/3865/3211 3684/4434/3684 3683/4432/3682 3681/4431/3681
f 3207/3861/3208 3208/3860/3207 3210/3865/3211 3681/4431/3681
f 3685/4435/3685 2670/3209/2666 3683/4432/3682 3684/4434/3684
f 3213/3870/3214 3686/4436/3686 3685/4435/3685 3684/4434/3684
f 3210/3865/3211 3211/3864/3210 3213/3870/3214 3684/4434/3684
f 3688/4437/3687 3687/4438/3688 3685/4435/3685 3686/4436/3686
f 3690/4439/3689 3689/4440/3690 3688/4437/3687 3686/4436/3686
f 3213/3870/3214 3214/3869/3213 3690/4439/3689 3686/4436/3686
f 3692/4441/3691 3691/4442/3692 3689/4440/3690 3690/4439/3689
f 3214/3869/3213 3215/3873/3216 3692/4441/3691 3690/4439/3689
f 3694/4443/3693 3693/4444/3694 3691/4445/3692 3692/4446/3691
f 3215/3877/3216 3217/3876/3218 3694/4443/3693 3692/4446/3691
f 3695/4447/3695 3399/4448/3400 3693/4444/3694 3694/4443/3693
f 3217/3876/3218 3219/3879/3220 3695/4447/3695 3694/4443/3693
f 2648/3185/2642 3397/4095/3397 3399/4448/3400 3695/4447/3695
f 3219/3879/3220 2647/3180/2637 2648/3185/2642 3695/4447/3695
f 3402/4449/3403 3696/4450/3696 3691/4451/3692 3693/4452/3694
f 3399/4100/3400 3400/4099/3399 3402/4103/3403 3693/4453/3694
f 3697/4454/3697 3689/4455/3690 3691/4451/3692 3696/4450/3696
f 3405/4106/3406 3698/4456/3698 3697/4454/3697 3696/4450/3696
f 3402/4449/3403 3403/4107/3402 3405/4106/3406 3696/4450/3696
f 3700/4457/3699 3699/4458/3700 3697/4454/3697 3698/4456/3698
f 3408/4112/3409 3701/4459/3701 3700/4457/3699 3698/4456/3698
f 3405/4106/3406 3406/4105/3405 3408/4112/3409 3698/4456/3698
f 3703/4460/3702 3702/4461/3703 3700/4457/3699 3701/4459/3701
f 3411/4115/3412 3704/4462/3704 3703/4460/3702 3701/4459/3701
f 3408/4112/3409 3409/4111/3408 3411/4115/3412 3701/4459/3701
f 3706/4463/3705 3705/4464/3706 3703/4460/3702 3704/4462/3704
f 3414/4118/3415 3707/4465/3707 3706/4463/3705 3704/4462/3704
f 3411/4115/3412 3412/4114/3411 3414/4118/3415 3704/4462/3704
f 3709/4466/3708 3708/4467/3709 3706/4463/3705 3707/4465/3707
f 3417/4121/3418 3710/4468/3710 3709/4466/3708 3707/4465/3707
f 3414/4118/3415 3415/4117/3414 3417/4121/3418 3707/4465/3707
f 3712/4469/3711 3711/4470/3712 3709/4466/3708 3710/4468/3710
f 3420/4124/3421 3713/4471/3713 3712/4469/3711 3710/4468/3710
f 3417/4121/3418 3418/4120/3417 3420/4124/3421 3710/4468/3710
f 3715/4472/3714 3714/4473/3715 3712/4474/3711 3713/4475/3713
f 3423/4476/3424 3716/4477/3716 3715/4472/3714 3713/4475/3713
f 3420/4124/3421 3421/4123/3420 3423/4127/3424 3713/4471/3713
f 3718/4478/3717 3717/4479/3718 3715/4472/3714 3716/4477/3716
f 3426/4130/3427 3719/4480/3719 3718/4478/3717 3716/4477/3716
f 3423/4476/3424 3424/4131/3423 3426/4130/3427 3716/4477/3716
f 3721/4481/3720 3720/4482/3721 3718/4478/3717 3719/4480/3719
f 3429/4136/3430 3722/4483/3722 3721/4481/3720 3719/4480/3719
f 3426/4130/3427 3427/4129/3426 3429/4136/3430 3719/4480/3719
f 3724/4484/3723 3723/4485/3724 3721/4481/3720 3722/4483/3722
f 3432/4139/3433 3725/4486/3725 3724/4484/3723 3722/4483/3722
f 3429/4136/3430 3430/4135/3429 3432/4139/3433 3722/4483/3722
f 3727/4487/3726 3726/4488/3727 3724/4484/3723 3725/4486/3725
f 3435/4142/3436 3728/4489/3728 3727/4487/3726 3725/4486/3725
f 3432/4139/3433 3433/4138/3432 3435/4142/3436 3725/4486/3725
f 3730/4490/3729 3729/4491/3730 3727/4492/3726 3728/4493/3728
f 3438/4494/3439 3731/4495/3731 3730/4490/3729 3728/4493/3728
f 3435/4142/3436 3436/4141/3435 3438/4145/3439 3728/4489/3728
f 3733/4496/3732 3732/4497/3733 3730/4490/3729 3731/4495/3731
f 3441/4148/3442 3734/4498/3734 3733/4496/3732 3731/4495/3731
f 3438/4494/3439 3439/4149/3438 3441/4148/3442 3731/4495/3731
f 3736/4499/3735 3735/4500/3736 3733/4496/3732 3734/4498/3734
f 3444/4154/3445 3737/4501/3737 3736/4499/3735 3734/4498/3734
f 3441/4148/3442 3442/4147/3441 3444/4154/3445 3734/4498/3734
f 3739/4502/3738 3738/4503/3739 3736/4499/3735 3737/4501/3737
f 3447/4157/3448 3740/4504/3740 3739/4502/3738 3737/4501/3737
f 3444/4154/3445 3445/4153/3444 3447/4157/3448 3737/4501/3737
f 3742/4505/3741 3741/4506/3742 3739/4502/3738 3740/4504/3740
f 3450/4160/3451 3743/4507/3743 3742/4505/3741 3740/4504/3740
f 3447/4157/3448 3448/4156/3447 3450/4160/3451 3740/4504/3740
f 3745/4508/3744 3744/4509/3745 3742/4505/3741 3743/4507/3743
f 3453/4163/3454 3746/4510/3746 3745/4508/3744 3743/4507/3743
f 3450/4160/3451 3451/4159/3450 3453/4163/3454 3743/4507/3743
f 3748/4511/3747 3747/4512/3748 3745/4508/3744 3746/4510/3746
f 3456/4166/3457 3749/4513/3749 3748/4511/3747 3746/4510/3746
f 3453/4163/3454 3454/4162/3453 3456/4166/3457 3746/4510/3746
f 3751/4514/3750 3750/4515/3751 3748/4516/3747 3749/4517/3749
f 3459/4518/3460 3752/4519/3752 3751/4514/3750 3749/4517/3749
f 3456/4166/3457 3457/4165/3456 3459/4172/3460 3749/4513/3749
f 3754/4520/3753 3753/4521/3754 3751/4514/3750 3752/4519/3752
f 3462/4177/3463 3755/4522/3755 3754/4520/3753 3752/4519/3752
f 3459/4518/3460 3460/4175/3459 3462/4177/3463 3752/4519/3752
f 3757/4523/3756 3756/4524/3757 3754/4520/3753 3755/4522/3755
f 3465/4184/3466 3758/4525/3758 3757/4523/3756 3755/4522/3755
f 3462/4177/3463 3463/4176/3462 3465/4184/3466 3755/4522/3755
f 2604/3133/2590 2605/3132/2589 3757/4523/3756 3758/4525/3758
f 3467/4185/3467 3759/4526/3759 2604/3133/2590 3758/4525/3758
f 3465/4184/3466 3466/4183/3465 3467/4185/3467 3758/4525/3758
f 3760/4527/3760 2603/3134/2591 2604/3133/2590 3759/4526/3759
f 2546/1462/1226 2545/1461/1225 3760/4527/3760 3759/4526/3759
f 3467/4185/3467 2544/1110/929 2546/1462/1226 3759/4526/3759
f 3761/4528/3761 2607/3136/2593 2603/3134/2591 3760/4527/3760
f 2545/1461/1225 917/1464/1228 3761/4528/3761 3760/4527/3760
f 3763/4529/3762 3762/4530/3763 2607/3136/2593 3761/4528/3761
f 917/1464/1228 918/1467/1231 3763/4529/3762 3761/4528/3761
f 3765/4531/3764 3764/4532/3765 3762/4530/3763 3763/4529/3762
f 918/1467/1231 1219/1470/1234 3765/4531/3764 3763/4529/3762
f 1221/1472/1236 3766/4533/3766 3765/4531/3764 1219/1470/1234
f 3768/4534/3767 3767/4535/3768 2547/1474/1238 1224/1473/1237
f 919/1112/931 3468/4187/3469 3768/4534/3767 1224/1473/1237
f 3770/4536/3769 3769/4537/3770 3767/4535/3768 3768/4534/3767
f 3468/4187/3469 3470/4189/3471 3770/4536/3769 3768/4534/3767
f 3772/4538/3771 3771/4539/3772 3769/4537/3770 3770/4536/3769
f 3470/4189/3471 3472/4191/3473 3772/4538/3771 3770/4536/3769
f 3774/4540/3773 3773/4541/3774 3771/4539/3772 3772/4538/3771
f 3472/4191/3473 3474/4193/3475 3774/4540/3773 3772/4538/3771
f 3776/4542/3775 3775/4543/3776 3773/4541/3774 3774/4540/3773
f 3474/4193/3475 3476/4195/3477 3776/4542/3775 3774/4540/3773
f 3778/4544/3777 3777/4545/3778 3775/4543/3776 3776/4542/3775
f 3476/4195/3477 3779/4546/3779 3778/4544/3777 3776/4542/3775
f 3781/4547/3780 3780/4548/3781 3778/4549/3777 3779/4550/3779
f 3479/4551/3480 3782/4552/3782 3781/4547/3780 3779/4550/3779
f 3476/4195/3477 3477/4194/3476 3479/4198/3480 3779/4546/3779
f 3784/4553/3783 3783/4554/3784 3781/4547/3780 3782/4552/3782
f 3482/4201/3483 3484/4205/3485 3784/4553/3783 3782/4552/3782
f 3479/4551/3480 3480/4202/3479 3482/4201/3483 3782/4552/3782
f 3786/4555/3785 3785/4556/3786 3783/4554/3784 3784/4553/3783
f 3484/4205/3485 3787/4557/3787 3786/4555/3785 3784/4553/3783
f 3789/4558/3788 3788/4559/3789 3786/4555/3785 3787/4557/3787
f 3487/4208/3488 3790/4560/3790 3789/4558/3788 3787/4557/3787
f 3484/4205/3485 3485/4204/3484 3487/4208/3488 3787/4557/3787
f 3792/4561/3791 3791/4562/3792 3789/4558/3788 3790/4560/3790
f 3490/4211/3491 3793/4563/3793 3792/4561/3791 3790/4560/3790
f 3487/4208/3488 3488/4207/3487 3490/4211/3491 3790/4560/3790
f 3795/4564/3794 3794/4565/3795 3792/4561/3791 3793/4563/3793
f 3493/4214/3494 3796/4566/3796 3795/4564/3794 3793/4563/3793
f 3490/4211/3491 3491/4210/3490 3493/4214/3494 3793/4563/3793
f 3798/4567/3797 3797/4568/3798 3795/4564/3794 3796/4566/3796
f 3496/4217/3497 3799/4569/3799 3798/4567/3797 3796/4566/3796
f 3493/4214/3494 3494/4213/3493 3496/4217/3497 3796/4566/3796
f 3801/4570/3800 3800/4571/3801 3798/4567/3797 3799/4569/3799
f 3803/4572/3802 3802/4573/3803 3801/4570/3800 3799/4569/3799
f 3496/4217/3497 3497/4216/3496 3803/4572/3802 3799/4569/3799
f 3805/4574/3804 3804/4575/3805 3802/4573/3803 3803/4572/3802
f 3497/4216/3496 3498/4219/3499 3805/4574/3804 3803/4572/3802
f 3807/4576/3806 3806/4577/3807 3804/4575/3805 3805/4574/3804
f 3498/4219/3499 3500/4221/3501 3807/4576/3806 3805/4574/3804
f 3809/4578/3808 3808/4579/3809 3806/4577/3807 3807/4576/3806
f 3500/4221/3501 3502/4223/3503 3809/4578/3808 3807/4576/3806
f 3811/4580/3810 3810/4581/3811 3808/4579/3809 3809/4578/3808
f 3502/4223/3503 3504/4225/3505 3811/4580/3810 3809/4578/3808
f 3813/4582/3812 3812/4583/3813 3810/4581/3811 3811/4580/3810
f 3504/4225/3505 3506/4227/3507 3813/4582/3812 3811/4580/3810
f 3815/4584/3814 3814/4585/3815 3812/4583/3813 3813/4582/3812
f 3506/4227/3507 3508/4229/3509 3815/4584/3814 3813/4582/3812
f 3817/4586/3816 3816/4587/3817 3814/4588/3815 3815/4589/3814
f 3508/4232/3509 3510/4231/3511 3817/4586/3816 3815/4589/3814
f 3819/4590/3818 3818/4591/3819 3816/4587/3817 3817/4586/3816
f 3510/4231/3511 3512/4237/3513 3819/4590/3818 3817/4586/3816
f 3821/4592/3820 3820/4593/3821 3818/4591/3819 3819/4590/3818
f 3512/4237/3513 3514/4240/3515 3821/4592/3820 3819/4590/3818
f 3823/4594/3822 3822/4595/3823 3820/4593/3821 3821/4592/3820
f 3514/4240/3515 3824/4596/3824 3823/4594/3822 3821/4592/3820
f 3826/4597/3825 3825/4598/3826 3823/4594/3822 3824/4596/3824
f 3517/4243/3518 3827/4599/3827 3826/4597/3825 3824/4596/3824
f 3514/4240/3515 3515/4239/3514 3517/4243/3518 3824/4596/3824
f 3829/4600/3828 3828/4601/3829 3826/4597/3825 3827/4599/3827
f 3520/4602/3521 3830/4603/3830 3829/4600/3828 3827/4599/3827
f 3517/4243/3518 3518/4242/3517 3520/4602/3521 3827/4599/3827
f 3832/4604/3831 3831/4605/3832 3829/4600/3828 3830/4603/3830
f 3523/4251/3524 3833/4606/3833 3832/4607/3831 3830/4608/3830
f 3520/4248/3521 3521/4247/3520 3523/4251/3524 3830/4608/3830
f 3835/4609/3834 3834/4610/3835 3832/4607/3831 3833/4606/3833
f 3526/4254/3527 3836/4611/3836 3835/4609/3834 3833/4606/3833
f 3523/4251/3524 3524/4250/3523 3526/4254/3527 3833/4606/3833
f 3838/4612/3837 3837/4613/3838 3835/4609/3834 3836/4611/3836
f 3840/4614/3839 3839/4615/3840 3838/4612/3837 3836/4611/3836
f 3526/4254/3527 3527/4253/3526 3840/4614/3839 3836/4611/3836
f 3842/4616/3841 3841/4617/3842 3839/4615/3840 3840/4614/3839
f 3527/4253/3526 3528/4256/3529 3842/4616/3841 3840/4614/3839
f 3844/4618/3843 3843/4619/3844 3841/4617/3842 3842/4616/3841
f 3528/4256/3529 3530/4258/3531 3844/4618/3843 3842/4616/3841
f 3846/4620/3845 3845/4621/3846 3843/4619/3844 3844/4618/3843
f 3530/4258/3531 3532/4260/3533 3846/4620/3845 3844/4618/3843
f 3848/4622/3847 3847/4623/3848 3845/4624/3846 3846/4625/3845
f 3532/4264/3533 3534/4263/3535 3848/4622/3847 3846/4625/3845
f 3850/4626/3849 3849/4627/3850 3847/4623/3848 3848/4622/3847
f 3534/4263/3535 3536/4267/3537 3850/4626/3849 3848/4622/3847
f 3852/4628/3851 3851/4629/3852 3849/4627/3850 3850/4626/3849
f 3536/4267/3537 3538/4269/3539 3852/4628/3851 3850/4626/3849
f 3854/4630/3853 3853/4631/3854 3851/4629/3852 3852/4628/3851
f 3538/4269/3539 3540/4271/3541 3854/4630/3853 3852/4628/3851
f 3856/4632/3855 3855/4633/3856 3853/4631/3854 3854/4630/3853
f 3540/4634/3541 3542/4277/3543 3856/4635/3855 3854/4636/3853
f 3858/4637/3857 3857/4638/3858 3855/4639/3856 3856/4635/3855
f 3542/4277/3543 3544/4276/3545 3858/4637/3857 3856/4635/3855
f 3860/4640/3859 3859/4641/3860 3857/4638/3858 3858/4637/3857
f 3544/4276/3545 3551/4285/3552 3860/4640/3859 3858/4637/3857
f 3862/4642/3861 3861/4643/3862 3859/4641/3860 3860/4640/3859
f 3551/4285/3552 3552/4284/3551 3862/4642/3861 3860/4640/3859
f 3864/4644/3863 3863/4645/3864 3861/4643/3862 3862/4642/3861
f 3552/4284/3551 3553/4287/3554 3864/4644/3863 3862/4642/3861
f 3866/4646/3865 3865/4647/3866 3863/4648/3864 3864/4649/3863
f 3553/4650/3554 3555/4293/3556 3866/4646/3865 3864/4649/3863
f 3868/4651/3867 3867/4652/3868 3865/4647/3866 3866/4646/3865
f 3555/4293/3556 3557/4292/3558 3868/4651/3867 3866/4646/3865
f 3870/4653/3869 3869/4654/3870 3867/4652/3868 3868/4651/3867
f 3557/4292/3558 3871/4655/3871 3870/4653/3869 3868/4651/3867
f 3557/4292/3558 3558/4291/3557 3561/4298/3562 3871/4655/3871
f 3873/4656/3872 3872/4657/3873 3870/4653/3869 3871/4655/3871
f 3561/4298/3562 3874/4658/3874 3873/4656/3872 3871/4655/3871
f 3561/4298/3562 3562/4297/3561 3566/4303/3567 3874/4658/3874
f 3876/4659/3875 3875/4660/3876 3873/4656/3872 3874/4658/3874
f 3566/4303/3567 3877/4661/3877 3876/4659/3875 3874/4658/3874
f 3566/4303/3567 3567/4302/3566 3571/4308/3572 3877/4661/3877
f 3879/4662/3878 3878/4663/3879 3876/4659/3875 3877/4661/3877
f 3571/4308/3572 3880/4664/3880 3879/4662/3878 3877/4661/3877
f 3571/4308/3572 3572/4307/3571 3576/4315/3577 3880/4664/3880
f 2611/4665/2600 2612/4666/2599 3879/4662/3878 3880/4664/3880
f 3576/4315/3577 2614/4667/2601 2611/4665/2600 3880/4664/3880
f 2612/4666/2599 3881/4668/3881 3878/4663/3879 3879/4662/3878
f 3883/4669/3882 3882/4670/3883 3878/4663/3879 3881/4668/3881
f 3885/4671/3884 3884/4672/3885 3883/4673/3882 3881/4674/3881
f 2612/3142/2599 2613/3141/2598 3885/4671/3884 3881/4674/3881
f 3887/4675/3886 3886/4676/3887 3884/4672/3885 3885/4671/3884
f 2613/3141/2598 3888/4677/3888 3887/4675/3886 3885/4671/3884
f 2613/3141/2598 2574/3140/2597 3889/4678/3889 3888/4677/3888
f 3891/4679/3890 3890/4680/3891 3887/4675/3886 3888/4677/3888
f 3889/4678/3889 3892/4681/3892 3891/4679/3890 3888/4677/3888
f 3889/4678/3889 3894/4682/3893 3893/4683/3894 3892/4681/3892
f 3896/4684/3895 3895/4685/3896 3891/4679/3890 3892/4681/3892
f 3893/4683/3894 3897/4686/3897 3896/4684/3895 3892/4681/3892
f 3893/4683/3894 3899/4687/3898 3898/4688/3899 3897/4686/3897
f 3901/4689/3900 3900/4690/3901 3896/4684/3895 3897/4686/3897
f 3898/4688/3899 3902/4691/3902 3901/4689/3900 3897/4686/3897
f 3898/4688/3899 3904/4692/3903 3903/4693/3904 3902/4691/3902
f 3906/4694/3905 3905/4695/3906 3901/4689/3900 3902/4691/3902
f 3903/4693/3904 3907/4696/3907 3906/4694/3905 3902/4691/3902
f 3903/4693/3904 3909/4697/3908 3908/4698/3909 3907/4696/3907
f 3911/4699/3910 3910/4700/3911 3906/4694/3905 3907/4696/3907
f 3908/4698/3909 3912/4701/3912 3911/4699/3910 3907/4696/3907
f 3908/4698/3909 3914/4702/3913 3913/4703/3914 3912/4701/3912
f 3916/4704/3915 3915/4705/3916 3911/4699/3910 3912/4701/3912
f 3913/4703/3914 2596/3123/2580 3916/4704/3915 3912/4701/3912
f 3918/4706/3917 3917/4707/3918 3915/4705/3916 3916/4704/3915
f 2596/3123/2580 2593/3122/2579 3918/4706/3917 3916/4704/3915
f 3920/4708/3919 3919/4709/3920 3917/4707/3918 3918/4706/3917
f 2593/3122/2579 2594/3121/2578 3920/4708/3919 3918/4706/3917
f 3922/4710/3921 3921/4711/3922 3919/4712/3920 3920/4713/3919
f 2594/3121/2578 3923/4714/3923 3922/4715/3921 3920/4708/3919
f 2594/3121/2578 2591/3120/2577 3924/4716/3924 3923/4714/3923
f 3812/4717/3813 3814/4588/3815 3922/4710/3921 3923/4718/3923
f 3924/4719/3924 3810/4720/3811 3812/4717/3813 3923/4718/3923
f 2591/3120/2577 2592/3119/2576 3925/4721/3925 3924/4716/3924
f 3925/4722/3925 3808/4579/3809 3810/4581/3811 3924/4723/3924
f 2592/3119/2576 3927/4724/3926 3926/4725/3927 3925/4721/3925
f 3926/4726/3927 3806/4577/3807 3808/4579/3809 3925/4722/3925
f 3930/4727/3928 3929/4728/3929 3928/4729/3930 3927/4724/3926
f 2592/3119/2576 2588/3117/2574 3930/4727/3928 3927/4724/3926
f 3928/4729/3930 3931/4730/3931 3926/4725/3927 3927/4724/3926
f 3928/4729/3930 3933/4731/3932 3932/4732/3933 3931/4730/3931
f 3804/4575/3805 3806/4577/3807 3926/4726/3927 3931/4733/3931
f 3932/4734/3933 3802/4573/3803 3804/4575/3805 3931/4733/3931
f 3936/4735/3934 3935/4736/3935 3934/4737/3936 3933/4731/3932
f 3928/4729/3930 3929/4728/3929 3936/4735/3934 3933/4731/3932
f 3934/4737/3936 3937/4738/3937 3932/4732/3933 3933/4731/3932
f 3934/4737/3936 3939/4739/3938 3938/4740/3939 3937/4738/3937
f 3801/4570/3800 3802/4573/3803 3932/4734/3933 3937/4741/3937
f 3938/4742/3939 3800/4571/3801 3801/4570/3800 3937/4741/3937
f 3942/4743/3940 3941/4744/3941 3940/4745/3942 3939/4739/3938
f 3934/4737/3936 3935/4736/3935 3942/4743/3940 3939/4739/3938
f 3940/4745/3942 3943/4746/3943 3938/4740/3939 3939/4739/3938
f 3940/4745/3942 3945/4747/3944 3944/4748/3945 3943/4746/3943
f 3946/4749/3946 3800/4571/3801 3938/4742/3939 3943/4750/3943
f 3944/4751/3945 3947/4752/3947 3946/4749/3946 3943/4750/3943
f 3944/4751/3945 3949/4753/3948 3948/4754/3949 3947/4752/3947
f 3950/4755/3950 3797/4568/3798 3946/4749/3946 3947/4752/3947
f 3948/4754/3949 3951/4756/3951 3950/4755/3950 3947/4752/3947
f 3948/4754/3949 3953/4757/3952 3952/4758/3953 3951/4756/3951
f 3954/4759/3954 3794/4565/3795 3950/4755/3950 3951/4756/3951
f 3952/4758/3953 3955/4760/3955 3954/4759/3954 3951/4756/3951
f 3952/4758/3953 3957/4761/3956 3956/4762/3957 3955/4760/3955
f 3958/4763/3958 3791/4562/3792 3954/4759/3954 3955/4760/3955
f 3956/4762/3957 3959/4764/3959 3958/4763/3958 3955/4760/3955
f 3956/4762/3957 3961/4765/3960 3960/4766/3961 3959/4764/3959
f 3962/4767/3962 3788/4559/3789 3958/4763/3958 3959/4764/3959
f 3960/4766/3961 3963/4768/3963 3962/4767/3962 3959/4764/3959
f 3960/4766/3961 3965/4769/3964 3964/4770/3965 3963/4768/3963
f 3966/4771/3966 3785/4556/3786 3962/4767/3962 3963/4768/3963
f 3964/4770/3965 3967/4772/3967 3966/4771/3966 3963/4768/3963
f 3964/4770/3965 3969/4773/3968 3968/4774/3969 3967/4772/3967
f 3971/4775/3970 3970/4776/3971 3966/4771/3966 3967/4772/3967
f 3968/4774/3969 3972/4777/3972 3971/4775/3970 3967/4772/3967
f 3968/4774/3969 3974/4778/3973 3973/4779/3974 3972/4777/3972
f 3976/4780/3975 3975/4781/3976 3971/4775/3970 3972/4777/3972
f 3973/4779/3974 3977/4782/3977 3976/4780/3975 3972/4777/3972
f 3973/4779/3974 3979/4783/3978 3978/4784/3979 3977/4782/3977
f 3981/4785/3980 3980/4786/3981 3976/4780/3975 3977/4782/3977
f 3978/4784/3979 3982/4787/3982 3981/4785/3980 3977/4782/3977
f 3978/4784/3979 3984/4788/3983 3983/4789/3984 3982/4787/3982
f 3986/4790/3985 3985/4791/3986 3981/4792/3980 3982/4793/3982
f 3983/4794/3984 3987/4795/3987 3986/4790/3985 3982/4793/3982
f 3983/4794/3984 3989/4796/3988 3988/4797/3989 3987/4795/3987
f 3991/4798/3990 3990/4799/3991 3986/4790/3985 3987/4795/3987
f 3988/4797/3989 3992/4800/3992 3991/4798/3990 3987/4795/3987
f 3988/4797/3989 3994/4801/3993 3993/4802/3994 3992/4800/3992
f 3996/4803/3995 3995/4804/3996 3991/4798/3990 3992/4800/3992
f 3993/4802/3994 3997/4805/3997 3996/4803/3995 3992/4800/3992
f 3993/4802/3994 3999/4806/3998 3998/4807/3999 3997/4805/3997
f 4001/4808/4000 4000/4809/4001 3996/4803/3995 3997/4805/3997
f 3998/4807/3999 4002/4810/4002 4001/4808/4000 3997/4805/3997
f 3998/4807/3999 4004/4811/4003 4003/4812/4004 4002/4810/4002
f 4006/4813/4005 4005/4814/4006 4001/4808/4000 4002/4810/4002
f 4003/4812/4004 4007/4815/4007 4006/4813/4005 4002/4810/4002
f 4003/4812/4004 2659/3194/2651 2660/3199/2656 4007/4815/4007
f 2548/1757/1481 1466/1756/1480 4006/4813/4005 4007/4815/4007
f 2660/3199/2656 2549/1758/1482 2548/1757/1481 4007/4815/4007
f 2660/3199/2656 2661/3198/2655 1467/1759/1483 2549/1758/1482
f 2662/3200/2657 4008/4816/4008 2550/1761/1485 2551/1760/1484
f 1467/1759/1483 2661/3198/2655 2662/3200/2657 2551/1760/1484
f 4009/4817/4009 1468/1763/1487 2550/1761/1485 4008/4816/4008
f 4011/4818/4010 4010/4819/4011 4009/4817/4009 4008/4816/4008
f 2662/3200/2657 2657/3196/2653 4011/4818/4010 4008/4816/4008
f 4013/4820/4012 4012/4821/4013 4010/4819/4011 4011/4818/4010
f 2657/3196/2653 2658/3195/2652 4013/4820/4012 4011/4818/4010
f 4015/4822/4014 4014/4823/4015 4012/4821/4013 4013/4820/4012
f 2658/3195/2652 4004/4811/4003 4015/4822/4014 4013/4820/4012
f 3999/4806/3998 4016/4824/4016 4014/4823/4015 4015/4822/4014
f 4004/4811/4003 3998/4807/3999 3999/4806/3998 4015/4822/4014
f 4018/4825/4017 4017/4826/4018 4014/4823/4015 4016/4824/4016
f 3994/4801/3993 4019/4827/4019 4018/4825/4017 4016/4824/4016
f 3999/4806/3998 3993/4802/3994 3994/4801/3993 4016/4824/4016
f 4021/4828/4020 4020/4829/4021 4018/4830/4017 4019/4831/4019
f 3989/4832/3988 4022/4833/4022 4021/4828/4020 4019/4831/4019
f 3994/4801/3993 3988/4797/3989 3989/4796/3988 4019/4827/4019
f 4024/4834/4023 4023/4835/4024 4021/4828/4020 4022/4833/4022
f 3984/4788/3983 4025/4836/4025 4024/4834/4023 4022/4833/4022
f 3989/4832/3988 3983/4789/3984 3984/4788/3983 4022/4833/4022
f 4027/4837/4026 4026/4838/4027 4024/4834/4023 4025/4836/4025
f 3979/4783/3978 4028/4839/4028 4027/4837/4026 4025/4836/4025
f 3984/4788/3983 3978/4784/3979 3979/4783/3978 4025/4836/4025
f 4030/4840/4029 4029/4841/4030 4027/4837/4026 4028/4839/4028
f 3974/4778/3973 4031/4842/4031 4030/4840/4029 4028/4839/4028
f 3979/4783/3978 3973/4779/3974 3974/4778/3973 4028/4839/4028
f 4033/4843/4032 4032/4844/4033 4030/4840/4029 4031/4842/4031
f 3969/4773/3968 4034/4845/4034 4033/4843/4032 4031/4842/4031
f 3974/4778/3973 3968/4774/3969 3969/4773/3968 4031/4842/4031
f 4036/4846/4035 4035/4847/4036 4033/4843/4032 4034/4845/4034
f 3965/4769/3964 4037/4848/4037 4036/4846/4035 4034/4845/4034
f 3969/4773/3968 3964/4770/3965 3965/4769/3964 4034/4845/4034
f 4039/4849/4038 4038/4850/4039 4036/4846/4035 4037/4848/4037
f 3961/4765/3960 4040/4851/4040 4039/4849/4038 4037/4848/4037
f 3965/4769/3964 3960/4766/3961 3961/4765/3960 4037/4848/4037
f 4042/4852/4041 4041/4853/4042 4039/4849/4038 4040/4851/4040
f 3957/4761/3956 4043/4854/4043 4042/4852/4041 4040/4851/4040
f 3961/4765/3960 3956/4762/3957 3957/4761/3956 4040/4851/4040
f 4045/4855/4044 4044/4856/4045 4042/4852/4041 4043/4854/4043
f 3953/4757/3952 4046/4857/4046 4045/4855/4044 4043/4854/4043
f 3957/4761/3956 3952/4758/3953 3953/4757/3952 4043/4854/4043
f 4048/4858/4047 4047/4859/4048 4045/4860/4044 4046/4861/4046
f 3949/4862/3948 4049/4863/4049 4048/4858/4047 4046/4861/4046
f 3953/4757/3952 3948/4754/3949 3949/4753/3948 4046/4857/4046
f 4051/4864/4050 4050/4865/4051 4048/4858/4047 4049/4863/4049
f 3945/4747/3944 4052/4866/4052 4051/4864/4050 4049/4863/4049
f 3949/4862/3948 3944/4748/3945 3945/4747/3944 4049/4863/4049
f 4054/4867/4053 4053/4868/4054 4051/4864/4050 4052/4866/4052
f 3941/4744/3941 4055/4869/4055 4054/4867/4053 4052/4866/4052
f 3945/4747/3944 3940/4745/3942 3941/4744/3941 4052/4866/4052
f 4057/4870/4056 4056/4871/4057 4054/4867/4053 4055/4869/4055
f 4059/4872/4058 4058/4873/4059 4057/4870/4056 4055/4869/4055
f 3941/4744/3941 3942/4743/3940 4059/4872/4058 4055/4869/4055
f 4061/4874/4060 4060/4875/4061 4058/4873/4059 4059/4872/4058
f 3942/4743/3940 3935/4736/3935 4061/4874/4060 4059/4872/4058
f 4063/4876/4062 4062/4877/4063 4060/4875/4061 4061/4874/4060
f 3935/4736/3935 3936/4735/3934 4063/4876/4062 4061/4874/4060
f 4065/4878/4064 4064/4879/4065 4062/4877/4063 4063/4876/4062
f 3936/4735/3934 3929/4728/3929 4065/4878/4064 4063/4876/4062
f 4067/4880/4066 4066/4881/4067 4064/4879/4065 4065/4878/4064
f 3929/4728/3929 3930/4727/3928 4067/4880/4066 4065/4878/4064
f 2589/3116/2573 4068/4882/4068 4066/4881/4067 4067/4880/4066
f 3930/4727/3928 2588/3117/2574 2589/3116/2573 4067/4880/4066
f 1531/1833/1549 1530/1832/1548 4066/4881/4067 4068/4882/4068
f 4069/4883/4069 1532/1834/1550 1531/1833/1549 4068/4882/4068
f 2589/3116/2573 2590/3115/2572 4069/4883/4069 4068/4882/4068
f 4070/4884/4070 1534/1836/1552 1532/1834/1550 4069/4883/4069
f 2590/3115/2572 2597/3125/2582 4070/4884/4070 4069/4883/4069
f 4071/4885/4071 1536/1838/1554 1534/1836/1552 4070/4884/4070
f 2597/3125/2582 4072/4886/4072 4071/4885/4071 4070/4884/4070
f 4074/4887/4073 4073/4888/4074 4071/4885/4071 4072/4886/4072
f 4076/4889/4075 4075/4890/4076 4074/4887/4073 4072/4886/4072
f 2597/3125/2582 2595/3124/2581 4076/4889/4075 4072/4886/4072
f 3913/4703/3914 3914/4702/3913 4075/4890/4076 4076/4889/4075
f 2595/3124/2581 2596/3123/2580 3913/4703/3914 4076/4889/4075
f 4078/4891/4077 4077/4892/4078 4074/4887/4073 4075/4890/4076
f 3914/4702/3913 4079/4893/4079 4078/4891/4077 4075/4890/4076
f 4081/4894/4080 4080/4895/4081 4078/4891/4077 4079/4893/4079
f 3909/4697/3908 4082/4896/4082 4081/4894/4080 4079/4893/4079
f 3914/4702/3913 3908/4698/3909 3909/4697/3908 4079/4893/4079
f 4084/4897/4083 4083/4898/4084 4081/4894/4080 4082/4896/4082
f 3904/4692/3903 4085/4899/4085 4084/4897/4083 4082/4896/4082
f 3909/4697/3908 3903/4693/3904 3904/4692/3903 4082/4896/4082
f 4087/4900/4086 4086/4901/4087 4084/4897/4083 4085/4899/4085
f 3899/4687/3898 4088/4902/4088 4087/4900/4086 4085/4899/4085
f 3904/4692/3903 3898/4688/3899 3899/4687/3898 4085/4899/4085
f 4090/4903/4089 4089/4904/4090 4087/4900/4086 4088/4902/4088
f 3894/4682/3893 2608/3139/2596 4090/4903/4089 4088/4902/4088
f 3899/4687/3898 3893/4683/3894 3894/4682/3893 4088/4902/4088
f 4092/4905/4091 4091/4906/4092 4089/4904/4090 4090/4903/4089
f 2608/3139/2596 2609/3138/2595 4092/4905/4091 4090/4903/4089
f 4094/4907/4093 4093/4908/4094 4091/4906/4092 4092/4905/4091
f 2609/3138/2595 4095/4909/4095 4094/4907/4093 4092/4905/4091
f 4097/4910/4096 3586/4326/3587 4096/4911/4097 4095/4912/4095
f 2609/3138/2595 2610/3137/2594 4097/4913/4096 4095/4909/4095
f 4096/4914/4097 4098/4915/4098 4094/4907/4093 4095/4909/4095
f 4096/4914/4097 3591/4916/3592 4099/4917/4099 4098/4915/4098
f 4100/4918/4100 4093/4908/4094 4094/4907/4093 4098/4915/4098
f 4099/4917/4099 4101/4919/4101 4100/4918/4100 4098/4915/4098
f 4099/4917/4099 3596/4336/3597 4102/4920/4102 4101/4919/4101
f 4104/4921/4103 4103/4922/4104 4100/4918/4100 4101/4919/4101
f 4102/4920/4102 4105/4923/4105 4104/4921/4103 4101/4919/4101
f 4102/4920/4102 3601/4344/3602 4106/4924/4106 4105/4923/4105
f 4108/4925/4107 4107/4926/4108 4104/4921/4103 4105/4923/4105
f 4106/4924/4106 4109/4927/4109 4108/4925/4107 4105/4923/4105
f 4106/4924/4106 3606/4349/3607 4110/4928/4110 4109/4927/4109
f 4112/4929/4111 4111/4930/4112 4108/4925/4107 4109/4927/4109
f 4110/4928/4110 4113/4931/4113 4112/4929/4111 4109/4927/4109
f 4110/4928/4110 3611/4354/3612 4114/4932/4114 4113/4931/4113
f 4116/4933/4115 4115/4934/4116 4112/4929/4111 4113/4931/4113
f 4114/4932/4114 4117/4935/4117 4116/4933/4115 4113/4931/4113
f 4114/4932/4114 3616/4359/3617 4118/4936/4118 4117/4935/4117
f 4120/4937/4119 4119/4938/4120 4116/4933/4115 4117/4935/4117
f 4118/4936/4118 4121/4939/4121 4120/4937/4119 4117/4935/4117
f 4118/4936/4118 3621/4364/3622 4122/4940/4122 4121/4939/4121
f 4124/4941/4123 4123/4942/4124 4120/4937/4119 4121/4939/4121
f 4122/4940/4122 4125/4943/4125 4124/4941/4123 4121/4939/4121
f 4122/4940/4122 3626/4369/3627 4126/4944/4126 4125/4943/4125
f 4128/4945/4127 4127/4946/4128 4124/4941/4123 4125/4943/4125
f 4126/4944/4126 4129/4947/4129 4128/4945/4127 4125/4943/4125
f 4126/4944/4126 3631/4374/3632 4130/4948/4130 4129/4947/4129
f 4132/4949/4131 4131/4950/4132 4128/4945/4127 4129/4947/4129
f 4130/4948/4130 4133/4951/4133 4132/4949/4131 4129/4947/4129
f 4130/4948/4130 3636/4379/3637 4134/4952/4134 4133/4951/4133
f 4136/4953/4135 4135/4954/4136 4132/4955/4131 4133/4956/4133
f 4134/4957/4134 4137/4958/4137 4136/4953/4135 4133/4956/4133
f 4134/4957/4134 3641/4959/3642 4138/4960/4138 4137/4958/4137
f 4140/4961/4139 4139/4962/4140 4136/4953/4135 4137/4958/4137
f 4138/4960/4138 4141/4963/4141 4140/4961/4139 4137/4958/4137
f 4138/4960/4138 3646/4389/3647 4142/4964/4142 4141/4963/4141
f 4144/4965/4143 4143/4966/4144 4140/4961/4139 4141/4963/4141
f 4142/4964/4142 4145/4967/4145 4144/4965/4143 4141/4963/4141
f 4142/4964/4142 3651/4397/3652 4146/4968/4146 4145/4967/4145
f 4148/4969/4147 4147/4970/4148 4144/4965/4143 4145/4967/4145
f 4146/4968/4146 4149/4971/4149 4148/4969/4147 4145/4967/4145
f 4146/4968/4146 3656/4404/3657 4150/4972/4150 4149/4971/4149
f 4152/4973/4151 4151/4974/4152 4148/4969/4147 4149/4971/4149
f 4150/4972/4150 4153/4975/4153 4152/4973/4151 4149/4971/4149
f 4150/4972/4150 3661/4409/3662 4154/4976/4154 4153/4975/4153
f 4156/4977/4155 4155/4978/4156 4152/4973/4151 4153/4975/4153
f 4154/4976/4154 4157/4979/4157 4156/4977/4155 4153/4975/4153
f 4154/4976/4154 3666/4414/3667 4158/4980/4158 4157/4979/4157
f 4160/4981/4159 4159/4982/4160 4156/4977/4155 4157/4979/4157
f 4158/4980/4158 4161/4983/4161 4160/4981/4159 4157/4979/4157
f 4158/4980/4158 3669/4417/3670 4162/4984/4162 4161/4983/4161
f 4164/4985/4163 4163/4986/4164 4160/4987/4159 4161/4988/4161
f 4162/4989/4162 4165/4990/4165 4164/4985/4163 4161/4988/4161
f 4162/4989/4162 3672/4991/3673 4166/4992/4166 4165/4990/4165
f 4168/4993/4167 4167/4994/4168 4164/4985/4163 4165/4990/4165
f 4166/4992/4166 4169/4995/4169 4168/4993/4167 4165/4990/4165
f 4166/4992/4166 3675/4427/3676 3677/4426/3678 4169/4995/4169
f 4171/4996/4170 4170/4997/4171 4168/4993/4167 4169/4995/4169
f 3677/4426/3678 3679/4430/3680 4171/4996/4170 4169/4995/4169
f 4173/4998/4172 4172/4999/4173 4170/4997/4171 4171/4996/4170
f 3679/4430/3680 4174/5000/4174 4173/4998/4172 4171/4996/4170
f 3679/4430/3680 3680/4429/3679 3682/4433/3683 4174/5000/4174
f 2674/3214/2671 4175/5001/4175 4173/4998/4172 4174/5000/4174
f 3682/4433/3683 2671/3208/2665 2674/3214/2671 4174/5000/4174
f 4176/5002/4176 4172/4999/4173 4173/4998/4172 4175/5001/4175
f 4178/5003/4177 4177/5004/4178 4176/5002/4176 4175/5001/4175
f 2674/3214/2671 2672/3213/2670 4178/5003/4177 4175/5001/4175
f 4179/5005/4179 3705/4464/3706 4177/5006/4178 4178/5007/4177
f 2672/3213/2670 2673/3212/2669 4179/5008/4179 4178/5003/4177
f 3702/4461/3703 3703/4460/3702 3705/4464/3706 4179/5005/4179
f 2673/5009/2669 4180/5010/4180 3702/4461/3703 4179/5005/4179
f 2673/3212/2669 2669/3210/2667 3687/4438/3688 4180/5011/4180
f 3699/4458/3700 3700/4457/3699 3702/4461/3703 4180/5010/4180
f 3687/5012/3688 3688/5013/3687 3699/4458/3700 4180/5010/4180
f 3708/4467/3709 4181/5014/4181 4176/5015/4176 4177/5006/4178
f 3705/4464/3706 3706/4463/3705 3708/4467/3709 4177/5006/4178
f 4182/5016/4182 4172/4999/4173 4176/5002/4176 4181/5017/4181
f 3711/5018/3712 4183/5019/4183 4182/5016/4182 4181/5017/4181
f 3708/4467/3709 3709/4466/3708 3711/4470/3712 4181/5014/4181
f 4185/5020/4184 4184/5021/4185 4182/5016/4182 4183/5019/4183
f 3714/4473/3715 4186/5022/4186 4185/5020/4184 4183/5019/4183
f 3711/5018/3712 3712/4474/3711 3714/4473/3715 4183/5019/4183
f 4188/5023/4187 4187/5024/4188 4185/5020/4184 4186/5022/4186
f 3717/4479/3718 4189/5025/4189 4188/5023/4187 4186/5022/4186
f 3714/4473/3715 3715/4472/3714 3717/4479/3718 4186/5022/4186
f 4191/5026/4190 4190/5027/4191 4188/5023/4187 4189/5025/4189
f 3720/4482/3721 4192/5028/4192 4191/5026/4190 4189/5025/4189
f 3717/4479/3718 3718/4478/3717 3720/4482/3721 4189/5025/4189
f 4194/5029/4193 4193/5030/4194 4191/5026/4190 4192/5028/4192
f 3723/4485/3724 4195/5031/4195 4194/5029/4193 4192/5028/4192
f 3720/4482/3721 3721/4481/3720 3723/4485/3724 4192/5028/4192
f 4197/5032/4196 4196/5033/4197 4194/5034/4193 4195/5035/4195
f 3726/5036/3727 4198/5037/4198 4197/5032/4196 4195/5035/4195
f 3723/4485/3724 3724/4484/3723 3726/4488/3727 4195/5031/4195
f 4200/5038/4199 4199/5039/4200 4197/5032/4196 4198/5037/4198
f 3729/4491/3730 4201/5040/4201 4200/5038/4199 4198/5037/4198
f 3726/5036/3727 3727/4492/3726 3729/4491/3730 4198/5037/4198
f 4203/5041/4202 4202/5042/4203 4200/5038/4199 4201/5040/4201
f 3732/4497/3733 4204/5043/4204 4203/5041/4202 4201/5040/4201
f 3729/4491/3730 3730/4490/3729 3732/4497/3733 4201/5040/4201
f 4206/5044/4205 4205/5045/4206 4203/5041/4202 4204/5043/4204
f 3735/4500/3736 4207/5046/4207 4206/5044/4205 4204/5043/4204
f 3732/4497/3733 3733/4496/3732 3735/4500/3736 4204/5043/4204
f 4209/5047/4208 4208/5048/4209 4206/5044/4205 4207/5046/4207
f 3738/4503/3739 4210/5049/4210 4209/5047/4208 4207/5046/4207
f 3735/4500/3736 3736/4499/3735 3738/4503/3739 4207/5046/4207
f 4212/5050/4211 4211/5051/4212 4209/5047/4208 4210/5049/4210
f 3741/4506/3742 4213/5052/4213 4212/5050/4211 4210/5049/4210
f 3738/4503/3739 3739/4502/3738 3741/4506/3742 4210/5049/4210
f 4215/5053/4214 4214/5054/4215 4212/5055/4211 4213/5056/4213
f 3744/5057/3745 4216/5058/4216 4215/5053/4214 4213/5056/4213
f 3741/4506/3742 3742/4505/3741 3744/4509/3745 4213/5052/4213
f 4218/5059/4217 4217/5060/4218 4215/5053/4214 4216/5058/4216
f 3747/5061/3748 4219/5062/4219 4218/5059/4217 4216/5058/4216
f 3744/5057/3745 3745/5063/3744 3747/5061/3748 4216/5058/4216
f 4221/5064/4220 4220/5065/4221 4218/5059/4217 4219/5062/4219
f 3750/4515/3751 4222/5066/4222 4221/5064/4220 4219/5062/4219
f 3747/5061/3748 3748/4516/3747 3750/4515/3751 4219/5062/4219
f 4224/5067/4223 4223/5068/4224 4221/5064/4220 4222/5066/4222
f 3753/4521/3754 4225/5069/4225 4224/5067/4223 4222/5066/4222
f 3750/4515/3751 3751/4514/3750 3753/4521/3754 4222/5066/4222
f 4227/5070/4226 4226/5071/4227 4224/5067/4223 4225/5069/4225
f 3756/4524/3757 2606/3135/2592 4227/5070/4226 4225/5069/4225
f 3753/4521/3754 3754/4520/3753 3756/4524/3757 4225/5069/4225
f 4228/5072/4228 4111/4930/4112 4226/5071/4227 4227/5070/4226
f 2606/3135/2592 2598/3128/2585 4228/5072/4228 4227/5070/4226
f 4107/4926/4108 4108/4925/4107 4111/4930/4112 4228/5072/4228
f 2598/3128/2585 2599/3127/2584 4107/4926/4108 4228/5072/4228
f 4111/4930/4112 4112/4929/4111 4115/4934/4116 4226/5071/4227
f 4115/4934/4116 4223/5068/4224 4224/5067/4223 4226/5071/4227
f 4115/4934/4116 4116/4933/4115 4119/4938/4120 4223/5068/4224
f 4119/4938/4120 4220/5065/4221 4221/5064/4220 4223/5068/4224
f 4119/4938/4120 4120/4937/4119 4123/4942/4124 4220/5065/4221
f 4123/4942/4124 4217/5060/4218 4218/5059/4217 4220/5065/4221
f 4123/4942/4124 4124/4941/4123 4127/4946/4128 4217/5060/4218
f 4127/4946/4128 4214/5054/4215 4215/5053/4214 4217/5060/4218
f 4127/4946/4128 4128/4945/4127 4131/4950/4132 4214/5054/4215
f 4131/5073/4132 4211/5051/4212 4212/5050/4211 4214/5074/4215
f 4131/5073/4132 4132/4955/4131 4135/4954/4136 4211/5051/4212
f 4135/4954/4136 4208/5048/4209 4209/5047/4208 4211/5051/4212
f 4135/4954/4136 4136/4953/4135 4139/4962/4140 4208/5048/4209
f 4139/4962/4140 4205/5045/4206 4206/5044/4205 4208/5048/4209
f 4139/4962/4140 4140/4961/4139 4143/4966/4144 4205/5045/4206
f 4143/4966/4144 4202/5042/4203 4203/5041/4202 4205/5045/4206
f 4143/4966/4144 4144/4965/4143 4147/4970/4148 4202/5042/4203
f 4147/4970/4148 4199/5039/4200 4200/5038/4199 4202/5042/4203
f 4147/4970/4148 4148/4969/4147 4151/4974/4152 4199/5039/4200
f 4151/4974/4152 4196/5033/4197 4197/5032/4196 4199/5039/4200
f 4151/4974/4152 4152/4973/4151 4155/4978/4156 4196/5033/4197
f 4155/4978/4156 4193/5075/4194 4194/5034/4193 4196/5033/4197
f 4155/4978/4156 4156/4977/4155 4159/4982/4160 4193/5075/4194
f 4159/5076/4160 4190/5027/4191 4191/5026/4190 4193/5030/4194
f 4159/5076/4160 4160/4987/4159 4163/4986/4164 4190/5027/4191
f 4163/4986/4164 4187/5024/4188 4188/5023/4187 4190/5027/4191
f 4163/4986/4164 4164/4985/4163 4167/4994/4168 4187/5024/4188
f 4167/4994/4168 4184/5021/4185 4185/5020/4184 4187/5024/4188
f 4167/4994/4168 4168/4993/4167 4170/4997/4171 4184/5021/4185
f 4170/4997/4171 4172/4999/4173 4182/5016/4182 4184/5021/4185
f 3672/4991/3673 3673/5077/3672 3675/4427/3676 4166/4992/4166
f 3669/4417/3670 3670/4416/3669 3672/4420/3673 4162/4984/4162
f 3666/4414/3667 3667/4413/3666 3669/4417/3670 4158/4980/4158
f 3661/4409/3662 3662/4408/3661 3666/4414/3667 4154/4976/4154
f 3656/4404/3657 3657/4403/3656 3661/4409/3662 4150/4972/4150
f 3651/4397/3652 3652/4396/3651 3656/4404/3657 4146/4968/4146
f 3646/4389/3647 3647/4388/3646 3651/4397/3652 4142/4964/4142
f 3641/4959/3642 3642/4390/3641 3646/4389/3647 4138/4960/4138
f 3636/4379/3637 3637/4378/3636 3641/4384/3642 4134/4952/4134
f 3631/4374/3632 3632/4373/3631 3636/4379/3637 4130/4948/4130
f 3626/4369/3627 3627/4368/3626 3631/4374/3632 4126/4944/4126
f 3621/4364/3622 3622/4363/3621 3626/4369/3627 4122/4940/4122
f 3616/4359/3617 3617/4358/3616 3621/4364/3622 4118/4936/4118
f 3611/4354/3612 3612/4353/3611 3616/4359/3617 4114/4932/4114
f 3606/4349/3607 3607/4348/3606 3611/4354/3612 4110/4928/4110
f 2599/3127/2584 4103/4922/4104 4104/4921/4103 4107/4926/4108
f 3601/4344/3602 3602/4343/3601 3606/4349/3607 4106/4924/4106
f 4229/5078/4229 4093/4908/4094 4100/4918/4100 4103/4922/4104
f 2599/3127/2584 2600/3126/2583 4229/5078/4229 4103/4922/4104
f 4230/5079/4230 4091/4906/4092 4093/4908/4094 4229/5078/4229
f 2600/3126/2583 2601/3131/2588 4230/5079/4230 4229/5078/4229
f 4231/5080/4231 4089/4904/4090 4091/4906/4092 4230/5079/4230
f 2601/3131/2588 4232/5081/4232 4231/5080/4231 4230/5079/4230
f 2601/3131/2588 2602/3130/2587 4233/5082/4233 4232/5081/4232
f 4234/5083/4234 4086/4901/4087 4231/5080/4231 4232/5081/4232
f 4233/5082/4233 4235/5084/4235 4234/5083/4234 4232/5081/4232
f 4233/5082/4233 3762/4530/3763 3764/4532/3765 4235/5084/4235
f 4236/5085/4236 4083/4898/4084 4234/5083/4234 4235/5084/4235
f 3764/4532/3765 4237/5086/4237 4236/5085/4236 4235/5084/4235
f 3764/4532/3765 3765/4531/3764 3766/4533/3766 4237/5086/4237
f 4238/5087/4238 4080/4895/4081 4236/5085/4236 4237/5086/4237
f 3766/4533/3766 4239/5088/4239 4238/5087/4238 4237/5086/4237
f 3766/4533/3766 1221/1472/1236 1222/2039/1724 4239/5088/4239
f 4240/5089/4240 4077/4892/4078 4238/5087/4238 4239/5088/4239
f 1222/2039/1724 1223/2041/1726 4240/5089/4240 4239/5088/4239
f 4073/4888/4074 4074/4887/4073 4077/4892/4078 4240/5089/4240
f 1223/2041/1726 1707/2042/1727 4073/4888/4074 4240/5089/4240
f 1536/1838/1554 4071/4885/4071 4073/4888/4074 1707/2042/1727
f 4242/5090/4241 4241/5091/4242 1708/2044/1729 2552/2043/1728
f 2547/1474/1238 3767/4535/3768 4242/5090/4241 2552/2043/1728
f 4244/5092/4243 4243/5093/4244 4241/5091/4242 4242/5090/4241
f 3767/4535/3768 3769/4537/3770 4244/5092/4243 4242/5090/4241
f 4246/5094/4245 4245/5095/4246 4243/5093/4244 4244/5092/4243
f 3769/4537/3770 3771/4539/3772 4246/5094/4245 4244/5092/4243
f 4248/5096/4247 4247/5097/4248 4245/5095/4246 4246/5094/4245
f 3771/4539/3772 3773/4541/3774 4248/5096/4247 4246/5094/4245
f 4249/5098/4249 3985/4791/3986 4247/5097/4248 4248/5096/4247
f 3773/4541/3774 3775/4543/3776 4249/5098/4249 4248/5096/4247
f 3980/5099/3981 3981/4792/3980 3985/4791/3986 4249/5098/4249
f 3775/4543/3776 3777/4545/3778 3980/5099/3981 4249/5098/4249
f 3985/4791/3986 3986/4790/3985 3990/4799/3991 4247/5097/4248
f 3990/4799/3991 4250/5100/4250 4245/5095/4246 4247/5097/4248
f 3990/4799/3991 3991/4798/3990 3995/4804/3996 4250/5100/4250
f 4251/5101/4251 4243/5093/4244 4245/5095/4246 4250/5100/4250
f 3995/4804/3996 4252/5102/4252 4251/5101/4251 4250/5100/4250
f 3995/4804/3996 3996/4803/3995 4000/4809/4001 4252/5102/4252
f 4254/5103/4253 4253/5104/4254 4251/5101/4251 4252/5102/4252
f 4000/4809/4001 4255/5105/4255 4254/5103/4253 4252/5102/4252
f 4000/4809/4001 4001/4808/4000 4005/4814/4006 4255/5105/4255
f 2553/2062/1746 1724/2061/1745 4254/5103/4253 4255/5105/4255
f 4005/4814/4006 2554/2063/1747 2553/2062/1746 4255/5105/4255
f 4005/4814/4006 4006/4813/4005 1466/1756/1480 2554/2063/1747
f 4257/5106/4256 4256/5107/4257 1725/2065/1749 1726/2064/1748
f 1468/1763/1487 4009/4817/4009 4257/5106/4256 1726/2064/1748
f 4259/5108/4258 4258/5109/4259 4256/5107/4257 4257/5106/4256
f 4009/4817/4009 4010/4819/4011 4259/5108/4258 4257/5106/4256
f 4261/5110/4260 4260/5111/4261 4258/5109/4259 4259/5108/4258
f 4010/4819/4011 4012/4821/4013 4261/5110/4260 4259/5108/4258
f 4017/4826/4018 4262/5112/4262 4260/5111/4261 4261/5110/4260
f 4012/4821/4013 4014/4823/4015 4017/4826/4018 4261/5110/4260
f 4264/5113/4263 4263/5114/4264 4260/5111/4261 4262/5112/4262
f 4020/4829/4021 4265/5115/4265 4264/5116/4263 4262/5117/4262
f 4017/4826/4018 4018/4825/4017 4020/5118/4021 4262/5112/4262
f 4267/5119/4266 4266/5120/4267 4264/5116/4263 4265/5115/4265
f 4023/4835/4024 4268/5121/4268 4267/5119/4266 4265/5115/4265
f 4020/4829/4021 4021/4828/4020 4023/4835/4024 4265/5115/4265
f 4270/5122/4269 4269/5123/4270 4267/5119/4266 4268/5121/4268
f 4026/4838/4027 4271/5124/4271 4270/5122/4269 4268/5121/4268
f 4023/4835/4024 4024/4834/4023 4026/4838/4027 4268/5121/4268
f 4273/5125/4272 4272/5126/4273 4270/5122/4269 4271/5124/4271
f 4029/4841/4030 4274/5127/4274 4273/5125/4272 4271/5124/4271
f 4026/4838/4027 4027/4837/4026 4029/4841/4030 4271/5124/4271
f 4276/5128/4275 4275/5129/4276 4273/5125/4272 4274/5127/4274
f 4032/4844/4033 4277/5130/4277 4276/5128/4275 4274/5127/4274
f 4029/4841/4030 4030/4840/4029 4032/4844/4033 4274/5127/4274
f 4279/5131/4278 4278/5132/4279 4276/5128/4275 4277/5130/4277
f 4035/4847/4036 4280/5133/4280 4279/5131/4278 4277/5130/4277
f 4032/4844/4033 4033/4843/4032 4035/4847/4036 4277/5130/4277
f 4282/5134/4281 4281/5135/4282 4279/5131/4278 4280/5133/4280
f 4038/4850/4039 4283/5136/4283 4282/5134/4281 4280/5133/4280
f 4035/4847/4036 4036/4846/4035 4038/4850/4039 4280/5133/4280
f 4285/5137/4284 4284/5138/4285 4282/5134/4281 4283/5136/4283
f 4041/4853/4042 4286/5139/4286 4285/5137/4284 4283/5136/4283
f 4038/4850/4039 4039/4849/4038 4041/4853/4042 4283/5136/4283
f 4288/5140/4287 4287/5141/4288 4285/5142/4284 4286/5143/4286
f 4044/5144/4045 4289/5145/4289 4288/5140/4287 4286/5143/4286
f 4041/4853/4042 4042/4852/4041 4044/4856/4045 4286/5139/4286
f 4291/5146/4290 4290/5147/4291 4288/5140/4287 4289/5145/4289
f 4047/4859/4048 4292/5148/4292 4291/5146/4290 4289/5145/4289
f 4044/5144/4045 4045/4860/4044 4047/4859/4048 4289/5145/4289
f 4294/5149/4293 4293/5150/4294 4291/5146/4290 4292/5148/4292
f 4050/4865/4051 4295/5151/4295 4294/5149/4293 4292/5148/4292
f 4047/4859/4048 4048/4858/4047 4050/4865/4051 4292/5148/4292
f 4297/5152/4296 4296/5153/4297 4294/5149/4293 4295/5151/4295
f 4053/4868/4054 4298/5154/4298 4297/5152/4296 4295/5151/4295
f 4050/4865/4051 4051/4864/4050 4053/4868/4054 4295/5151/4295
f 1771/2122/1794 1770/2121/1793 4297/5152/4296 4298/5154/4298
f 4056/4871/4057 2555/2123/1795 1771/2122/1794 4298/5154/4298
f 4053/4868/4054 4054/4867/4053 4056/4871/4057 4298/5154/4298
f 4056/4871/4057 4057/4870/4056 1772/2124/1796 2555/2123/1795
f 4057/4870/4056 4058/4873/4059 2556/2125/1797 1772/2124/1796
f 4253/5104/4254 4254/5103/4253 1724/2061/1745 2557/2126/1798
f 1708/2044/1729 4241/5091/4242 4253/5104/4254 2557/2126/1798
f 4300/5155/4299 4299/5156/4300 2558/2128/1800 2559/2127/1799
f 1725/2065/1749 4256/5107/4257 4300/5155/4299 2559/2127/1799
f 4302/5157/4301 4301/5158/4302 4299/5159/4300 4300/5160/4299
f 4256/5107/4257 4258/5109/4259 4302/5161/4301 4300/5155/4299
f 4263/5162/4264 4303/5163/4303 4301/5158/4302 4302/5157/4301
f 4258/5109/4259 4260/5111/4261 4263/5114/4264 4302/5161/4301
f 4305/5164/4304 4304/5165/4305 4301/5166/4302 4303/5167/4303
f 4266/5120/4267 4306/5168/4306 4305/5164/4304 4303/5167/4303
f 4263/5169/4264 4264/5116/4263 4266/5120/4267 4303/5167/4303
f 4308/5170/4307 4307/5171/4308 4305/5164/4304 4306/5168/4306
f 4269/5123/4270 4309/5172/4309 4308/5170/4307 4306/5168/4306
f 4266/5120/4267 4267/5119/4266 4269/5123/4270 4306/5168/4306
f 4311/5173/4310 4310/5174/4311 4308/5170/4307 4309/5172/4309
f 4272/5126/4273 4312/5175/4312 4311/5173/4310 4309/5172/4309
f 4269/5123/4270 4270/5122/4269 4272/5126/4273 4309/5172/4309
f 4314/5176/4313 4313/5177/4314 4311/5173/4310 4312/5175/4312
f 4275/5129/4276 4315/5178/4315 4314/5176/4313 4312/5175/4312
f 4272/5126/4273 4273/5125/4272 4275/5129/4276 4312/5175/4312
f 4317/5179/4316 4316/5180/4317 4314/5176/4313 4315/5178/4315
f 4278/5132/4279 4318/5181/4318 4317/5179/4316 4315/5178/4315
f 4275/5129/4276 4276/5128/4275 4278/5132/4279 4315/5178/4315
f 4320/5182/4319 4319/5183/4320 4317/5179/4316 4318/5181/4318
f 4281/5135/4282 4321/5184/4321 4320/5182/4319 4318/5181/4318
f 4278/5132/4279 4279/5131/4278 4281/5135/4282 4318/5181/4318
f 4323/5185/4322 4322/5186/4323 4320/5187/4319 4321/5188/4321
f 4284/5189/4285 4324/5190/4324 4323/5185/4322 4321/5188/4321
f 4281/5135/4282 4282/5134/4281 4284/5138/4285 4321/5184/4321
f 4326/5191/4325 4325/5192/4326 4323/5185/4322 4324/5190/4324
f 4287/5141/4288 4327/5193/4327 4326/5191/4325 4324/5190/4324
f 4284/5189/4285 4285/5142/4284 4287/5141/4288 4324/5190/4324
f 4329/5194/4328 4328/5195/4329 4326/5191/4325 4327/5193/4327
f 4290/5147/4291 4330/5196/4330 4329/5194/4328 4327/5193/4327
f 4287/5141/4288 4288/5140/4287 4290/5147/4291 4327/5193/4327
f 4332/5197/4331 4331/5198/4332 4329/5194/4328 4330/5196/4330
f 4293/5150/4294 4333/5199/4333 4332/5197/4331 4330/5196/4330
f 4290/5147/4291 4291/5146/4290 4293/5150/4294 4330/5196/4330
f 1810/2175/1837 1809/2174/1836 4332/5197/4331 4333/5199/4333
f 4296/5153/4297 2560/2176/1838 1810/2175/1837 4333/5199/4333
f 4293/5150/4294 4294/5149/4293 4296/5153/4297 4333/5199/4333
f 4296/5153/4297 4297/5152/4296 1770/2121/1793 2560/2176/1838
f 4335/5200/4334 4334/5201/4335 2561/2178/1840 1811/2177/1839
f 2558/2181/1800 4299/5159/4300 4335/5200/4334 1811/2177/1839
f 4304/5165/4305 4336/5202/4336 4334/5203/4335 4335/5204/4334
f 4299/5159/4300 4301/5158/4302 4304/5205/4305 4335/5200/4334
f 4338/5206/4337 4337/5207/4338 4334/5203/4335 4336/5202/4336
f 4307/5171/4308 4339/5208/4339 4338/5206/4337 4336/5202/4336
f 4304/5165/4305 4305/5164/4304 4307/5171/4308 4336/5202/4336
f 4341/5209/4340 4340/5210/4341 4338/5206/4337 4339/5208/4339
f 4310/5174/4311 4342/5211/4342 4341/5209/4340 4339/5208/4339
f 4307/5171/4308 4308/5170/4307 4310/5174/4311 4339/5208/4339
f 4344/5212/4343 4343/5213/4344 4341/5209/4340 4342/5211/4342
f 4313/5177/4314 4345/5214/4345 4344/5212/4343 4342/5211/4342
f 4310/5174/4311 4311/5173/4310 4313/5177/4314 4342/5211/4342
f 4347/5215/4346 4346/5216/4347 4344/5212/4343 4345/5214/4345
f 4316/5180/4317 4348/5217/4348 4347/5215/4346 4345/5214/4345
f 4313/5177/4314 4314/5176/4313 4316/5180/4317 4345/5214/4345
f 4350/5218/4349 4349/5219/4350 4347/5215/4346 4348/5217/4348
f 4319/5183/4320 4351/5220/4351 4350/5218/4349 4348/5217/4348
f 4316/5180/4317 4317/5179/4316 4319/5183/4320 4348/5217/4348
f 4353/5221/4352 4352/5222/4353 4350/5223/4349 4351/5224/4351
f 4322/5186/4323 4354/5225/4354 4353/5221/4352 4351/5224/4351
f 4319/5226/4320 4320/5187/4319 4322/5186/4323 4351/5224/4351
f 4356/5227/4355 4355/5228/4356 4353/5221/4352 4354/5225/4354
f 4325/5192/4326 4357/5229/4357 4356/5227/4355 4354/5225/4354
f 4322/5186/4323 4323/5185/4322 4325/5192/4326 4354/5225/4354
f 4359/5230/4358 4358/5231/4359 4356/5227/4355 4357/5229/4357
f 4328/5195/4329 4360/5232/4360 4359/5230/4358 4357/5229/4357
f 4325/5192/4326 4326/5191/4325 4328/5195/4329 4357/5229/4357
f 2562/2221/1869 1839/2220/1868 4359/5230/4358 4360/5232/4360
f 4331/5198/4332 2563/2222/1870 2562/2221/1869 4360/5232/4360
f 4328/5195/4329 4329/5194/4328 4331/5198/4332 4360/5232/4360
f 4331/5198/4332 4332/5197/4331 1809/2174/1836 2563/2222/1870
f 4337/5207/4338 4361/5233/4361 1840/5234/1872 1841/5235/1871
f 2561/2178/1840 4334/5201/4335 4337/5236/4338 1841/2223/1871
f 4362/5237/4362 2564/2228/1874 1840/2227/1872 4361/5238/4361
f 4340/5210/4341 4363/5239/4363 4362/5240/4362 4361/5233/4361
f 4337/5207/4338 4338/5206/4337 4340/5210/4341 4361/5233/4361
f 4365/5241/4364 4364/5242/4365 4362/5237/4362 4363/5243/4363
f 4343/5213/4344 4366/5244/4366 4365/5245/4364 4363/5239/4363
f 4340/5210/4341 4341/5209/4340 4343/5213/4344 4363/5239/4363
f 2629/3159/2616 2630/3164/2621 4365/5241/4364 4366/5246/4366
f 4346/5216/4347 2628/5247/2617 2629/5248/2616 4366/5244/4366
f 4343/5213/4344 4344/5212/4343 4346/5216/4347 4366/5244/4366
f 2630/3164/2621 4367/5249/4367 4364/5242/4365 4365/5241/4364
f 4368/5250/4368 2566/2237/1882 2565/2236/1881 4367/5249/4367
f 2630/3164/2621 2631/3163/2620 4368/5250/4368 4367/5249/4367
f 2565/2236/1881 2567/2239/1884 4364/5242/4365 4367/5249/4367
f 2564/2228/1874 4362/5237/4362 4364/5242/4365 2567/2239/1884
f 4370/5251/4369 4369/5252/4370 2568/2241/1886 1850/2240/1885
f 2566/2237/1882 4368/5250/4368 4370/5253/4369 1850/2244/1885
f 2632/3165/2622 4371/5254/4371 4369/5255/4370 4370/5253/4369
f 4368/5250/4368 2631/3163/2620 2632/3165/2622 4370/5253/4369
f 4373/5256/4372 4372/5257/4373 4369/5252/4370 4371/5258/4371
f 4374/5259/4374 4352/5222/4353 4373/5256/4372 4371/5258/4371
f 2632/3165/2622 2627/3161/2618 4374/5260/4374 4371/5254/4371
f 4349/5261/4350 4350/5223/4349 4352/5222/4353 4374/5259/4374
f 2627/3161/2618 2628/3160/2617 4349/5262/4350 4374/5260/4374
f 4355/5228/4356 4375/5263/4375 4372/5257/4373 4373/5256/4372
f 4352/5222/4353 4353/5221/4352 4355/5228/4356 4373/5256/4372
f 1859/2256/1895 1858/2255/1894 4372/5257/4373 4375/5263/4375
f 4358/5231/4359 2569/2257/1896 1859/2256/1895 4375/5263/4375
f 4355/5228/4356 4356/5227/4355 4358/5231/4359 4375/5263/4375
f 4358/5231/4359 4359/5230/4358 1839/2220/1868 2569/2257/1896
f 2568/2241/1886 4369/5252/4370 4372/5257/4373 1858/2255/1894
f 2628/5247/2617 4346/5216/4347 4347/5215/4346 4349/5219/4350
f 4062/4877/4063 4064/4879/4065 2570/2259/1898 1860/2258/1897
f 1773/2260/1899 4060/4875/4061 4062/4877/4063 1860/2258/1897
f 4064/4879/4065 4066/4881/4067 1530/1832/1548 2570/2259/1898
f 2556/2125/1797 4058/4873/4059 4060/4875/4061 1773/2260/1899
f 4241/5091/4242 4243/5093/4244 4251/5101/4251 4253/5104/4254
f 4077/4892/4078 4078/4891/4077 4080/4895/4081 4238/5087/4238
f 4080/4895/4081 4081/4894/4080 4083/4898/4084 4236/5085/4236
f 4083/4898/4084 4084/4897/4083 4086/4901/4087 4234/5083/4234
f 2602/3130/2587 2607/3136/2593 3762/4530/3763 4233/5082/4233
f 4086/4901/4087 4087/4900/4086 4089/4904/4090 4231/5080/4231
f 3596/4336/3597 3597/4335/3596 3601/4344/3602 4102/4920/4102
f 3591/4916/3592 3592/4337/3591 3596/4336/3597 4099/4917/4099
f 3581/4321/3582 3582/4320/3581 3586/4326/3587 4097/4910/4096
f 2610/5264/2594 2614/5265/2601 3581/4321/3582 4097/4910/4096
f 3586/4326/3587 3587/4325/3586 3591/4331/3592 4096/4911/4097
f 2658/3195/2652 2659/3194/2651 4003/4812/4004 4004/4811/4003
f 3777/5266/3778 3975/4781/3976 3976/4780/3975 3980/4786/3981
f 3780/4548/3781 3970/4776/3971 3971/4775/3970 3975/4781/3976
f 3777/5266/3778 3778/4549/3777 3780/4548/3781 3975/4781/3976
f 3783/4554/3784 3785/4556/3786 3966/4771/3966 3970/4776/3971
f 3780/4548/3781 3781/4547/3780 3783/4554/3784 3970/4776/3971
f 3785/4556/3786 3786/4555/3785 3788/4559/3789 3962/4767/3962
f 3788/4559/3789 3789/4558/3788 3791/4562/3792 3958/4763/3958
f 3791/4562/3792 3792/4561/3791 3794/4565/3795 3954/4759/3954
f 3794/4565/3795 3795/4564/3794 3797/4568/3798 3950/4755/3950
f 3797/4568/3798 3798/4567/3797 3800/4571/3801 3946/4749/3946
f 3814/4588/3815 3816/4587/3817 3921/4711/3922 3922/4710/3921
f 4377/5267/4376 4376/5268/4377 3919/4712/3920 3921/4711/3922
f 3816/4587/3817 3818/4591/3819 4377/5267/4376 3921/4711/3922
f 4379/5269/4378 4378/5270/4379 4376/5268/4377 4377/5267/4376
f 3818/4591/3819 3820/4593/3821 4379/5269/4378 4377/5267/4376
f 4381/5271/4380 4380/5272/4381 4378/5270/4379 4379/5269/4378
f 3820/4593/3821 3822/4595/3823 4381/5271/4380 4379/5269/4378
f 4383/5273/4382 4382/5274/4383 4380/5272/4381 4381/5271/4380
f 3822/4595/3823 4384/5275/4384 4383/5273/4382 4381/5271/4380
f 4386/5276/4385 4385/5277/4386 4383/5273/4382 4384/5275/4384
f 3825/4598/3826 4387/5278/4387 4386/5276/4385 4384/5275/4384
f 3822/4595/3823 3823/4594/3822 3825/4598/3826 4384/5275/4384
f 4389/5279/4388 4388/5280/4389 4386/5276/4385 4387/5278/4387
f 3828/4601/3829 4390/5281/4390 4389/5279/4388 4387/5278/4387
f 3825/4598/3826 3826/4597/3825 3828/4601/3829 4387/5278/4387
f 4392/5282/4391 4391/5283/4392 4389/5279/4388 4390/5281/4390
f 3831/4605/3832 4393/5284/4393 4392/5282/4391 4390/5281/4390
f 3828/4601/3829 3829/4600/3828 3831/4605/3832 4390/5281/4390
f 4395/5285/4394 4394/5286/4395 4392/5282/4391 4393/5284/4393
f 3834/5287/3835 4396/5288/4396 4395/5285/4394 4393/5284/4393
f 3831/4605/3832 3832/4604/3831 3834/5287/3835 4393/5284/4393
f 4398/5289/4397 4397/5290/4398 4395/5285/4394 4396/5288/4396
f 3837/4613/3838 4399/5291/4399 4398/5292/4397 4396/5293/4396
f 3834/4610/3835 3835/4609/3834 3837/4613/3838 4396/5293/4396
f 4401/5294/4400 4400/5295/4401 4398/5292/4397 4399/5291/4399
f 4403/5296/4402 4402/5297/4403 4401/5294/4400 4399/5291/4399
f 3837/4613/3838 3838/4612/3837 4403/5296/4402 4399/5291/4399
f 4405/5298/4404 4404/5299/4405 4402/5297/4403 4403/5296/4402
f 3838/4612/3837 3839/4615/3840 4405/5298/4404 4403/5296/4402
f 4407/5300/4406 4406/5301/4407 4404/5299/4405 4405/5298/4404
f 3839/4615/3840 3841/4617/3842 4407/5300/4406 4405/5298/4404
f 4409/5302/4408 4408/5303/4409 4406/5301/4407 4407/5300/4406
f 3841/4617/3842 3843/4619/3844 4409/5302/4408 4407/5300/4406
f 4411/5304/4410 4410/5305/4411 4408/5303/4409 4409/5302/4408
f 3843/4619/3844 3845/4621/3846 4411/5304/4410 4409/5302/4408
f 4413/5306/4412 4412/5307/4413 4410/5308/4411 4411/5309/4410
f 3845/4624/3846 3847/4623/3848 4413/5306/4412 4411/5309/4410
f 4415/5310/4414 4414/5311/4415 4412/5307/4413 4413/5306/4412
f 3847/4623/3848 3849/4627/3850 4415/5310/4414 4413/5306/4412
f 4417/5312/4416 4416/5313/4417 4414/5311/4415 4415/5310/4414
f 3849/4627/3850 3851/4629/3852 4417/5312/4416 4415/5310/4414
f 4419/5314/4418 4418/5315/4419 4416/5313/4417 4417/5312/4416
f 3851/4629/3852 3853/4631/3854 4419/5314/4418 4417/5312/4416
f 4421/5316/4420 4420/5317/4421 4418/5315/4419 4419/5314/4418
f 3853/4631/3854 3855/4633/3856 4421/5316/4420 4419/5314/4418
f 4423/5318/4422 4422/5319/4423 4420/5320/4421 4421/5321/4420
f 3855/4639/3856 3857/4638/3858 4423/5318/4422 4421/5321/4420
f 4425/5322/4424 4424/5323/4425 4422/5319/4423 4423/5318/4422
f 3857/4638/3858 3859/4641/3860 4425/5322/4424 4423/5318/4422
f 4427/5324/4426 4426/5325/4427 4424/5323/4425 4425/5322/4424
f 3859/4641/3860 3861/4643/3862 4427/5324/4426 4425/5322/4424
f 4429/5326/4428 4428/5327/4429 4426/5325/4427 4427/5324/4426
f 3861/4643/3862 3863/4645/3864 4429/5326/4428 4427/5324/4426
f 4431/5328/4430 4430/5329/4431 4428/5330/4429 4429/5331/4428
f 3863/4648/3864 3865/4647/3866 4431/5328/4430 4429/5331/4428
f 4433/5332/4432 4432/5333/4433 4430/5329/4431 4431/5328/4430
f 3865/4647/3866 3867/4652/3868 4433/5332/4432 4431/5328/4430
f 4435/5334/4434 4434/5335/4435 4432/5333/4433 4433/5332/4432
f 3867/4652/3868 3869/4654/3870 4435/5334/4434 4433/5332/4432
f 4437/5336/4436 4436/5337/4437 4434/5335/4435 4435/5334/4434
f 3869/4654/3870 4438/5338/4438 4437/5336/4436 4435/5334/4434
f 3869/4654/3870 3870/4653/3869 3872/4657/3873 4438/5338/4438
f 4440/5339/4439 4439/5340/4440 4437/5336/4436 4438/5338/4438
f 3872/4657/3873 4441/5341/4441 4440/5339/4439 4438/5338/4438
f 3872/4657/3873 3873/4656/3872 3875/4660/3876 4441/5341/4441
f 4443/5342/4442 4442/5343/4443 4440/5339/4439 4441/5341/4441
f 3875/4660/3876 3882/4670/3883 4443/5342/4442 4441/5341/4441
f 4445/5344/4444 4444/5345/4445 4442/5343/4443 4443/5342/4442
f 3882/4670/3883 3883/4669/3882 4445/5344/4444 4443/5342/4442
f 4447/5346/4446 4446/5347/4447 4444/5348/4445 4445/5349/4444
f 3883/4673/3882 3884/4672/3885 4447/5346/4446 4445/5349/4444
f 4449/5350/4448 4448/5351/4449 4446/5347/4447 4447/5346/4446
f 3884/4672/3885 3886/4676/3887 4449/5350/4448 4447/5346/4446
f 4451/5352/4450 4450/5353/4451 4448/5351/4449 4449/5350/4448
f 3886/4676/3887 4452/5354/4452 4451/5352/4450 4449/5350/4448
f 3886/4676/3887 3887/4675/3886 3890/4680/3891 4452/5354/4452
f 4454/5355/4453 4453/5356/4454 4451/5352/4450 4452/5354/4452
f 3890/4680/3891 4455/5357/4455 4454/5355/4453 4452/5354/4452
f 3890/4680/3891 3891/4679/3890 3895/4685/3896 4455/5357/4455
f 4457/5358/4456 4456/5359/4457 4454/5355/4453 4455/5357/4455
f 3895/4685/3896 4458/5360/4458 4457/5358/4456 4455/5357/4455
f 3895/4685/3896 3896/4684/3895 3900/4690/3901 4458/5360/4458
f 4460/5361/4459 4459/5362/4460 4457/5358/4456 4458/5360/4458
f 3900/4690/3901 4461/5363/4461 4460/5361/4459 4458/5360/4458
f 3900/4690/3901 3901/4689/3900 3905/4695/3906 4461/5363/4461
f 4463/5364/4462 4462/5365/4463 4460/5361/4459 4461/5363/4461
f 3905/4695/3906 4464/5366/4464 4463/5364/4462 4461/5363/4461
f 3905/4695/3906 3906/4694/3905 3910/4700/3911 4464/5366/4464
f 4466/5367/4465 4465/5368/4466 4463/5364/4462 4464/5366/4464
f 3910/4700/3911 4467/5369/4467 4466/5367/4465 4464/5366/4464
f 3910/4700/3911 3911/4699/3910 3915/4705/3916 4467/5369/4467
f 4469/5370/4468 4468/5371/4469 4466/5367/4465 4467/5369/4467
f 3915/4705/3916 3917/4707/3918 4469/5370/4468 4467/5369/4467
f 4376/5372/4377 4378/5373/4379 4468/5371/4469 4469/5370/4468
f 3917/4707/3918 3919/4709/3920 4376/5372/4377 4469/5370/4468
f 4470/5374/4470 4465/5368/4466 4466/5367/4465 4468/5371/4469
f 4378/5373/4379 4380/5375/4381 4470/5374/4470 4468/5371/4469
f 4472/5376/4471 4471/5377/4472 4465/5368/4466 4470/5374/4470
f 4380/5375/4381 4382/5378/4383 4472/5376/4471 4470/5374/4470
f 4474/5379/4473 4473/5380/4474 4471/5377/4472 4472/5376/4471
f 4382/5378/4383 4475/5381/4475 4474/5379/4473 4472/5376/4471
f 4477/5382/4476 4476/5383/4477 4474/5379/4473 4475/5381/4475
f 4385/5277/4386 4478/5384/4478 4477/5385/4476 4475/5386/4475
f 4382/5274/4383 4383/5273/4382 4385/5277/4386 4475/5386/4475
f 4480/5387/4479 4479/5388/4480 4477/5385/4476 4478/5384/4478
f 4388/5280/4389 4481/5389/4481 4480/5387/4479 4478/5384/4478
f 4385/5277/4386 4386/5276/4385 4388/5280/4389 4478/5384/4478
f 4483/5390/4482 4482/5391/4483 4480/5387/4479 4481/5389/4481
f 4391/5283/4392 4484/5392/4484 4483/5390/4482 4481/5389/4481
f 4388/5280/4389 4389/5279/4388 4391/5283/4392 4481/5389/4481
f 4486/5393/4485 4485/5394/4486 4483/5390/4482 4484/5392/4484
f 4394/5286/4395 4487/5395/4487 4486/5393/4485 4484/5392/4484
f 4391/5283/4392 4392/5282/4391 4394/5286/4395 4484/5392/4484
f 4489/5396/4488 4488/5397/4489 4486/5393/4485 4487/5395/4487
f 4397/5290/4398 4490/5398/4490 4489/5396/4488 4487/5395/4487
f 4394/5286/4395 4395/5285/4394 4397/5290/4398 4487/5395/4487
f 4492/5399/4491 4491/5400/4492 4489/5396/4488 4490/5398/4490
f 4400/5401/4401 4493/5402/4493 4492/5399/4491 4490/5398/4490
f 4397/5290/4398 4398/5289/4397 4400/5401/4401 4490/5398/4490
f 4495/5403/4494 4494/5404/4495 4492/5405/4491 4493/5406/4493
f 4497/5407/4496 4496/5408/4497 4495/5403/4494 4493/5406/4493
f 4400/5295/4401 4401/5294/4400 4497/5407/4496 4493/5406/4493
f 4499/5409/4498 4498/5410/4499 4496/5408/4497 4497/5407/4496
f 4401/5294/4400 4402/5297/4403 4499/5409/4498 4497/5407/4496
f 4501/5411/4500 4500/5412/4501 4498/5410/4499 4499/5409/4498
f 4402/5297/4403 4404/5299/4405 4501/5411/4500 4499/5409/4498
f 4503/5413/4502 4502/5414/4503 4500/5412/4501 4501/5411/4500
f 4404/5299/4405 4406/5301/4407 4503/5413/4502 4501/5411/4500
f 4505/5415/4504 4504/5416/4505 4502/5414/4503 4503/5413/4502
f 4406/5301/4407 4408/5303/4409 4505/5415/4504 4503/5413/4502
f 4507/5417/4506 4506/5418/4507 4504/5416/4505 4505/5415/4504
f 4408/5303/4409 4410/5305/4411 4507/5417/4506 4505/5415/4504
f 4509/5419/4508 4508/5420/4509 4506/5421/4507 4507/5422/4506
f 4410/5308/4411 4412/5307/4413 4509/5419/4508 4507/5422/4506
f 4511/5423/4510 4510/5424/4511 4508/5420/4509 4509/5419/4508
f 4412/5307/4413 4414/5311/4415 4511/5423/4510 4509/5419/4508
f 4513/5425/4512 4512/5426/4513 4510/5424/4511 4511/5423/4510
f 4414/5311/4415 4416/5313/4417 4513/5425/4512 4511/5423/4510
f 4515/5427/4514 4514/5428/4515 4512/5426/4513 4513/5425/4512
f 4416/5313/4417 4418/5315/4419 4515/5427/4514 4513/5425/4512
f 4517/5429/4516 4516/5430/4517 4514/5428/4515 4515/5427/4514
f 4418/5315/4419 4420/5317/4421 4517/5429/4516 4515/5427/4514
f 4519/5431/4518 4518/5432/4519 4516/5433/4517 4517/5434/4516
f 4420/5320/4421 4422/5319/4423 4519/5431/4518 4517/5434/4516
f 4521/5435/4520 4520/5436/4521 4518/5432/4519 4519/5431/4518
f 4422/5319/4423 4424/5323/4425 4521/5435/4520 4519/5431/4518
f 4523/5437/4522 4522/5438/4523 4520/5436/4521 4521/5435/4520
f 4424/5323/4425 4426/5325/4427 4523/5437/4522 4521/5435/4520
f 4525/5439/4524 4524/5440/4525 4522/5438/4523 4523/5437/4522
f 4426/5325/4427 4428/5327/4429 4525/5439/4524 4523/5437/4522
f 4527/5441/4526 4526/5442/4527 4524/5443/4525 4525/5444/4524
f 4428/5330/4429 4430/5329/4431 4527/5441/4526 4525/5444/4524
f 4529/5445/4528 4528/5446/4529 4526/5442/4527 4527/5441/4526
f 4430/5329/4431 4432/5333/4433 4529/5445/4528 4527/5441/4526
f 4531/5447/4530 4530/5448/4531 4528/5446/4529 4529/5445/4528
f 4432/5333/4433 4434/5335/4435 4531/5447/4530 4529/5445/4528
f 4533/5449/4532 4532/5450/4533 4530/5448/4531 4531/5447/4530
f 4434/5335/4435 4436/5337/4437 4533/5449/4532 4531/5447/4530
f 4535/5451/4534 4534/5452/4535 4532/5450/4533 4533/5449/4532
f 4436/5337/4437 4536/5453/4536 4535/5451/4534 4533/5449/4532
f 4436/5337/4437 4437/5336/4436 4439/5340/4440 4536/5453/4536
f 4538/5454/4537 4537/5455/4538 4535/5451/4534 4536/5453/4536
f 4439/5340/4440 4539/5456/4539 4538/5454/4537 4536/5453/4536
f 4439/5340/4440 4440/5339/4439 4442/5343/4443 4539/5456/4539
f 4541/5457/4540 4540/5458/4541 4538/5454/4537 4539/5456/4539
f 4442/5343/4443 4444/5345/4445 4541/5457/4540 4539/5456/4539
f 4543/5459/4542 4542/5460/4543 4540/5458/4541 4541/5457/4540
f 4444/5348/4445 4446/5347/4447 4543/5461/4542 4541/5462/4540
f 4545/5463/4544 4544/5464/4545 4542/5465/4543 4543/5461/4542
f 4446/5347/4447 4448/5351/4449 4545/5463/4544 4543/5461/4542
f 4547/5466/4546 4546/5467/4547 4544/5464/4545 4545/5463/4544
f 4448/5351/4449 4450/5353/4451 4547/5466/4546 4545/5463/4544
f 4549/5468/4548 4548/5469/4549 4546/5467/4547 4547/5466/4546
f 4450/5353/4451 4550/5470/4550 4549/5468/4548 4547/5466/4546
f 4450/5353/4451 4451/5352/4450 4453/5356/4454 4550/5470/4550
f 4552/5471/4551 4551/5472/4552 4549/5468/4548 4550/5470/4550
f 4453/5356/4454 4553/5473/4553 4552/5471/4551 4550/5470/4550
f 4453/5356/4454 4454/5355/4453 4456/5359/4457 4553/5473/4553
f 4555/5474/4554 4554/5475/4555 4552/5471/4551 4553/5473/4553
f 4456/5359/4457 4556/5476/4556 4555/5474/4554 4553/5473/4553
f 4456/5359/4457 4457/5358/4456 4459/5362/4460 4556/5476/4556
f 4558/5477/4557 4557/5478/4558 4555/5474/4554 4556/5476/4556
f 4459/5362/4460 4559/5479/4559 4558/5477/4557 4556/5476/4556
f 4459/5362/4460 4460/5361/4459 4462/5365/4463 4559/5479/4559
f 4473/5380/4474 4560/5480/4560 4558/5477/4557 4559/5479/4559
f 4462/5365/4463 4471/5377/4472 4473/5380/4474 4559/5479/4559
f 4561/5481/4561 4557/5478/4558 4558/5477/4557 4560/5480/4560
f 4476/5383/4477 4562/5482/4562 4561/5481/4561 4560/5480/4560
f 4473/5380/4474 4474/5379/4473 4476/5383/4477 4560/5480/4560
f 4564/5483/4563 4563/5484/4564 4561/5481/4561 4562/5482/4562
f 4479/5388/4480 4565/5485/4565 4564/5486/4563 4562/5487/4562
f 4476/5488/4477 4477/5385/4476 4479/5388/4480 4562/5487/4562
f 4567/5489/4566 4566/5490/4567 4564/5486/4563 4565/5485/4565
f 4482/5391/4483 4568/5491/4568 4567/5489/4566 4565/5485/4565
f 4479/5388/4480 4480/5387/4479 4482/5391/4483 4565/5485/4565
f 4570/5492/4569 4569/5493/4570 4567/5489/4566 4568/5491/4568
f 4485/5394/4486 4571/5494/4571 4570/5492/4569 4568/5491/4568
f 4482/5391/4483 4483/5390/4482 4485/5394/4486 4568/5491/4568
f 4573/5495/4572 4572/5496/4573 4570/5492/4569 4571/5494/4571
f 4488/5397/4489 4574/5497/4574 4573/5495/4572 4571/5494/4571
f 4485/5394/4486 4486/5393/4485 4488/5397/4489 4571/5494/4571
f 4576/5498/4575 4575/5499/4576 4573/5495/4572 4574/5497/4574
f 4491/5400/4492 4577/5500/4577 4576/5498/4575 4574/5497/4574
f 4488/5397/4489 4489/5396/4488 4491/5400/4492 4574/5497/4574
f 4579/5501/4578 4578/5502/4579 4576/5498/4575 4577/5500/4577
f 4494/5503/4495 4580/5504/4580 4579/5501/4578 4577/5500/4577
f 4491/5400/4492 4492/5399/4491 4494/5503/4495 4577/5500/4577
f 4582/5505/4581 4581/5506/4582 4579/5501/4578 4580/5504/4580
f 4584/5507/4583 4583/5508/4584 4582/5509/4581 4580/5510/4580
f 4494/5404/4495 4495/5403/4494 4584/5507/4583 4580/5510/4580
f 4586/5511/4585 4585/5512/4586 4583/5508/4584 4584/5507/4583
f 4495/5403/4494 4496/5408/4497 4586/5511/4585 4584/5507/4583
f 4588/5513/4587 4587/5514/4588 4585/5512/4586 4586/5511/4585
f 4496/5408/4497 4498/5410/4499 4588/5513/4587 4586/5511/4585
f 4590/5515/4589 4589/5516/4590 4587/5514/4588 4588/5513/4587
f 4498/5410/4499 4500/5412/4501 4590/5515/4589 4588/5513/4587
f 4592/5517/4591 4591/5518/4592 4589/5516/4590 4590/5515/4589
f 4500/5412/4501 4502/5414/4503 4592/5517/4591 4590/5515/4589
f 4594/5519/4593 4593/5520/4594 4591/5518/4592 4592/5517/4591
f 4502/5414/4503 4504/5416/4505 4594/5519/4593 4592/5517/4591
f 4596/5521/4595 4595/5522/4596 4593/5520/4594 4594/5519/4593
f 4504/5416/4505 4506/5418/4507 4596/5521/4595 4594/5519/4593
f 4598/5523/4597 4597/5524/4598 4595/5522/4596 4596/5521/4595
f 4506/5418/4507 4508/5525/4509 4598/5523/4597 4596/5521/4595
f 4600/5526/4599 4599/5527/4600 4597/5528/4598 4598/5529/4597
f 4508/5420/4509 4510/5424/4511 4600/5526/4599 4598/5529/4597
f 4602/5530/4601 4601/5531/4602 4599/5527/4600 4600/5526/4599
f 4510/5424/4511 4512/5426/4513 4602/5530/4601 4600/5526/4599
f 4604/5532/4603 4603/5533/4604 4601/5531/4602 4602/5530/4601
f 4512/5426/4513 4514/5428/4515 4604/5532/4603 4602/5530/4601
f 4606/5534/4605 4605/5535/4606 4603/5533/4604 4604/5532/4603
f 4514/5428/4515 4516/5430/4517 4606/5534/4605 4604/5532/4603
f 4608/5536/4607 4607/5537/4608 4605/5538/4606 4606/5539/4605
f 4516/5433/4517 4518/5432/4519 4608/5536/4607 4606/5539/4605
f 4610/5540/4609 4609/5541/4610 4607/5537/4608 4608/5536/4607
f 4518/5432/4519 4520/5436/4521 4610/5540/4609 4608/5536/4607
f 4612/5542/4611 4611/5543/4612 4609/5541/4610 4610/5540/4609
f 4520/5436/4521 4522/5438/4523 4612/5542/4611 4610/5540/4609
f 4614/5544/4613 4613/5545/4614 4611/5546/4612 4612/5547/4611
f 4522/5548/4523 4524/5443/4525 4614/5544/4613 4612/5547/4611
f 4616/5549/4615 4615/5550/4616 4613/5545/4614 4614/5544/4613
f 4524/5443/4525 4526/5442/4527 4616/5549/4615 4614/5544/4613
f 4618/5551/4617 4617/5552/4618 4615/5550/4616 4616/5549/4615
f 4526/5442/4527 4528/5446/4529 4618/5551/4617 4616/5549/4615
f 4620/5553/4619 4619/5554/4620 4617/5552/4618 4618/5551/4617
f 4528/5446/4529 4530/5448/4531 4620/5553/4619 4618/5551/4617
f 4622/5555/4621 4621/5556/4622 4619/5554/4620 4620/5553/4619
f 4530/5448/4531 4532/5450/4533 4622/5555/4621 4620/5553/4619
f 4624/5557/4623 4623/5558/4624 4621/5556/4622 4622/5555/4621
f 4532/5450/4533 4534/5452/4535 4624/5557/4623 4622/5555/4621
f 4626/5559/4625 4625/5560/4626 4623/5558/4624 4624/5557/4623
f 4534/5452/4535 4627/5561/4627 4626/5559/4625 4624/5557/4623
f 4534/5452/4535 4535/5451/4534 4537/5455/4538 4627/5561/4627
f 4629/5562/4628 4628/5563/4629 4626/5559/4625 4627/5561/4627
f 4537/5455/4538 4630/5564/4630 4629/5562/4628 4627/5561/4627
f 4537/5455/4538 4538/5454/4537 4540/5458/4541 4630/5564/4630
f 4632/5565/4631 4631/5566/4632 4629/5562/4628 4630/5564/4630
f 4540/5458/4541 4542/5460/4543 4632/5565/4631 4630/5564/4630
f 4634/5567/4633 4633/5568/4634 4631/5569/4632 4632/5570/4631
f 4542/5465/4543 4544/5464/4545 4634/5567/4633 4632/5570/4631
f 4636/5571/4635 4635/5572/4636 4633/5568/4634 4634/5567/4633
f 4544/5464/4545 4546/5467/4547 4636/5571/4635 4634/5567/4633
f 4638/5573/4637 4637/5574/4638 4635/5572/4636 4636/5571/4635
f 4546/5467/4547 4548/5469/4549 4638/5573/4637 4636/5571/4635
f 4640/5575/4639 4639/5576/4640 4637/5574/4638 4638/5573/4637
f 4548/5469/4549 4641/5577/4641 4640/5575/4639 4638/5573/4637
f 4548/5469/4549 4549/5468/4548 4551/5472/4552 4641/5577/4641
f 4643/5578/4642 4642/5579/4643 4640/5575/4639 4641/5577/4641
f 4551/5472/4552 4644/5580/4644 4643/5578/4642 4641/5577/4641
f 4551/5472/4552 4552/5471/4551 4554/5475/4555 4644/5580/4644
f 4646/5581/4645 4645/5582/4646 4643/5578/4642 4644/5580/4644
f 4554/5475/4555 4647/5583/4647 4646/5581/4645 4644/5580/4644
f 4554/5475/4555 4555/5474/4554 4557/5478/4558 4647/5583/4647
f 4563/5484/4564 4648/5584/4648 4646/5581/4645 4647/5583/4647
f 4557/5478/4558 4561/5481/4561 4563/5484/4564 4647/5583/4647
f 4649/5585/4649 4645/5582/4646 4646/5581/4645 4648/5584/4648
f 4566/5586/4567 4650/5587/4650 4649/5585/4649 4648/5584/4648
f 4563/5484/4564 4564/5483/4563 4566/5586/4567 4648/5584/4648
f 4652/5588/4651 4651/5589/4652 4649/5585/4649 4650/5587/4650
f 4569/5493/4570 4653/5590/4653 4652/5591/4651 4650/5592/4650
f 4566/5490/4567 4567/5489/4566 4569/5493/4570 4650/5592/4650
f 4655/5593/4654 4654/5594/4655 4652/5591/4651 4653/5590/4653
f 4572/5496/4573 4656/5595/4656 4655/5593/4654 4653/5590/4653
f 4569/5493/4570 4570/5492/4569 4572/5496/4573 4653/5590/4653
f 4658/5596/4657 4657/5597/4658 4655/5593/4654 4656/5595/4656
f 4575/5499/4576 4659/5598/4659 4658/5596/4657 4656/5595/4656
f 4572/5496/4573 4573/5495/4572 4575/5499/4576 4656/5595/4656
f 4661/5599/4660 4660/5600/4661 4658/5596/4657 4659/5598/4659
f 4578/5502/4579 4662/5601/4662 4661/5599/4660 4659/5598/4659
f 4575/5499/4576 4576/5498/4575 4578/5502/4579 4659/5598/4659
f 4664/5602/4663 4663/5603/4664 4661/5599/4660 4662/5601/4662
f 4581/5506/4582 4665/5604/4665 4664/5602/4663 4662/5601/4662
f 4578/5502/4579 4579/5501/4578 4581/5506/4582 4662/5601/4662
f 4667/5605/4666 4666/5606/4667 4664/5602/4663 4665/5604/4665
f 4669/5607/4668 4668/5608/4669 4667/5605/4666 4665/5604/4665
f 4581/5506/4582 4582/5505/4581 4669/5607/4668 4665/5604/4665
f 4671/5609/4670 4670/5610/4671 4668/5608/4669 4669/5607/4668
f 4582/5505/4581 4583/5611/4584 4671/5609/4670 4669/5607/4668
f 4673/5612/4672 4672/5613/4673 4670/5614/4671 4671/5615/4670
f 4583/5508/4584 4585/5512/4586 4673/5612/4672 4671/5615/4670
f 4675/5616/4674 4674/5617/4675 4672/5613/4673 4673/5612/4672
f 4585/5512/4586 4587/5514/4588 4675/5616/4674 4673/5612/4672
f 4677/5618/4676 4676/5619/4677 4674/5617/4675 4675/5616/4674
f 4587/5514/4588 4589/5516/4590 4677/5618/4676 4675/5616/4674
f 4679/5620/4678 4678/5621/4679 4676/5619/4677 4677/5618/4676
f 4589/5516/4590 4591/5518/4592 4679/5620/4678 4677/5618/4676
f 4681/5622/4680 4680/5623/4681 4678/5621/4679 4679/5620/4678
f 4591/5518/4592 4593/5520/4594 4681/5622/4680 4679/5620/4678
f 4683/5624/4682 4682/5625/4683 4680/5623/4681 4681/5622/4680
f 4593/5520/4594 4595/5522/4596 4683/5624/4682 4681/5622/4680
f 4685/5626/4684 4684/5627/4685 4682/5625/4683 4683/5624/4682
f 4595/5522/4596 4597/5524/4598 4685/5626/4684 4683/5624/4682
f 4687/5628/4686 4686/5629/4687 4684/5630/4685 4685/5631/4684
f 4597/5528/4598 4599/5527/4600 4687/5628/4686 4685/5631/4684
f 4689/5632/4688 4688/5633/4689 4686/5629/4687 4687/5628/4686
f 4599/5527/4600 4601/5531/4602 4689/5632/4688 4687/5628/4686
f 4691/5634/4690 4690/5635/4691 4688/5633/4689 4689/5632/4688
f 4601/5531/4602 4603/5533/4604 4691/5634/4690 4689/5632/4688
f 4693/5636/4692 4692/5637/4693 4690/5635/4691 4691/5634/4690
f 4603/5533/4604 4605/5535/4606 4693/5636/4692 4691/5634/4690
f 4695/5638/4694 4694/5639/4695 4692/5637/4693 4693/5636/4692
f 4605/5535/4606 4607/5640/4608 4695/5638/4694 4693/5636/4692
f 4697/5641/4696 4696/5642/4697 4694/5643/4695 4695/5644/4694
f 4607/5537/4608 4609/5541/4610 4697/5641/4696 4695/5644/4694
f 4699/5645/4698 4698/5646/4699 4696/5647/4697 4697/5648/4696
f 4609/5649/4610 4611/5546/4612 4699/5645/4698 4697/5648/4696
f 4701/5650/4700 4700/5651/4701 4698/5646/4699 4699/5645/4698
f 4611/5546/4612 4613/5545/4614 4701/5650/4700 4699/5645/4698
f 4703/5652/4702 4702/5653/4703 4700/5651/4701 4701/5650/4700
f 4613/5545/4614 4615/5550/4616 4703/5652/4702 4701/5650/4700
f 4705/5654/4704 4704/5655/4705 4702/5653/4703 4703/5652/4702
f 4615/5550/4616 4617/5552/4618 4705/5654/4704 4703/5652/4702
f 4707/5656/4706 4706/5657/4707 4704/5655/4705 4705/5654/4704
f 4617/5552/4618 4619/5554/4620 4707/5656/4706 4705/5654/4704
f 4709/5658/4708 4708/5659/4709 4706/5657/4707 4707/5656/4706
f 4619/5554/4620 4621/5556/4622 4709/5658/4708 4707/5656/4706
f 4711/5660/4710 4710/5661/4711 4708/5659/4709 4709/5658/4708
f 4621/5556/4622 4623/5558/4624 4711/5660/4710 4709/5658/4708
f 4713/5662/4712 4712/5663/4713 4710/5661/4711 4711/5660/4710
f 4623/5558/4624 4625/5560/4626 4713/5662/4712 4711/5660/4710
f 4715/5664/4714 4714/5665/4715 4712/5663/4713 4713/5662/4712
f 4625/5560/4626 4716/5666/4716 4715/5664/4714 4713/5662/4712
f 4625/5560/4626 4626/5559/4625 4628/5563/4629 4716/5666/4716
f 4718/5667/4717 4717/5668/4718 4715/5664/4714 4716/5666/4716
f 4628/5563/4629 4719/5669/4719 4718/5667/4717 4716/5666/4716
f 4628/5563/4629 4629/5562/4628 4631/5566/4632 4719/5669/4719
f 4721/5670/4720 4720/5671/4721 4718/5667/4717 4719/5669/4719
f 4631/5566/4632 4633/5672/4634 4721/5670/4720 4719/5669/4719
f 4723/5673/4722 4722/5674/4723 4720/5675/4721 4721/5676/4720
f 4633/5568/4634 4635/5572/4636 4723/5673/4722 4721/5676/4720
f 4725/5677/4724 4724/5678/4725 4722/5674/4723 4723/5673/4722
f 4635/5572/4636 4637/5574/4638 4725/5677/4724 4723/5673/4722
f 4727/5679/4726 4726/5680/4727 4724/5678/4725 4725/5677/4724
f 4637/5574/4638 4639/5576/4640 4727/5679/4726 4725/5677/4724
f 4729/5681/4728 4728/5682/4729 4726/5680/4727 4727/5679/4726
f 4639/5576/4640 4730/5683/4730 4729/5681/4728 4727/5679/4726
f 4639/5576/4640 4640/5575/4639 4642/5579/4643 4730/5683/4730
f 4732/5684/4731 4731/5685/4732 4729/5681/4728 4730/5683/4730
f 4642/5579/4643 4733/5686/4733 4732/5684/4731 4730/5683/4730
f 4642/5579/4643 4643/5578/4642 4645/5582/4646 4733/5686/4733
f 4651/5589/4652 4734/5687/4734 4732/5684/4731 4733/5686/4733
f 4645/5582/4646 4649/5585/4649 4651/5589/4652 4733/5686/4733
f 4735/5688/4735 4731/5685/4732 4732/5684/4731 4734/5687/4734
f 4654/5594/4655 4736/5689/4736 4735/5690/4735 4734/5691/4734
f 4651/5589/4652 4652/5588/4651 4654/5692/4655 4734/5687/4734
f 4738/5693/4737 4737/5694/4738 4735/5690/4735 4736/5689/4736
f 4657/5597/4658 4739/5695/4739 4738/5693/4737 4736/5689/4736
f 4654/5594/4655 4655/5593/4654 4657/5597/4658 4736/5689/4736
f 4741/5696/4740 4740/5697/4741 4738/5693/4737 4739/5695/4739
f 4660/5600/4661 4742/5698/4742 4741/5696/4740 4739/5695/4739
f 4657/5597/4658 4658/5596/4657 4660/5600/4661 4739/5695/4739
f 4744/5699/4743 4743/5700/4744 4741/5696/4740 4742/5698/4742
f 4663/5603/4664 4745/5701/4745 4744/5699/4743 4742/5698/4742
f 4660/5600/4661 4661/5599/4660 4663/5603/4664 4742/5698/4742
f 4747/5702/4746 4746/5703/4747 4744/5699/4743 4745/5701/4745
f 4666/5606/4667 4748/5704/4748 4747/5702/4746 4745/5701/4745
f 4663/5603/4664 4664/5602/4663 4666/5606/4667 4745/5701/4745
f 4750/5705/4749 4749/5706/4750 4747/5702/4746 4748/5704/4748
f 4752/5707/4751 4751/5708/4752 4750/5705/4749 4748/5704/4748
f 4666/5606/4667 4667/5605/4666 4752/5707/4751 4748/5704/4748
f 4754/5709/4753 4753/5710/4754 4751/5708/4752 4752/5707/4751
f 4667/5605/4666 4668/5608/4669 4754/5709/4753 4752/5707/4751
f 4756/5711/4755 4755/5712/4756 4753/5710/4754 4754/5709/4753
f 4668/5608/4669 4670/5610/4671 4756/5711/4755 4754/5709/4753
f 4758/5713/4757 4757/5714/4758 4755/5715/4756 4756/5716/4755
f 4670/5614/4671 4672/5613/4673 4758/5713/4757 4756/5716/4755
f 4760/5717/4759 4759/5718/4760 4757/5714/4758 4758/5713/4757
f 4672/5613/4673 4674/5617/4675 4760/5717/4759 4758/5713/4757
f 4762/5719/4761 4761/5720/4762 4759/5718/4760 4760/5717/4759
f 4674/5617/4675 4676/5619/4677 4762/5719/4761 4760/5717/4759
f 4764/5721/4763 4763/5722/4764 4761/5720/4762 4762/5719/4761
f 4676/5619/4677 4678/5621/4679 4764/5721/4763 4762/5719/4761
f 4766/5723/4765 4765/5724/4766 4763/5722/4764 4764/5721/4763
f 4678/5621/4679 4680/5623/4681 4766/5723/4765 4764/5721/4763
f 4768/5725/4767 4767/5726/4768 4765/5724/4766 4766/5723/4765
f 4680/5623/4681 4682/5625/4683 4768/5725/4767 4766/5723/4765
f 4770/5727/4769 4769/5728/4770 4767/5729/4768 4768/5730/4767
f 4682/5731/4683 4684/5630/4685 4770/5727/4769 4768/5730/4767
f 4772/5732/4771 4771/5733/4772 4769/5728/4770 4770/5727/4769
f 4684/5630/4685 4686/5629/4687 4772/5732/4771 4770/5727/4769
f 4774/5734/4773 4773/5735/4774 4771/5733/4772 4772/5732/4771
f 4686/5629/4687 4688/5633/4689 4774/5734/4773 4772/5732/4771
f 4776/5736/4775 4775/5737/4776 4773/5735/4774 4774/5734/4773
f 4688/5633/4689 4690/5635/4691 4776/5736/4775 4774/5734/4773
f 4778/5738/4777 4777/5739/4778 4775/5737/4776 4776/5736/4775
f 4690/5635/4691 4692/5637/4693 4778/5738/4777 4776/5736/4775
f 4780/5740/4779 4779/5741/4780 4777/5739/4778 4778/5738/4777
f 4692/5637/4693 4694/5639/4695 4780/5740/4779 4778/5738/4777
f 4782/5742/4781 4781/5743/4782 4779/5744/4780 4780/5745/4779
f 4694/5746/4695 4696/5647/4697 4782/5742/4781 4780/5745/4779
f 4784/5747/4783 4783/5748/4784 4781/5743/4782 4782/5742/4781
f 4696/5647/4697 4698/5646/4699 4784/5747/4783 4782/5742/4781
f 4786/5749/4785 4785/5750/4786 4783/5748/4784 4784/5747/4783
f 4698/5646/4699 4700/5651/4701 4786/5749/4785 4784/5747/4783
f 4788/5751/4787 4787/5752/4788 4785/5750/4786 4786/5749/4785
f 4700/5651/4701 4702/5653/4703 4788/5751/4787 4786/5749/4785
f 4790/5753/4789 4789/5754/4790 4787/5752/4788 4788/5751/4787
f 4702/5653/4703 4704/5655/4705 4790/5753/4789 4788/5751/4787
f 4791/5755/4791 2656/3193/2650 4789/5754/4790 4790/5753/4789
f 4704/5655/4705 4706/5657/4707 4791/5755/4791 4790/5753/4789
f 4792/5756/4792 2655/3191/2648 2656/3193/2650 4791/5755/4791
f 4706/5657/4707 4708/5659/4709 4792/5756/4792 4791/5755/4791
f 4793/5757/4793 2654/3192/2649 2655/3191/2648 4792/5756/4792
f 4708/5659/4709 4710/5661/4711 4793/5757/4793 4792/5756/4792
f 4795/5758/4794 4794/5759/4795 2654/3192/2649 4793/5757/4793
f 4710/5661/4711 4712/5663/4713 4795/5758/4794 4793/5757/4793
f 4797/5760/4796 4796/5761/4797 4794/5759/4795 4795/5758/4794
f 4712/5663/4713 4714/5665/4715 4797/5760/4796 4795/5758/4794
f 4799/5762/4798 4798/5763/4799 4796/5761/4797 4797/5760/4796
f 4714/5665/4715 4800/5764/4800 4799/5762/4798 4797/5760/4796
f 4714/5665/4715 4715/5664/4714 4717/5668/4718 4800/5764/4800
f 4802/5765/4801 4801/5766/4802 4799/5762/4798 4800/5764/4800
f 4717/5668/4718 4803/5767/4803 4802/5765/4801 4800/5764/4800
f 4717/5668/4718 4718/5667/4717 4720/5671/4721 4803/5767/4803
f 4805/5768/4804 4804/5769/4805 4802/5765/4801 4803/5767/4803
f 4720/5671/4721 4722/5770/4723 4805/5768/4804 4803/5767/4803
f 4807/5771/4806 4806/5772/4807 4804/5773/4805 4805/5774/4804
f 4722/5674/4723 4724/5678/4725 4807/5771/4806 4805/5774/4804
f 4809/5775/4808 4808/5776/4809 4806/5772/4807 4807/5771/4806
f 4724/5678/4725 4726/5680/4727 4809/5775/4808 4807/5771/4806
f 4811/5777/4810 4810/5778/4811 4808/5776/4809 4809/5775/4808
f 4726/5680/4727 4728/5682/4729 4811/5777/4810 4809/5775/4808
f 4813/5779/4812 4812/5780/4813 4810/5778/4811 4811/5777/4810
f 4728/5682/4729 4814/5781/4814 4813/5779/4812 4811/5777/4810
f 4728/5682/4729 4729/5681/4728 4731/5685/4732 4814/5781/4814
f 4737/5782/4738 4815/5783/4815 4813/5779/4812 4814/5781/4814
f 4731/5685/4732 4735/5688/4735 4737/5782/4738 4814/5781/4814
f 4816/5784/4816 4812/5780/4813 4813/5779/4812 4815/5783/4815
f 4740/5697/4741 4817/5785/4817 4816/5786/4816 4815/5787/4815
f 4737/5694/4738 4738/5693/4737 4740/5697/4741 4815/5787/4815
f 4819/5788/4818 4818/5789/4819 4816/5784/4816 4817/5790/4817
f 4743/5700/4744 4820/5791/4820 4819/5792/4818 4817/5785/4817
f 4740/5697/4741 4741/5696/4740 4743/5700/4744 4817/5785/4817
f 4822/5793/4821 4821/5794/4822 4819/5792/4818 4820/5791/4820
f 4746/5703/4747 4823/5795/4823 4822/5793/4821 4820/5791/4820
f 4743/5700/4744 4744/5699/4743 4746/5703/4747 4820/5791/4820
f 4825/5796/4824 4824/5797/4825 4822/5793/4821 4823/5795/4823
f 4749/5706/4750 4826/5798/4826 4825/5796/4824 4823/5795/4823
f 4746/5703/4747 4747/5702/4746 4749/5706/4750 4823/5795/4823
f 4828/5799/4827 4827/5800/4828 4825/5796/4824 4826/5798/4826
f 4830/5801/4829 4829/5802/4830 4828/5799/4827 4826/5798/4826
f 4749/5706/4750 4750/5705/4749 4830/5801/4829 4826/5798/4826
f 4832/5803/4831 4831/5804/4832 4829/5802/4830 4830/5801/4829
f 4750/5705/4749 4751/5708/4752 4832/5803/4831 4830/5801/4829
f 4834/5805/4833 4833/5806/4834 4831/5804/4832 4832/5803/4831
f 4751/5708/4752 4753/5710/4754 4834/5805/4833 4832/5803/4831
f 4836/5807/4835 4835/5808/4836 4833/5809/4834 4834/5810/4833
f 4753/5710/4754 4755/5712/4756 4836/5811/4835 4834/5805/4833
f 4838/5812/4837 4837/5813/4838 4835/5808/4836 4836/5807/4835
f 4755/5715/4756 4757/5714/4758 4838/5812/4837 4836/5807/4835
f 4840/5814/4839 4839/5815/4840 4837/5813/4838 4838/5812/4837
f 4757/5714/4758 4759/5718/4760 4840/5814/4839 4838/5812/4837
f 4842/5816/4841 4841/5817/4842 4839/5815/4840 4840/5814/4839
f 4759/5718/4760 4761/5720/4762 4842/5816/4841 4840/5814/4839
f 4844/5818/4843 4843/5819/4844 4841/5817/4842 4842/5816/4841
f 4761/5720/4762 4763/5722/4764 4844/5818/4843 4842/5816/4841
f 4846/5820/4845 4845/5821/4846 4843/5819/4844 4844/5818/4843
f 4763/5722/4764 4765/5724/4766 4846/5820/4845 4844/5818/4843
f 4848/5822/4847 4847/5823/4848 4845/5821/4846 4846/5820/4845
f 4765/5724/4766 4767/5726/4768 4848/5822/4847 4846/5820/4845
f 4850/5824/4849 4849/5825/4850 4847/5826/4848 4848/5827/4847
f 4767/5729/4768 4769/5728/4770 4850/5824/4849 4848/5827/4847
f 4852/5828/4851 4851/5829/4852 4849/5825/4850 4850/5824/4849
f 4769/5728/4770 4771/5733/4772 4852/5828/4851 4850/5824/4849
f 4854/5830/4853 4853/5831/4854 4851/5829/4852 4852/5828/4851
f 4771/5733/4772 4773/5735/4774 4854/5830/4853 4852/5828/4851
f 4856/5832/4855 4855/5833/4856 4853/5831/4854 4854/5830/4853
f 4773/5735/4774 4775/5737/4776 4856/5832/4855 4854/5830/4853
f 4858/5834/4857 4857/5835/4858 4855/5833/4856 4856/5832/4855
f 4775/5737/4776 4777/5739/4778 4858/5834/4857 4856/5832/4855
f 4860/5836/4859 4859/5837/4860 4857/5835/4858 4858/5834/4857
f 4777/5739/4778 4779/5741/4780 4860/5836/4859 4858/5834/4857
f 4862/5838/4861 4861/5839/4862 4859/5840/4860 4860/5841/4859
f 4779/5744/4780 4781/5743/4782 4862/5838/4861 4860/5841/4859
f 4864/5842/4863 4863/5843/4864 4861/5839/4862 4862/5838/4861
f 4781/5743/4782 4783/5748/4784 4864/5842/4863 4862/5838/4861
f 4866/5844/4865 4865/5845/4866 4863/5843/4864 4864/5842/4863
f 4783/5748/4784 4785/5750/4786 4866/5844/4865 4864/5842/4863
f 4868/5846/4867 4867/5847/4868 4865/5845/4866 4866/5844/4865
f 4785/5750/4786 4787/5752/4788 4868/5846/4867 4866/5844/4865
f 4870/5848/4869 4869/5849/4870 4867/5847/4868 4868/5846/4867
f 4787/5752/4788 4789/5754/4790 4870/5848/4869 4868/5846/4867
f 2651/3189/2646 2652/3188/2645 4869/5849/4870 4870/5848/4869
f 4789/5754/4790 2656/3193/2650 2651/3189/2646 4870/5848/4869
f 4872/5850/4871 4871/5851/4872 4867/5847/4868 4869/5849/4870
f 2652/3188/2645 4873/5852/4873 4872/5850/4871 4869/5849/4870
f 4875/5853/4874 4874/5854/4875 4872/5850/4871 4873/5852/4873
f 4877/5855/4876 4876/5856/4877 4875/5853/4874 4873/5852/4873
f 2652/3188/2645 2653/3187/2644 4877/5855/4876 4873/5852/4873
f 2653/3187/2644 2654/3192/2649 4794/5759/4795 4877/5855/4876
f 4794/5759/4795 4796/5761/4797 4876/5856/4877 4877/5855/4876
f 4879/5857/4878 4878/5858/4879 4875/5853/4874 4876/5856/4877
f 4796/5761/4797 4798/5763/4799 4879/5857/4878 4876/5856/4877
f 4881/5859/4880 4880/5860/4881 4878/5858/4879 4879/5857/4878
f 4798/5763/4799 4882/5861/4882 4881/5859/4880 4879/5857/4878
f 4798/5763/4799 4799/5762/4798 4801/5766/4802 4882/5861/4882
f 4884/5862/4883 4883/5863/4884 4881/5859/4880 4882/5861/4882
f 4801/5766/4802 4885/5864/4885 4884/5862/4883 4882/5861/4882
f 4801/5766/4802 4802/5765/4801 4804/5769/4805 4885/5864/4885
f 4887/5865/4886 4886/5866/4887 4884/5862/4883 4885/5864/4885
f 4804/5773/4805 4806/5772/4807 4887/5867/4886 4885/5868/4885
f 4889/5869/4888 4888/5870/4889 4886/5871/4887 4887/5867/4886
f 4806/5772/4807 4808/5776/4809 4889/5869/4888 4887/5867/4886
f 4891/5872/4890 4890/5873/4891 4888/5870/4889 4889/5869/4888
f 4808/5776/4809 4810/5778/4811 4891/5872/4890 4889/5869/4888
f 4893/5874/4892 4892/5875/4893 4890/5873/4891 4891/5872/4890
f 4810/5778/4811 4812/5780/4813 4893/5874/4892 4891/5872/4890
f 4818/5789/4819 4894/5876/4894 4892/5875/4893 4893/5874/4892
f 4812/5780/4813 4816/5784/4816 4818/5789/4819 4893/5874/4892
f 4896/5877/4895 4895/5878/4896 4892/5875/4893 4894/5876/4894
f 4821/5879/4822 4897/5880/4897 4896/5877/4895 4894/5876/4894
f 4818/5789/4819 4819/5788/4818 4821/5879/4822 4894/5876/4894
f 4899/5881/4898 4898/5882/4899 4896/5877/4895 4897/5880/4897
f 4824/5883/4825 4900/5884/4900 4899/5881/4898 4897/5880/4897
f 4821/5794/4822 4822/5793/4821 4824/5797/4825 4897/5885/4897
f 4901/5886/4901 2624/3157/2614 4899/5881/4898 4900/5884/4900
f 4827/5800/4828 4902/5887/4902 4901/5888/4901 4900/5889/4900
f 4824/5797/4825 4825/5796/4824 4827/5800/4828 4900/5889/4900
f 4904/5890/4903 4903/5891/4904 4901/5888/4901 4902/5887/4902
f 4906/5892/4905 4905/5893/4906 4904/5890/4903 4902/5887/4902
f 4827/5800/4828 4828/5799/4827 4906/5892/4905 4902/5887/4902
f 4908/5894/4907 4907/5895/4908 4905/5893/4906 4906/5892/4905
f 4828/5799/4827 4829/5802/4830 4908/5894/4907 4906/5892/4905
f 4910/5896/4909 4909/5897/4910 4907/5895/4908 4908/5894/4907
f 4829/5802/4830 4831/5804/4832 4910/5896/4909 4908/5894/4907
f 4911/5898/4911 2638/5899/2629 4909/5897/4910 4910/5896/4909
f 4831/5804/4832 4833/5806/4834 4911/5898/4911 4910/5896/4909
f 4912/5900/4912 2637/3170/2627 2638/3172/2629 4911/5901/4911
f 4833/5809/4834 4835/5808/4836 4912/5900/4912 4911/5901/4911
f 4913/5902/4913 2636/3171/2628 2637/3170/2627 4912/5900/4912
f 4835/5808/4836 4837/5813/4838 4913/5902/4913 4912/5900/4912
f 4915/5903/4914 4914/5904/4915 2636/3171/2628 4913/5902/4913
f 4837/5813/4838 4839/5815/4840 4915/5903/4914 4913/5902/4913
f 4917/5905/4916 4916/5906/4917 4914/5904/4915 4915/5903/4914
f 4839/5815/4840 4841/5817/4842 4917/5905/4916 4915/5903/4914
f 4919/5907/4918 4918/5908/4919 4916/5906/4917 4917/5905/4916
f 4841/5817/4842 4843/5819/4844 4919/5907/4918 4917/5905/4916
f 4921/5909/4920 4920/5910/4921 4918/5908/4919 4919/5907/4918
f 4843/5819/4844 4845/5821/4846 4921/5909/4920 4919/5907/4918
f 2664/5911/2659 2665/5912/2658 4920/5910/4921 4921/5909/4920
f 4845/5821/4846 4847/5823/4848 2664/5911/2659 4921/5909/4920
f 4923/5913/4922 4922/5914/4923 4918/5908/4919 4920/5910/4921
f 2665/5912/2658 2666/5915/2663 4923/5913/4922 4920/5910/4921
f 4925/5916/4924 4924/5917/4925 4922/5914/4923 4923/5913/4922
f 2666/3206/2663 4926/5918/4926 4925/5919/4924 4923/5920/4922
f 2666/3206/2663 2667/3205/2662 4927/5921/4927 4926/5918/4926
f 4929/5922/4928 4928/5923/4929 4925/5919/4924 4926/5918/4926
f 4927/5921/4927 4930/5924/4930 4929/5922/4928 4926/5918/4926
f 4927/5921/4927 4932/5925/4931 4931/5926/4932 4930/5924/4930
f 4934/5927/4933 4933/5928/4934 4929/5922/4928 4930/5924/4930
f 4931/5926/4932 4935/5929/4935 4934/5927/4933 4930/5924/4930
f 4931/5926/4932 4855/5833/4856 4857/5835/4858 4935/5929/4935
f 4937/5930/4936 4936/5931/4937 4934/5927/4933 4935/5929/4935
f 4857/5835/4858 4859/5837/4860 4937/5930/4936 4935/5929/4935
f 4939/5932/4938 4938/5933/4939 4936/5934/4937 4937/5935/4936
f 4859/5840/4860 4861/5839/4862 4939/5932/4938 4937/5935/4936
f 4941/5936/4940 4940/5937/4941 4938/5933/4939 4939/5932/4938
f 4861/5839/4862 4863/5843/4864 4941/5936/4940 4939/5932/4938
f 4943/5938/4942 4942/5939/4943 4940/5937/4941 4941/5936/4940
f 4863/5843/4864 4865/5845/4866 4943/5938/4942 4941/5936/4940
f 4871/5851/4872 4944/5940/4944 4942/5939/4943 4943/5938/4942
f 4865/5845/4866 4867/5847/4868 4871/5851/4872 4943/5938/4942
f 4946/5941/4945 4945/5942/4946 4942/5939/4943 4944/5940/4944
f 4874/5854/4875 4947/5943/4947 4946/5941/4945 4944/5940/4944
f 4871/5851/4872 4872/5850/4871 4874/5854/4875 4944/5940/4944
f 4949/5944/4948 4948/5945/4949 4946/5941/4945 4947/5943/4947
f 4878/5858/4879 4880/5860/4881 4949/5944/4948 4947/5943/4947
f 4874/5854/4875 4875/5853/4874 4878/5858/4879 4947/5943/4947
f 4951/5946/4950 4950/5947/4951 4948/5945/4949 4949/5944/4948
f 4880/5860/4881 4952/5948/4952 4951/5946/4950 4949/5944/4948
f 4880/5860/4881 4881/5859/4880 4883/5863/4884 4952/5948/4952
f 4954/5949/4953 4953/5950/4954 4951/5946/4950 4952/5948/4952
f 4883/5863/4884 4955/5951/4955 4954/5949/4953 4952/5948/4952
f 4883/5863/4884 4884/5862/4883 4886/5866/4887 4955/5951/4955
f 4957/5952/4956 4956/5953/4957 4954/5954/4953 4955/5955/4955
f 4886/5871/4887 4888/5870/4889 4957/5952/4956 4955/5955/4955
f 4959/5956/4958 4958/5957/4959 4956/5953/4957 4957/5952/4956
f 4888/5870/4889 4890/5873/4891 4959/5956/4958 4957/5952/4956
f 4895/5878/4896 4960/5958/4960 4958/5957/4959 4959/5956/4958
f 4890/5873/4891 4892/5875/4893 4895/5878/4896 4959/5956/4958
f 2626/3158/2615 4961/5959/4961 4958/5957/4959 4960/5958/4960
f 4898/5882/4899 2625/3156/2613 2626/3158/2615 4960/5958/4960
f 4895/5878/4896 4896/5877/4895 4898/5882/4899 4960/5958/4960
f 4962/5960/4962 4956/5953/4957 4958/5957/4959 4961/5959/4961
f 4964/5961/4963 4963/5962/4964 4962/5960/4962 4961/5959/4961
f 2626/3158/2615 2621/3154/2611 4964/5961/4963 4961/5959/4961
f 4966/5963/4965 4965/5964/4966 4963/5965/4964 4964/5966/4963
f 2621/3154/2611 2622/3153/2610 4966/5967/4965 4964/5961/4963
f 4968/5968/4967 4967/5969/4968 4965/5964/4966 4966/5963/4965
f 2622/5970/2610 4969/5971/4969 4968/5968/4967 4966/5963/4965
f 4971/5972/4970 4970/5973/4971 4968/5968/4967 4969/5971/4969
f 4903/5891/4904 4904/5890/4903 4971/5974/4970 4969/5975/4969
f 2622/5976/2610 2623/5977/2609 4903/5891/4904 4969/5975/4969
f 4973/5978/4972 4972/5979/4973 4970/5973/4971 4971/5972/4970
f 4904/5890/4903 4905/5893/4906 4973/5980/4972 4971/5974/4970
f 4975/5981/4974 4974/5982/4975 4972/5983/4973 4973/5980/4972
f 4905/5893/4906 4907/5895/4908 4975/5981/4974 4973/5980/4972
f 4977/5984/4976 4976/5985/4977 4974/5982/4975 4975/5981/4974
f 4907/5895/4908 4909/5897/4910 4977/5984/4976 4975/5981/4974
f 2633/3168/2625 2634/3167/2624 4976/5986/4977 4977/5987/4976
f 4909/5897/4910 2638/5899/2629 2633/5988/2625 4977/5984/4976
f 2634/3167/2624 4979/5989/4978 4978/5990/4979 4976/5986/4977
f 4978/5991/4979 4980/5992/4980 4974/5993/4975 4976/5994/4977
f 4978/5991/4979 4982/5995/4981 4981/5996/4982 4980/5992/4980
f 4983/5997/4983 4972/5979/4973 4974/5993/4975 4980/5992/4980
f 4981/5996/4982 4984/5998/4984 4983/5997/4983 4980/5992/4980
f 4981/5996/4982 4986/5999/4985 4985/6000/4986 4984/5998/4984
f 4988/6001/4987 4987/6002/4988 4983/5997/4983 4984/5998/4984
f 4985/6000/4986 4989/6003/4989 4988/6001/4987 4984/5998/4984
f 4985/6000/4986 4991/6004/4990 4990/6005/4991 4989/6003/4989
f 4993/6006/4992 4992/6007/4993 4988/6001/4987 4989/6003/4989
f 4990/6008/4991 4994/6009/4994 4993/6010/4992 4989/6011/4989
f 4990/6008/4991 4996/6012/4995 4995/6013/4996 4994/6009/4994
f 4998/6014/4997 4997/6015/4998 4993/6010/4992 4994/6009/4994
f 4995/6013/4996 4945/5942/4946 4998/6014/4997 4994/6009/4994
f 4948/5945/4949 4950/5947/4951 4997/6015/4998 4998/6014/4997
f 4945/5942/4946 4946/5941/4945 4948/5945/4949 4998/6014/4997
f 4999/6016/4999 4992/6017/4993 4993/6010/4992 4997/6015/4998
f 4950/5947/4951 5000/6018/5000 4999/6016/4999 4997/6015/4998
f 4963/6019/4964 4965/6020/4966 4999/6016/4999 5000/6018/5000
f 4953/5950/4954 4962/6021/4962 4963/6019/4964 5000/6018/5000
f 4950/5947/4951 4951/5946/4950 4953/5950/4954 5000/6018/5000
f 4965/5964/4966 4967/5969/4968 4992/6007/4993 4999/6022/4999
f 5001/6023/5001 4936/5934/4937 4938/5933/4939 4996/6012/4995
f 4990/6008/4991 4991/6024/4990 5001/6023/5001 4996/6012/4995
f 4938/5933/4939 4940/5937/4941 4995/6013/4996 4996/6012/4995
f 4933/6025/4934 4934/6026/4933 4936/6027/4937 5001/6028/5001
f 4991/6004/4990 5002/6029/5002 4933/6025/4934 5001/6028/5001
f 4928/5923/4929 4929/5922/4928 4933/5928/4934 5002/6030/5002
f 4986/5999/4985 5003/6031/5003 4928/6032/4929 5002/6029/5002
f 4991/6004/4990 4985/6000/4986 4986/5999/4985 5002/6029/5002
f 4924/5917/4925 4925/5916/4924 4928/6033/4929 5003/6034/5003
f 4982/6035/4981 5004/6036/5004 4924/5917/4925 5003/6034/5003
f 4986/5999/4985 4981/5996/4982 4982/5995/4981 5003/6031/5003
f 5005/6037/5005 4922/5914/4923 4924/5917/4925 5004/6036/5004
f 4979/5989/4978 5006/6038/5006 5005/6037/5005 5004/6036/5004
f 4982/6035/4981 4978/5990/4979 4979/5989/4978 5004/6036/5004
f 4914/5904/4915 4916/5906/4917 5005/6037/5005 5006/6038/5006
f 2635/3166/2623 2636/3171/2628 4914/5904/4915 5006/6038/5006
f 4979/5989/4978 2634/3167/2624 2635/3166/2623 5006/6038/5006
f 4916/5906/4917 4918/5908/4919 4922/5914/4923 5005/6037/5005
f 4940/5937/4941 4942/5939/4943 4945/5942/4946 4995/6013/4996
f 4967/5969/4968 4987/6002/4988 4988/6001/4987 4992/6007/4993
f 4970/5973/4971 4972/5979/4973 4983/5997/4983 4987/6002/4988
f 4967/5969/4968 4968/5968/4967 4970/5973/4971 4987/6002/4988
f 4953/6039/4954 4954/5954/4953 4956/5953/4957 4962/5960/4962
f 2668/3207/2664 4851/5829/4852 4853/5831/4854 4932/5925/4931
f 4927/5921/4927 2667/3205/2662 2668/3207/2664 4932/5925/4931
f 4853/5831/4854 4855/5833/4856 4931/5926/4932 4932/5925/4931
f 2623/3152/2609 2624/3157/2614 4901/5886/4901 4903/6040/4904
f 2624/3157/2614 2625/3156/2613 4898/5882/4899 4899/5881/4898
f 2668/3207/2664 2663/3203/2660 4849/5825/4850 4851/5829/4852
f 2663/3203/2660 2664/3202/2659 4847/5826/4848 4849/5825/4850
f 4462/5365/4463 4463/5364/4462 4465/5368/4466 4471/5377/4472
f 3889/4678/3889 2574/3140/2597 2608/3139/2596 3894/4682/3893
f 3875/4660/3876 3876/4659/3875 3878/4663/3879 3882/4670/3883
f 2605/3132/2589 2606/3135/2592 3756/4524/3757 3757/4523/3756
f 3688/5013/3687 3689/4455/3690 3697/4454/3697 3699/4458/3700
f 2669/3210/2667 2670/3209/2666 3685/4435/3685 3687/4438/3688
f 2670/3209/2666 2671/3208/2665 3682/4433/3683 3683/4432/3682
f 5007/6041/5007 3191/3840/3191 3192/3842/3193 3665/4411/3664
f 3659/4407/3660 3660/4406/3659 5007/6041/5007 3665/4411/3664
f 3192/3842/3193 3194/3844/3195 3664/4412/3665 3665/4411/3664
f 5008/6042/5008 3187/3834/3188 3191/3840/3191 5007/6041/5007
f 3660/4406/3659 5009/6043/5009 5008/6042/5008 5007/6041/5007
f 5010/6044/5010 3184/3831/3185 5008/6045/5008 5009/6046/5009
f 3655/6047/3654 5011/6048/5011 5010/6044/5010 5009/6046/5009
f 3660/4406/3659 3654/4402/3655 3655/4401/3654 5009/6043/5009
f 5012/6049/5012 3181/3828/3182 5010/6044/5010 5011/6048/5011
f 3650/4394/3649 5013/6050/5013 5012/6049/5012 5011/6048/5011
f 3655/6047/3654 3649/4395/3650 3650/4394/3649 5011/6048/5011
f 5014/6051/5014 3178/3825/3179 5012/6049/5012 5013/6050/5013
f 3645/4386/3644 5015/6052/5015 5014/6051/5014 5013/6050/5013
f 3650/4394/3649 3644/4387/3645 3645/4386/3644 5013/6050/5013
f 5016/6053/5016 3175/3822/3176 5014/6051/5014 5015/6052/5015
f 3640/4381/3639 5017/6054/5017 5016/6053/5016 5015/6052/5015
f 3645/4386/3644 3639/4382/3640 3640/4381/3639 5015/6052/5015
f 5018/6055/5018 3172/3819/3173 5016/6053/5016 5017/6054/5017
f 3635/4376/3634 5019/6056/5019 5018/6055/5018 5017/6054/5017
f 3640/4381/3639 3634/4377/3635 3635/4376/3634 5017/6054/5017
f 5020/6057/5020 3169/3816/3170 5018/6055/5018 5019/6056/5019
f 3630/4371/3629 5021/6058/5021 5020/6057/5020 5019/6056/5019
f 3635/4376/3634 3629/4372/3630 3630/4371/3629 5019/6056/5019
f 5022/6059/5022 3166/3813/3167 5020/6057/5020 5021/6058/5021
f 3625/4366/3624 5023/6060/5023 5022/6059/5022 5021/6058/5021
f 3630/4371/3629 3624/4367/3625 3625/4366/3624 5021/6058/5021
f 5024/6061/5024 3163/3810/3164 5022/6059/5022 5023/6060/5023
f 3620/4361/3619 5025/6062/5025 5024/6061/5024 5023/6060/5023
f 3625/4366/3624 3619/4362/3620 3620/4361/3619 5023/6060/5023
f 5026/6063/5026 3160/3807/3161 5024/6061/5024 5025/6062/5025
f 3615/4356/3614 5027/6064/5027 5026/6063/5026 5025/6062/5025
f 3620/4361/3619 3614/4357/3615 3615/4356/3614 5025/6062/5025
f 5028/6065/5028 3157/3799/3158 5026/6063/5026 5027/6064/5027
f 3610/4351/3609 5029/6066/5029 5028/6065/5028 5027/6064/5027
f 3615/4356/3614 3609/4352/3610 3610/4351/3609 5027/6064/5027
f 5030/6067/5030 3154/6068/3155 5028/6065/5028 5029/6066/5029
f 3605/4346/3604 5031/6069/5031 5030/6067/5030 5029/6066/5029
f 3610/4351/3609 3604/4347/3605 3605/4346/3604 5029/6066/5029
f 5032/6070/5032 3151/3793/3152 5030/6071/5030 5031/6072/5031
f 3600/6073/3599 5033/6074/5033 5032/6070/5032 5031/6072/5031
f 3605/4346/3604 3599/4342/3600 3600/4341/3599 5031/6069/5031
f 5034/6075/5034 3148/3790/3149 5032/6070/5032 5033/6074/5033
f 3595/4333/3594 5035/6076/5035 5034/6075/5034 5033/6074/5033
f 3600/6073/3599 3594/4334/3595 3595/4333/3594 5033/6074/5033
f 5036/6077/5036 3145/3787/3146 5034/6075/5034 5035/6076/5035
f 3590/4328/3589 5037/6078/5037 5036/6077/5036 5035/6076/5035
f 3595/4333/3594 3589/4329/3590 3590/4328/3589 5035/6076/5035
f 5038/6079/5038 3142/3784/3143 5036/6077/5036 5037/6078/5037
f 3585/4323/3584 5039/6080/5039 5038/6079/5038 5037/6078/5037
f 3590/4328/3589 3584/4324/3585 3585/4323/3584 5037/6078/5037
f 5040/6081/5040 3139/3781/3140 5038/6079/5038 5039/6080/5039
f 3580/4318/3579 5041/6082/5041 5040/6081/5040 5039/6080/5039
f 3585/4323/3584 3579/4319/3580 3580/4318/3579 5039/6080/5039
f 5042/6083/5042 3136/3778/3137 5040/6081/5040 5041/6082/5041
f 3575/4311/3574 5043/6084/5043 5042/6083/5042 5041/6082/5041
f 3580/4318/3579 3574/4312/3575 3575/4311/3574 5041/6082/5041
f 5044/6085/5044 3133/3775/3134 5042/6083/5042 5043/6084/5043
f 3570/6086/3569 5045/6087/5045 5044/6085/5044 5043/6084/5043
f 3575/4311/3574 3569/4310/3570 3570/6086/3569 5043/6084/5043
f 5046/6088/5046 3130/3767/3131 5044/6085/5044 5045/6087/5045
f 3565/4300/3564 2681/3224/2679 5046/6089/5046 5045/6090/5045
f 3570/4305/3569 3564/4301/3565 3565/4300/3564 5045/6090/5045
f 3127/6091/3128 3128/3768/3127 3130/3767/3131 5046/6088/5046
f 2681/3224/2679 2675/3223/2674 3127/6092/3128 5046/6089/5046
f 3130/3767/3131 3131/3766/3130 3133/3775/3134 5044/6085/5044
f 3133/3775/3134 3134/3774/3133 3136/3778/3137 5042/6083/5042
f 3136/3778/3137 3137/3777/3136 3139/3781/3140 5040/6081/5040
f 3139/3781/3140 3140/3780/3139 3142/3784/3143 5038/6079/5038
f 3142/3784/3143 3143/3783/3142 3145/3787/3146 5036/6077/5036
f 3145/3787/3146 3146/3786/3145 3148/3790/3149 5034/6075/5034
f 3148/3790/3149 3149/3789/3148 3151/3793/3152 5032/6070/5032
f 3151/3793/3152 3152/3792/3151 3154/3796/3155 5030/6071/5030
f 3154/6068/3155 3155/3800/3154 3157/3799/3158 5028/6065/5028
f 3157/3799/3158 3158/3798/3157 3160/3807/3161 5026/6063/5026
f 3160/3807/3161 3161/3806/3160 3163/3810/3164 5024/6061/5024
f 3163/3810/3164 3164/3809/3163 3166/3813/3167 5022/6059/5022
f 3166/3813/3167 3167/3812/3166 3169/3816/3170 5020/6057/5020
f 3169/3816/3170 3170/3815/3169 3172/3819/3173 5018/6055/5018
f 3172/3819/3173 3173/3818/3172 3175/3822/3176 5016/6053/5016
f 3175/3822/3176 3176/3821/3175 3178/3825/3179 5014/6051/5014
f 3178/3825/3179 3179/3824/3178 3181/3828/3182 5012/6049/5012
f 3181/3828/3182 3182/3827/3181 3184/3831/3185 5010/6044/5010
f 3184/3831/3185 3185/3830/3184 3187/6093/3188 5008/6045/5008
f 2614/4667/2601 3576/4315/3577 3577/4314/3576 3581/6094/3582
f 3560/4296/3560 2680/3219/2676 2681/3224/2679 3565/4300/3564
f 3544/4276/3545 3545/4275/3544 3547/4281/3548 3551/4285/3552
f 3239/3905/3240 3240/3904/3239 3242/3908/3243 3389/4080/3389
f 3242/3908/3243 3243/3907/3242 3245/3911/3246 3385/4076/3385
f 3245/3911/3246 3246/3910/3245 3248/3914/3249 3381/4072/3381
f 3248/3914/3249 3249/3913/3248 3251/3917/3252 3377/4068/3377
f 3251/3917/3252 3252/3916/3251 3254/3920/3255 3373/4061/3373
f 3254/3920/3255 3255/3919/3254 3257/3923/3258 3369/4062/3369
f 3257/4057/3258 3258/3927/3257 3260/3926/3261 3365/4052/3365
f 3260/3926/3261 3261/3925/3260 3263/3932/3264 3361/4048/3361
f 3263/3932/3264 3264/3931/3263 3266/3935/3267 3357/4044/3357
f 3266/3935/3267 3267/3934/3266 3269/3938/3270 3353/4040/3353
f 3269/3938/3270 3270/3937/3269 3272/3941/3273 3349/4036/3349
f 3272/3941/3273 3273/3940/3272 3275/3944/3276 3345/4029/3345
f 3275/3944/3276 3276/3943/3275 3278/3947/3279 3341/4030/3341
f 3278/4025/3279 3279/3951/3278 3281/3950/3282 3337/4020/3337
f 3281/3950/3282 3282/3949/3281 3284/3956/3285 3333/4016/3333
f 3293/3963/3292 3294/3966/3295 3297/3969/3298 3320/3996/3320
f 3297/3969/3298 3298/3968/3297 3300/3972/3301 3316/3997/3316
f 3300/3992/3301 3301/6095/3300 3311/3987/3312 3312/3986/3311
f 2571/6096/2571 2542/3979/765 3307/3978/3307 3311/3987/3312
f 3301/6097/3300 747/3113/755 2571/3112/2571 3311/6098/3312
f 2650/3186/2643 2645/3182/2639 3222/3881/3222 3224/6099/3225
f 2641/3173/2630 2644/3179/2636 2947/3549/2947 3199/3848/3199
f 2675/3217/2674 2676/3216/2673 3125/3761/3125 3127/3764/3128
f 2676/3216/2673 2677/3215/2672 3120/3757/3121 3122/3759/3123
f 2677/3215/2672 2684/6100/2682 3118/3751/3119 3120/3757/3121
f 2684/3229/2682 3115/3748/3116 3116/3747/3115 3118/6101/3119
f 2644/3179/2636 2642/3178/2635 2944/3547/2945 2945/3546/2944
f 2923/3522/2923 2617/3145/2602 2618/3150/2607 2928/3526/2927
f 2620/3151/2608 2615/3147/2604 2915/3515/2916 2916/3514/2915
f 2814/3754/2815 2815/3397/2814 2817/3410/2818 2821/3755/2822
